// Generated by tools/make_badge_assets.py -- do not edit by hand.
// Dedication-page background: seamless navy pattern cropped 1:1 to the panel, then Gaussian-blurred (radius 2px) to push the line work behind the dedication text.
// Source size: 240x320 RGB565 (little-endian uint16_t).

#include "lvgl.h"

#ifndef LV_ATTRIBUTE_MEM_ALIGN
#define LV_ATTRIBUTE_MEM_ALIGN
#endif

static const LV_ATTRIBUTE_MEM_ALIGN uint16_t bg_page3_map[] = {
    0x0969, 0x0969, 0x0989, 0x09AA, 0x11CB, 0x120C, 0x1A0C, 0x1A0C, 0x11EC, 0x11AB, 0x098A, 0x0969,
    0x0949, 0x0148, 0x0148, 0x0148, 0x0148, 0x0148, 0x0949, 0x0969, 0x098A, 0x11CB, 0x11EC, 0x1A0C,
    0x1A0C, 0x11EB, 0x11AA, 0x0969, 0x0148, 0x0128, 0x0107, 0x0107, 0x0107, 0x0107, 0x0107, 0x0107,
    0x0107, 0x0107, 0x0127, 0x0127, 0x0128, 0x0969, 0x09AA, 0x11EB, 0x1A0C, 0x1A0C, 0x11EB, 0x11AA,
    0x0969, 0x0148, 0x0127, 0x0107, 0x0107, 0x0107, 0x0107, 0x0107, 0x0107, 0x0107, 0x0107, 0x0107,
    0x0107, 0x0107, 0x0107, 0x0107, 0x0107, 0x0107, 0x0107, 0x0107, 0x0107, 0x0107, 0x0107, 0x0107,
    0x0107, 0x0107, 0x0107, 0x0107, 0x0107, 0x0107, 0x0107, 0x0107, 0x0107, 0x0107, 0x0107, 0x0107,
    0x0107, 0x0127, 0x0128, 0x0969, 0x11AA, 0x11CB, 0x19EC, 0x19EC, 0x11CB, 0x098A, 0x0949, 0x0128,
    0x0107, 0x0107, 0x0107, 0x0107, 0x0106, 0x0106, 0x0106, 0x0106, 0x0106, 0x0107, 0x0107, 0x0127,
    0x0948, 0x118A, 0x11CB, 0x19EC, 0x1A0C, 0x11EB, 0x11AA, 0x0969, 0x0148, 0x0127, 0x0127, 0x0107,
    0x0107, 0x0107, 0x0107, 0x0107, 0x0107, 0x0107, 0x0107, 0x0127, 0x0148, 0x0969, 0x11AA, 0x120C,
    0x1A2D, 0x1A2D, 0x1A0C, 0x11EB, 0x09AA, 0x0989, 0x0969, 0x0969, 0x0968, 0x0948, 0x0948, 0x0949,
    0x0949, 0x0948, 0x0949, 0x0949, 0x0169, 0x0169, 0x0169, 0x0169, 0x0169, 0x0169, 0x0169, 0x0169,
    0x0169, 0x0969, 0x0169, 0x0169, 0x0169, 0x0169, 0x0169, 0x0169, 0x0169, 0x0169, 0x0169, 0x0149,
    0x0149, 0x0969, 0x0969, 0x09AA, 0x11CB, 0x1A0C, 0x1A0D, 0x1A0D, 0x11EC, 0x11AB, 0x098A, 0x0969,
    0x0949, 0x0149, 0x0148, 0x0148, 0x0148, 0x0149, 0x0169, 0x0969, 0x098A, 0x11CB, 0x120C, 0x1A2D,
    0x1A2D, 0x11EC, 0x11AB, 0x0969, 0x0148, 0x0128, 0x0107, 0x0127, 0x0127, 0x0127, 0x0107, 0x0107,
    0x0107, 0x0127, 0x0127, 0x0128, 0x0148, 0x0969, 0x09AA, 0x11EB, 0x1A0C, 0x1A0C, 0x11EB, 0x11AA,
    0x0969, 0x0148, 0x0127, 0x0107, 0x0107, 0x0107, 0x0107, 0x0107, 0x0107, 0x0107, 0x0107, 0x0107,
    0x0107, 0x0107, 0x0107, 0x0107, 0x0107, 0x0107, 0x0107, 0x0107, 0x0107, 0x0107, 0x0107, 0x0107,
    0x098A, 0x098A, 0x09AA, 0x11CB, 0x11EC, 0x1A0C, 0x1A2D, 0x1A0D, 0x1A0C, 0x11CB, 0x11AA, 0x098A,
    0x0989, 0x0969, 0x0969, 0x0969, 0x0969, 0x0969, 0x0989, 0x098A, 0x11AB, 0x11EB, 0x1A0C, 0x1A2D,
    0x1A2D, 0x120C, 0x11CA, 0x0989, 0x0148, 0x0128, 0x0127, 0x0107, 0x0107, 0x0107, 0x0107, 0x0107,
    0x0107, 0x0107, 0x0107, 0x0127, 0x0128, 0x0948, 0x0989, 0x11CB, 0x19EC, 0x1A0C, 0x11EB, 0x11AA,
    0x0989, 0x0148, 0x0128, 0x0107, 0x0107, 0x0107, 0x0107, 0x0107, 0x0107, 0x0107, 0x0107, 0x0107,
    0x0107, 0x0107, 0x0107, 0x0107, 0x0107, 0x0107, 0x0107, 0x0107, 0x0107, 0x0107, 0x0107, 0x0107,
    0x0107, 0x0107, 0x0107, 0x0107, 0x0107, 0x0107, 0x0107, 0x0107, 0x0107, 0x0107, 0x0107, 0x0107,
    0x0107, 0x0128, 0x0148, 0x0969, 0x11AA, 0x11EB, 0x19EC, 0x11EC, 0x11CB, 0x098A, 0x0948, 0x0127,
    0x0107, 0x0107, 0x0107, 0x0106, 0x0106, 0x0106, 0x0106, 0x0106, 0x0106, 0x0107, 0x0127, 0x0148,
    0x0969, 0x11AA, 0x11EB, 0x1A0C, 0x1A0C, 0x11CB, 0x098A, 0x0969, 0x0128, 0x0127, 0x0107, 0x0107,
    0x0107, 0x0107, 0x0107, 0x0107, 0x0107, 0x0107, 0x0107, 0x0127, 0x0148, 0x0989, 0x11CB, 0x1A0C,
    0x1A4D, 0x1A4D, 0x1A2D, 0x120C, 0x11CB, 0x09AA, 0x09AA, 0x098A, 0x0989, 0x0989, 0x0989, 0x098A,
    0x098A, 0x0989, 0x0989, 0x0989, 0x0989, 0x0989, 0x0989, 0x0989, 0x0989, 0x098A, 0x098A, 0x098A,
    0x098A, 0x098A, 0x098A, 0x098A, 0x098A, 0x098A, 0x098A, 0x098A, 0x098A, 0x098A, 0x098A, 0x098A,
    0x098A, 0x098A, 0x09AA, 0x11CB, 0x11EC, 0x1A0D, 0x1A2D, 0x1A2D, 0x1A0C, 0x11CB, 0x11AA, 0x098A,
    0x0989, 0x0989, 0x0989, 0x0989, 0x0989, 0x0989, 0x098A, 0x098A, 0x11AA, 0x11EB, 0x1A0C, 0x1A2D,
    0x1A2D, 0x1A0C, 0x11CB, 0x0989, 0x0148, 0x0128, 0x0127, 0x0127, 0x0127, 0x0127, 0x0127, 0x0107,
    0x0107, 0x0127, 0x0127, 0x0127, 0x0128, 0x0168, 0x098A, 0x11CB, 0x11EC, 0x1A0C, 0x11EB, 0x11CA,
    0x0989, 0x0148, 0x0127, 0x0107, 0x0107, 0x0107, 0x0107, 0x0107, 0x0107, 0x0107, 0x0107, 0x0107,
    0x0107, 0x0107, 0x0107, 0x0107, 0x0107, 0x0107, 0x0107, 0x0107, 0x0107, 0x0107, 0x0107, 0x0107,
    0x11CB, 0x11CB, 0x11CB, 0x11EB, 0x1A0C, 0x1A2D, 0x1A2D, 0x1A2D, 0x1A0C, 0x11EC, 0x11CB, 0x11CB,
    0x11AA, 0x11AA, 0x11AA, 0x11AA, 0x11AA, 0x11AA, 0x11AA, 0x11CB, 0x11EB, 0x120C, 0x1A2D, 0x1A2D,
    0x1A2D, 0x1A0C, 0x11CB, 0x098A, 0x0148, 0x0128, 0x0128, 0x0127, 0x0127, 0x0107, 0x0107, 0x0107,
    0x0107, 0x0107, 0x0107, 0x0107, 0x0127, 0x0148, 0x0969, 0x11AA, 0x11EB, 0x1A0C, 0x19EB, 0x11CB,
    0x098A, 0x0969, 0x0128, 0x0127, 0x0107, 0x0107, 0x0107, 0x0107, 0x0107, 0x0107, 0x0107, 0x0107,
    0x0107, 0x0107, 0x0107, 0x0107, 0x0107, 0x0107, 0x0107, 0x0107, 0x0107, 0x0107, 0x0107, 0x0107,
    0x0107, 0x0107, 0x0107, 0x0107, 0x0107, 0x0107, 0x0107, 0x0107, 0x0107, 0x0107, 0x0107, 0x0107,
    0x0127, 0x0128, 0x0969, 0x098A, 0x11CB, 0x11EC, 0x19EC, 0x11CB, 0x11AA, 0x0969, 0x0148, 0x0127,
    0x0107, 0x0107, 0x0107, 0x0106, 0x0106, 0x0106, 0x0106, 0x0106, 0x0106, 0x0107, 0x0127, 0x0948,
    0x0989, 0x11CA, 0x19EB, 0x1A0C, 0x19EC, 0x11CB, 0x0989, 0x0948, 0x0127, 0x0107, 0x0107, 0x0107,
    0x0107, 0x0107, 0x0107, 0x0107, 0x0107, 0x0107, 0x0127, 0x0148, 0x0969, 0x09AA, 0x11EB, 0x1A2D,
    0x226E, 0x226E, 0x1A4D, 0x1A2D, 0x11EC, 0x11EB, 0x11CB, 0x11CB, 0x11CB, 0x11CB, 0x11CB, 0x11CB,
    0x11CB, 0x11CB, 0x11CB, 0x11CB, 0x11CB, 0x11CB, 0x11CB, 0x11CB, 0x11CB, 0x11CB, 0x11CB, 0x11CB,
    0x11CB, 0x11CB, 0x11CB, 0x11CB, 0x11CB, 0x11CB, 0x11CB, 0x11CB, 0x11CB, 0x11CB, 0x11CB, 0x11AB,
    0x11CB, 0x11CB, 0x11CB, 0x11EC, 0x1A0C, 0x1A2D, 0x1A4D, 0x1A2D, 0x1A0D, 0x11EC, 0x11CB, 0x11CB,
    0x11AA, 0x11AA, 0x11AA, 0x11AA, 0x11AA, 0x11AA, 0x11CA, 0x11CB, 0x11EB, 0x120C, 0x1A2D, 0x1A4D,
    0x1A2D, 0x1A0C, 0x11CB, 0x098A, 0x0148, 0x0128, 0x0127, 0x0127, 0x0127, 0x0127, 0x0127, 0x0107,
    0x0107, 0x0127, 0x0127, 0x0127, 0x0128, 0x0148, 0x0969, 0x11AA, 0x11EB, 0x1A0C, 0x1A0B, 0x11CB,
    0x09AA, 0x0969, 0x0148, 0x0127, 0x0107, 0x0107, 0x0107, 0x0107, 0x0107, 0x0107, 0x0107, 0x0107,
    0x0107, 0x0107, 0x0107, 0x0107, 0x0107, 0x0107, 0x0107, 0x0107, 0x0107, 0x0107, 0x0107, 0x0107,
    0x11EB, 0x11EB, 0x11EC, 0x1A0C, 0x1A0C, 0x1A2D, 0x1A2D, 0x1A2D, 0x1A0C, 0x19EC, 0x11EB, 0x11EB,
    0x11CB, 0x11CB, 0x11CB, 0x11CB, 0x11CB, 0x11CB, 0x11EB, 0x11EB, 0x11EC, 0x1A0C, 0x1A2D, 0x1A2D,
    0x1A2D, 0x1A0C, 0x11CB, 0x098A, 0x0149, 0x0128, 0x0128, 0x0127, 0x0127, 0x0107, 0x0107, 0x0107,
    0x0107, 0x0107, 0x0107, 0x0107, 0x0127, 0x0128, 0x0969, 0x098A, 0x11CB, 0x11EB, 0x19EC, 0x11EB,
    0x11AA, 0x0989, 0x0948, 0x0128, 0x0127, 0x0107, 0x0107, 0x0107, 0x0107, 0x0107, 0x0107, 0x0107,
    0x0107, 0x0107, 0x0107, 0x0107, 0x0107, 0x0107, 0x0107, 0x0107, 0x0107, 0x0107, 0x0107, 0x0107,
    0x0107, 0x0107, 0x0107, 0x0107, 0x0107, 0x0107, 0x0107, 0x0107, 0x0107, 0x0107, 0x0107, 0x0107,
    0x0128, 0x0148, 0x0989, 0x11AA, 0x11EB, 0x19EC, 0x11EB, 0x11CB, 0x098A, 0x0948, 0x0128, 0x0107,
    0x0107, 0x0107, 0x0107, 0x0106, 0x0106, 0x0106, 0x0106, 0x0106, 0x0106, 0x0107, 0x0127, 0x0968,
    0x11AA, 0x11EB, 0x1A0C, 0x1A0C, 0x19EC, 0x11CA, 0x0989, 0x0148, 0x0127, 0x0107, 0x0107, 0x0107,
    0x0107, 0x0107, 0x0107, 0x0107, 0x0107, 0x0107, 0x0127, 0x0148, 0x0989, 0x11CB, 0x1A0C, 0x1A4E,
    0x226E, 0x226E, 0x1A6E, 0x1A4D, 0x1A2C, 0x120C, 0x120C, 0x120C, 0x120C, 0x11EC, 0x11EC, 0x11EC,
    0x11EC, 0x11EC, 0x11EB, 0x11EB, 0x11EB, 0x120B, 0x11EB, 0x11EB, 0x11EB, 0x11EB, 0x11EB, 0x11EC,
    0x11EC, 0x11EC, 0x11EC, 0x11EC, 0x11EC, 0x11EC, 0x11EC, 0x11EC, 0x11EC, 0x11EB, 0x11EB, 0x11EB,
    0x11EB, 0x11EB, 0x11EC, 0x1A0C, 0x1A2D, 0x1A2D, 0x1A2D, 0x1A2D, 0x1A0D, 0x1A0C, 0x11EC, 0x11EB,
    0x11EB, 0x11EB, 0x11EB, 0x11EB, 0x11EB, 0x11EB, 0x11EB, 0x11EB, 0x120C, 0x1A0C, 0x1A2D, 0x1A2D,
    0x1A2D, 0x1A0C, 0x11CB, 0x098A, 0x0969, 0x0148, 0x0127, 0x0127, 0x0127, 0x0127, 0x0127, 0x0107,
    0x0107, 0x0107, 0x0107, 0x0107, 0x0127, 0x0148, 0x0969, 0x0989, 0x11CB, 0x11EB, 0x1A0C, 0x11EB,
    0x11CA, 0x0989, 0x0948, 0x0127, 0x0127, 0x0107, 0x0107, 0x0107, 0x0107, 0x0107, 0x0107, 0x0107,
    0x0107, 0x0107, 0x0107, 0x0107, 0x0107, 0x0107, 0x0107, 0x0107, 0x0107, 0x0107, 0x0107, 0x0107,
    0x11EB, 0x11EB, 0x11EB, 0x11EC, 0x1A0C, 0x1A0C, 0x1A0C, 0x1A0C, 0x19EC, 0x11EC, 0x11EB, 0x11EB,
    0x11CB, 0x11CB, 0x11CB, 0x11CB, 0x11EB, 0x11EB, 0x11EB, 0x11EB, 0x11EC, 0x120C, 0x1A0C, 0x1A0C,
    0x1A0C, 0x11EB, 0x11AA, 0x0989, 0x0148, 0x0128, 0x0127, 0x0127, 0x0107, 0x0107, 0x0107, 0x0107,
    0x0107, 0x0107, 0x0107, 0x0107, 0x0107, 0x0127, 0x0148, 0x0969, 0x11AA, 0x11CB, 0x19EB, 0x11EB,
    0x11CB, 0x09AA, 0x0969, 0x0148, 0x0127, 0x0107, 0x0107, 0x0107, 0x0107, 0x0107, 0x0107, 0x0107,
    0x0107, 0x0107, 0x0107, 0x0107, 0x0107, 0x0107, 0x0107, 0x0107, 0x0107, 0x0107, 0x0107, 0x0107,
    0x0107, 0x0107, 0x0107, 0x0107, 0x0107, 0x0107, 0x0107, 0x0107, 0x0107, 0x0107, 0x0107, 0x0127,
    0x0148, 0x0969, 0x09AA, 0x11CB, 0x11EC, 0x19EC, 0x11CB, 0x09AA, 0x0969, 0x0148, 0x0127, 0x0107,
    0x0107, 0x0107, 0x0107, 0x0106, 0x0106, 0x0106, 0x0106, 0x0106, 0x0107, 0x0127, 0x0948, 0x0989,
    0x11CA, 0x1A0C, 0x1A2C, 0x1A2C, 0x19EC, 0x11AA, 0x0969, 0x0148, 0x0127, 0x0107, 0x0107, 0x0107,
    0x0107, 0x0107, 0x0107, 0x0107, 0x0107, 0x0127, 0x0148, 0x0969, 0x11AA, 0x11EC, 0x1A2D, 0x226E,
    0x228F, 0x228E, 0x226E, 0x1A4D, 0x1A2C, 0x1A0C, 0x120C, 0x120C, 0x1A0C, 0x120C, 0x1A0C, 0x1A0C,
    0x120C, 0x120C, 0x120C, 0x11EC, 0x11EB, 0x120B, 0x11EB, 0x11EB, 0x11EB, 0x11EB, 0x11EB, 0x11EC,
    0x11EC, 0x11EC, 0x11EC, 0x11EC, 0x11EC, 0x11EC, 0x11EC, 0x11EC, 0x11EC, 0x11EB, 0x11EB, 0x11EB,
    0x11EB, 0x11EB, 0x11EC, 0x19EC, 0x1A0C, 0x1A0C, 0x1A0C, 0x1A0C, 0x1A0C, 0x11EC, 0x11EB, 0x11EB,
    0x11EB, 0x11EB, 0x11EB, 0x11EB, 0x11EB, 0x11EB, 0x11EB, 0x11EB, 0x11EC, 0x120C, 0x1A0C, 0x1A0C,
    0x1A0C, 0x11EB, 0x11CA, 0x0989, 0x0168, 0x0128, 0x0127, 0x0127, 0x0127, 0x0127, 0x0127, 0x0107,
    0x0107, 0x0107, 0x0107, 0x0107, 0x0127, 0x0127, 0x0148, 0x0969, 0x09AA, 0x11CB, 0x19EB, 0x19EC,
    0x11CB, 0x11AA, 0x0969, 0x0148, 0x0127, 0x0107, 0x0107, 0x0107, 0x0107, 0x0107, 0x0107, 0x0107,
    0x0107, 0x0107, 0x0107, 0x0107, 0x0107, 0x0107, 0x0107, 0x0107, 0x0107, 0x0107, 0x0107, 0x0107,
    0x11AA, 0x11AA, 0x11CA, 0x11CB, 0x11CB, 0x11CB, 0x11CB, 0x11CB, 0x11CB, 0x11CB, 0x11AA, 0x11AA,
    0x11AA, 0x11AA, 0x11AA, 0x11AA, 0x11CB, 0x11CB, 0x11CB, 0x11CB, 0x11CB, 0x11CB, 0x11EB, 0x11CB,
    0x11CB, 0x11AA, 0x098A, 0x0969, 0x0148, 0x0128, 0x0127, 0x0107, 0x0107, 0x0107, 0x0107, 0x0107,
    0x0107, 0x0107, 0x0107, 0x0107, 0x0107, 0x0127, 0x0128, 0x0948, 0x0989, 0x11CA, 0x11EB, 0x19EC,
    0x11EB, 0x11CA, 0x0989, 0x0948, 0x0128, 0x0127, 0x0107, 0x0107, 0x0107, 0x0107, 0x0107, 0x0107,
    0x0107, 0x0107, 0x0107, 0x0107, 0x0107, 0x0107, 0x0107, 0x0107, 0x0107, 0x0107, 0x0107, 0x0107,
    0x0107, 0x0107, 0x0107, 0x0107, 0x0107, 0x0107, 0x0107, 0x0107, 0x0107, 0x0107, 0x0127, 0x0128,
    0x0948, 0x0989, 0x11CA, 0x11EB, 0x19EC, 0x11EB, 0x11AA, 0x0989, 0x0948, 0x0128, 0x0107, 0x0107,
    0x0107, 0x0107, 0x0107, 0x0106, 0x0106, 0x0106, 0x0106, 0x0106, 0x0127, 0x0128, 0x0969, 0x11AA,
    0x19EB, 0x1A0C, 0x1A2D, 0x1A2C, 0x19EC, 0x11CA, 0x0989, 0x0148, 0x0127, 0x0107, 0x0107, 0x0107,
    0x0107, 0x0107, 0x0107, 0x0107, 0x0127, 0x0128, 0x0948, 0x0989, 0x11CB, 0x1A0C, 0x1A4D, 0x226E,
    0x228F, 0x226E, 0x1A4E, 0x1A2D, 0x120C, 0x11EB, 0x11EB, 0x11EB, 0x11CB, 0x11CB, 0x11CB, 0x11CB,
    0x11CB, 0x11CB, 0x11CB, 0x11CB, 0x11CB, 0x11CB, 0x11CB, 0x11CB, 0x11CB, 0x11CB, 0x11CB, 0x11CB,
    0x11CB, 0x11CB, 0x11CB, 0x11CB, 0x11CB, 0x11CB, 0x11CB, 0x11CB, 0x11CB, 0x11CB, 0x11CB, 0x11CB,
    0x11CB, 0x11CB, 0x11CB, 0x11CB, 0x11CB, 0x11CB, 0x11CB, 0x11CB, 0x11CB, 0x11CB, 0x11CB, 0x11CB,
    0x11CB, 0x11CB, 0x11CB, 0x11CB, 0x11CA, 0x11CA, 0x11CB, 0x11CB, 0x11CB, 0x11CB, 0x11EB, 0x11EB,
    0x11CB, 0x11CA, 0x098A, 0x0969, 0x0148, 0x0128, 0x0127, 0x0127, 0x0127, 0x0107, 0x0107, 0x0107,
    0x0107, 0x0107, 0x0107, 0x0107, 0x0107, 0x0127, 0x0128, 0x0148, 0x0989, 0x11AA, 0x11EB, 0x19EC,
    0x11EB, 0x11CB, 0x098A, 0x0968, 0x0128, 0x0127, 0x0107, 0x0107, 0x0107, 0x0107, 0x0107, 0x0107,
    0x0107, 0x0107, 0x0107, 0x0107, 0x0107, 0x0107, 0x0107, 0x0107, 0x0107, 0x0107, 0x0107, 0x0107,
    0x0989, 0x0989, 0x0989, 0x0989, 0x0989, 0x0989, 0x0989, 0x0989, 0x0989, 0x0989, 0x0989, 0x0989,
    0x0989, 0x0989, 0x0989, 0x0989, 0x0989, 0x098A, 0x098A, 0x098A, 0x098A, 0x098A, 0x098A, 0x098A,
    0x0989, 0x0969, 0x0969, 0x0148, 0x0128, 0x0127, 0x0107, 0x0107, 0x0107, 0x0107, 0x0107, 0x0107,
    0x0107, 0x0107, 0x0107, 0x0107, 0x0107, 0x0107, 0x0127, 0x0148, 0x0969, 0x09AA, 0x11CB, 0x11EB,
    0x19EC, 0x11CB, 0x11AA, 0x0969, 0x0148, 0x0127, 0x0107, 0x0107, 0x0107, 0x0107, 0x0107, 0x0107,
    0x0107, 0x0107, 0x0107, 0x0107, 0x0107, 0x0107, 0x0107, 0x0107, 0x0107, 0x0107, 0x0107, 0x0107,
    0x0107, 0x0107, 0x0107, 0x0107, 0x0107, 0x0107, 0x0107, 0x0107, 0x0107, 0x0107, 0x0127, 0x0148,
    0x0969, 0x11AA, 0x11CB, 0x19EC, 0x11EC, 0x11CB, 0x098A, 0x0969, 0x0128, 0x0127, 0x0107, 0x0107,
    0x0107, 0x0107, 0x0107, 0x0106, 0x0106, 0x0106, 0x0106, 0x0107, 0x0127, 0x0948, 0x0989, 0x11CA,
    0x1A0C, 0x1A2C, 0x1A2D, 0x1A2C, 0x19EC, 0x11CB, 0x0989, 0x0948, 0x0127, 0x0107, 0x0107, 0x0107,
    0x0107, 0x0107, 0x0107, 0x0107, 0x0127, 0x0148, 0x0969, 0x11AA, 0x11EB, 0x1A2D, 0x1A4D, 0x226E,
    0x226E, 0x1A4E, 0x1A2D, 0x120C, 0x11EB, 0x11CA, 0x09AA, 0x09AA, 0x09AA, 0x09AA, 0x09AA, 0x098A,
    0x098A, 0x098A, 0x098A, 0x098A, 0x098A, 0x098A, 0x098A, 0x098A, 0x098A, 0x098A, 0x098A, 0x098A,
    0x098A, 0x098A, 0x098A, 0x098A, 0x098A, 0x098A, 0x0989, 0x098A, 0x098A, 0x0989, 0x0989, 0x0989,
    0x0989, 0x0989, 0x0989, 0x0989, 0x098A, 0x098A, 0x098A, 0x098A, 0x098A, 0x0989, 0x0989, 0x0989,
    0x0989, 0x0989, 0x0989, 0x0989, 0x0989, 0x0989, 0x0989, 0x0989, 0x098A, 0x098A, 0x098A, 0x098A,
    0x098A, 0x0989, 0x0969, 0x0148, 0x0148, 0x0127, 0x0127, 0x0107, 0x0107, 0x0107, 0x0107, 0x0107,
    0x0107, 0x0107, 0x0107, 0x0107, 0x0107, 0x0127, 0x0127, 0x0148, 0x0969, 0x098A, 0x11CB, 0x11EB,
    0x1A0C, 0x11EB, 0x11AA, 0x0989, 0x0148, 0x0127, 0x0127, 0x0107, 0x0107, 0x0107, 0x0107, 0x0107,
    0x0107, 0x0107, 0x0107, 0x0107, 0x0107, 0x0107, 0x0107, 0x0107, 0x0107, 0x0107, 0x0107, 0x0107,
    0x0948, 0x0148, 0x0148, 0x0948, 0x0948, 0x0148, 0x0148, 0x0948, 0x0948, 0x0948, 0x0948, 0x0948,
    0x0948, 0x0948, 0x0948, 0x0948, 0x0948, 0x0148, 0x0148, 0x0148, 0x0148, 0x0168, 0x0968, 0x0148,
    0x0148, 0x0148, 0x0128, 0x0128, 0x0127, 0x0107, 0x0107, 0x0107, 0x0107, 0x0107, 0x0107, 0x0107,
    0x0107, 0x0107, 0x0107, 0x0107, 0x0107, 0x0107, 0x0107, 0x0128, 0x0148, 0x0989, 0x11AA, 0x11EB,
    0x19EC, 0x11EB, 0x11CB, 0x098A, 0x0969, 0x0128, 0x0127, 0x0107, 0x0107, 0x0107, 0x0107, 0x0107,
    0x0107, 0x0107, 0x0107, 0x0107, 0x0107, 0x0107, 0x0107, 0x0107, 0x0107, 0x0107, 0x0107, 0x0107,
    0x0107, 0x0107, 0x0107, 0x0107, 0x0107, 0x0107, 0x0107, 0x0107, 0x0107, 0x0127, 0x0128, 0x0969,
    0x098A, 0x11CB, 0x11EB, 0x19EC, 0x11EB, 0x11AA, 0x0969, 0x0148, 0x0128, 0x0107, 0x0107, 0x0107,
    0x0107, 0x0107, 0x0107, 0x0106, 0x0106, 0x0107, 0x0107, 0x0127, 0x0948, 0x0969, 0x11AA, 0x11CB,
    0x1A0C, 0x1A0C, 0x1A0C, 0x1A0C, 0x19EC, 0x11CB, 0x11AA, 0x0969, 0x0148, 0x0127, 0x0107, 0x0107,
    0x0107, 0x0107, 0x0107, 0x0127, 0x0128, 0x0968, 0x0989, 0x11CB, 0x1A0C, 0x1A2C, 0x1A2D, 0x1A4D,
    0x1A4D, 0x1A2D, 0x1A0C, 0x11EB, 0x11CB, 0x098A, 0x0969, 0x0969, 0x0968, 0x0968, 0x0968, 0x0969,
    0x0968, 0x0948, 0x0948, 0x0948, 0x0948, 0x0948, 0x0948, 0x0948, 0x0948, 0x0948, 0x0948, 0x0948,
    0x0948, 0x0948, 0x0948, 0x0948, 0x0148, 0x0148, 0x0948, 0x0948, 0x0948, 0x0948, 0x0148, 0x0148,
    0x0148, 0x0148, 0x0948, 0x0148, 0x0148, 0x0148, 0x0948, 0x0948, 0x0948, 0x0948, 0x0948, 0x0948,
    0x0948, 0x0948, 0x0948, 0x0948, 0x0948, 0x0948, 0x0148, 0x0148, 0x0148, 0x0168, 0x0169, 0x0169,
    0x0148, 0x0148, 0x0148, 0x0128, 0x0127, 0x0127, 0x0107, 0x0107, 0x0107, 0x0107, 0x0107, 0x0107,
    0x0107, 0x0107, 0x0107, 0x0107, 0x0107, 0x0107, 0x0127, 0x0127, 0x0148, 0x0969, 0x11AA, 0x11EB,
    0x1A0C, 0x11EC, 0x11CB, 0x09AA, 0x0969, 0x0148, 0x0127, 0x0107, 0x0107, 0x0107, 0x0107, 0x0107,
    0x0107, 0x0107, 0x0107, 0x0107, 0x0107, 0x0107, 0x0107, 0x0107, 0x0107, 0x0107, 0x0107, 0x0107,
    0x0127, 0x0127, 0x0127, 0x0127, 0x0127, 0x0127, 0x0127, 0x0127, 0x0127, 0x0127, 0x0127, 0x0127,
    0x0127, 0x0127, 0x0128, 0x0128, 0x0128, 0x0128, 0x0128, 0x0128, 0x0128, 0x0128, 0x0128, 0x0128,
    0x0128, 0x0128, 0x0127, 0x0127, 0x0107, 0x0107, 0x0107, 0x0107, 0x0107, 0x0107, 0x0107, 0x0107,
    0x0107, 0x0107, 0x0107, 0x0107, 0x0107, 0x0107, 0x0107, 0x0127, 0x0128, 0x0969, 0x098A, 0x11CB,
    0x11EB, 0x1A0C, 0x11EB, 0x11AA, 0x0989, 0x0148, 0x0128, 0x0107, 0x0107, 0x0107, 0x0107, 0x0107,
    0x0107, 0x0107, 0x0107, 0x0107, 0x0107, 0x0107, 0x0107, 0x0107, 0x0107, 0x0107, 0x0107, 0x0107,
    0x0107, 0x0107, 0x0107, 0x0107, 0x0107, 0x0107, 0x0107, 0x0107, 0x0107, 0x0128, 0x0148, 0x0969,
    0x11AA, 0x11EB, 0x19EC, 0x11EB, 0x11CB, 0x098A, 0x0949, 0x0128, 0x0127, 0x0107, 0x0107, 0x0107,
    0x0107, 0x0107, 0x0107, 0x0107, 0x0107, 0x0107, 0x0107, 0x0128, 0x0968, 0x118A, 0x11CB, 0x19EB,
    0x19EC, 0x19EC, 0x19EC, 0x19EC, 0x19EB, 0x11CB, 0x11AA, 0x0989, 0x0948, 0x0127, 0x0107, 0x0107,
    0x0107, 0x0107, 0x0107, 0x0127, 0x0148, 0x0989, 0x11AA, 0x11EB, 0x1A0C, 0x1A0C, 0x1A0C, 0x1A0C,
    0x1A0C, 0x1A0C, 0x1A0C, 0x11EB, 0x11AA, 0x0989, 0x0968, 0x0148, 0x0128, 0x0128, 0x0128, 0x0128,
    0x0128, 0x0128, 0x0128, 0x0128, 0x0128, 0x0128, 0x0128, 0x0127, 0x0127, 0x0127, 0x0127, 0x0127,
    0x0127, 0x0127, 0x0127, 0x0127, 0x0127, 0x0127, 0x0127, 0x0127, 0x0127, 0x0127, 0x0127, 0x0127,
    0x0127, 0x0127, 0x0127, 0x0127, 0x0127, 0x0127, 0x0127, 0x0127, 0x0127, 0x0127, 0x0127, 0x0127,
    0x0127, 0x0127, 0x0127, 0x0127, 0x0127, 0x0127, 0x0127, 0x0127, 0x0127, 0x0128, 0x0128, 0x0128,
    0x0128, 0x0128, 0x0127, 0x0127, 0x0127, 0x0107, 0x0107, 0x0107, 0x0107, 0x0107, 0x0107, 0x0107,
    0x0107, 0x0107, 0x0107, 0x0107, 0x0107, 0x0107, 0x0107, 0x0127, 0x0128, 0x0968, 0x0989, 0x11CA,
    0x11EB, 0x1A0C, 0x11EB, 0x11CA, 0x0989, 0x0948, 0x0128, 0x0127, 0x0107, 0x0107, 0x0107, 0x0107,
    0x0107, 0x0107, 0x0107, 0x0107, 0x0107, 0x0107, 0x0107, 0x0107, 0x0107, 0x0107, 0x0107, 0x0107,
    0x0107, 0x0107, 0x0107, 0x0127, 0x0107, 0x0107, 0x0107, 0x0107, 0x0107, 0x0107, 0x0107, 0x0107,
    0x0107, 0x0107, 0x0107, 0x0107, 0x0107, 0x0107, 0x0107, 0x0107, 0x0107, 0x0127, 0x0127, 0x0107,
    0x0107, 0x0107, 0x0107, 0x0107, 0x0107, 0x0107, 0x0107, 0x0107, 0x0107, 0x0107, 0x0107, 0x0107,
    0x0107, 0x0107, 0x0107, 0x0107, 0x0107, 0x0107, 0x0107, 0x0107, 0x0127, 0x0148, 0x0969, 0x11AA,
    0x11EB, 0x1A0C, 0x19EC, 0x11CB, 0x09AA, 0x0969, 0x0148, 0x0127, 0x0107, 0x0107, 0x0107, 0x0107,
    0x0107, 0x0107, 0x0107, 0x0107, 0x0107, 0x0107, 0x0107, 0x0107, 0x0107, 0x0107, 0x0107, 0x0107,
    0x0107, 0x0107, 0x0107, 0x0107, 0x0107, 0x0107, 0x0107, 0x0107, 0x0127, 0x0148, 0x0969, 0x098A,
    0x11CB, 0x11EC, 0x19EC, 0x11CB, 0x11AA, 0x0969, 0x0148, 0x0127, 0x0107, 0x0107, 0x0107, 0x0107,
    0x0107, 0x0107, 0x0107, 0x0107, 0x0107, 0x0107, 0x0127, 0x0948, 0x0989, 0x11AA, 0x11EB, 0x19EB,
    0x11EB, 0x11CB, 0x11CB, 0x11CB, 0x11CB, 0x11CB, 0x11CA, 0x11AA, 0x0969, 0x0148, 0x0127, 0x0107,
    0x0107, 0x0107, 0x0127, 0x0148, 0x0969, 0x09AA, 0x11CB, 0x19EB, 0x1A0C, 0x19EB, 0x11EB, 0x11CB,
    0x11CB, 0x11EC, 0x11EC, 0x11EB, 0x11AA, 0x0989, 0x0948, 0x0128, 0x0127, 0x0127, 0x0107, 0x0127,
    0x0107, 0x0107, 0x0107, 0x0107, 0x0107, 0x0107, 0x0107, 0x0107, 0x0107, 0x0107, 0x0107, 0x0107,
    0x0107, 0x0107, 0x0107, 0x0107, 0x0107, 0x0107, 0x0107, 0x0107, 0x0107, 0x0107, 0x0107, 0x0107,
    0x0107, 0x0107, 0x0107, 0x0107, 0x0107, 0x0107, 0x0107, 0x0107, 0x0107, 0x0107, 0x0107, 0x0107,
    0x0107, 0x0107, 0x0107, 0x0107, 0x0107, 0x0107, 0x0107, 0x0107, 0x0107, 0x0127, 0x0127, 0x0127,
    0x0127, 0x0127, 0x0107, 0x0107, 0x0107, 0x0107, 0x0107, 0x0107, 0x0107, 0x0107, 0x0107, 0x0107,
    0x0107, 0x0107, 0x0107, 0x0107, 0x0107, 0x0107, 0x0107, 0x0127, 0x0127, 0x0148, 0x0969, 0x09AA,
    0x11CB, 0x11EB, 0x1A0C, 0x11EB, 0x11AA, 0x0969, 0x0148, 0x0127, 0x0127, 0x0107, 0x0107, 0x0107,
    0x0107, 0x0107, 0x0107, 0x0107, 0x0107, 0x0107, 0x0107, 0x0107, 0x0107, 0x0107, 0x0107, 0x0107,
    0x0107, 0x0107, 0x0107, 0x0107, 0x0107, 0x0107, 0x0107, 0x0107, 0x0107, 0x0107, 0x0107, 0x0107,
    0x0107, 0x0107, 0x0107, 0x0107, 0x0107, 0x0107, 0x0107, 0x0107, 0x0107, 0x0107, 0x0107, 0x0107,
    0x0107, 0x0107, 0x0107, 0x0107, 0x0107, 0x0107, 0x0107, 0x0107, 0x0107, 0x0107, 0x0107, 0x0107,
    0x0107, 0x0107, 0x0107, 0x0107, 0x0107, 0x0107, 0x0107, 0x0107, 0x0107, 0x0128, 0x0948, 0x0989,
    0x11CB, 0x11EB, 0x1A0C, 0x11EB, 0x11CB, 0x0989, 0x0948, 0x0128, 0x0127, 0x0107, 0x0107, 0x0107,
    0x0107, 0x0107, 0x0107, 0x0107, 0x0107, 0x0107, 0x0107, 0x0107, 0x0107, 0x0107, 0x0107, 0x0107,
    0x0107, 0x0107, 0x0107, 0x0107, 0x0107, 0x0107, 0x0107, 0x0107, 0x0128, 0x0948, 0x0989, 0x11CB,
    0x11EB, 0x19EC, 0x11EB, 0x11AA, 0x0989, 0x0148, 0x0128, 0x0107, 0x0107, 0x0107, 0x0107, 0x0107,
    0x0107, 0x0107, 0x0107, 0x0107, 0x0107, 0x0127, 0x0148, 0x0969, 0x11AA, 0x11CB, 0x11EB, 0x11EB,
    0x11CB, 0x11AA, 0x098A, 0x11AA, 0x11AA, 0x11CB, 0x11CB, 0x11AA, 0x0989, 0x0948, 0x0128, 0x0127,
    0x0107, 0x0127, 0x0127, 0x0948, 0x0989, 0x11CA, 0x11EB, 0x19EB, 0x11EB, 0x11CB, 0x11AA, 0x09AA,
    0x11AA, 0x11CB, 0x11EB, 0x11EB, 0x11CB, 0x09AA, 0x0969, 0x0148, 0x0127, 0x0127, 0x0107, 0x0107,
    0x0107, 0x0107, 0x0107, 0x0107, 0x0107, 0x0107, 0x0107, 0x0107, 0x0107, 0x0107, 0x0107, 0x0107,
    0x0107, 0x0107, 0x0107, 0x0107, 0x0107, 0x0107, 0x0107, 0x0107, 0x0107, 0x0107, 0x0107, 0x0107,
    0x0107, 0x0107, 0x0107, 0x0107, 0x0107, 0x0107, 0x0107, 0x0107, 0x0107, 0x0107, 0x0107, 0x0107,
    0x0107, 0x0107, 0x0107, 0x0107, 0x0107, 0x0107, 0x0107, 0x0107, 0x0107, 0x0107, 0x0107, 0x0107,
    0x0107, 0x0107, 0x0107, 0x0107, 0x0107, 0x0107, 0x0107, 0x0107, 0x0107, 0x0107, 0x0107, 0x0107,
    0x0107, 0x0107, 0x0107, 0x0107, 0x0107, 0x0107, 0x0107, 0x0107, 0x0127, 0x0127, 0x0148, 0x0989,
    0x11AA, 0x11EB, 0x1A0C, 0x11EB, 0x11CB, 0x098A, 0x0969, 0x0128, 0x0127, 0x0107, 0x0107, 0x0107,
    0x0107, 0x0107, 0x0107, 0x0107, 0x0107, 0x0107, 0x0107, 0x0107, 0x0107, 0x0107, 0x0107, 0x0107,
    0x0107, 0x0107, 0x0107, 0x0107, 0x0107, 0x0107, 0x0107, 0x0107, 0x0107, 0x0107, 0x0107, 0x0107,
    0x0107, 0x0107, 0x0107, 0x0107, 0x0107, 0x0107, 0x0107, 0x0107, 0x0107, 0x0107, 0x0107, 0x0107,
    0x0107, 0x0107, 0x0107, 0x0107, 0x0107, 0x0107, 0x0107, 0x0107, 0x0107, 0x0107, 0x0107, 0x0107,
    0x0107, 0x0107, 0x0107, 0x0107, 0x0107, 0x0107, 0x0107, 0x0107, 0x0107, 0x0127, 0x0148, 0x0969,
    0x11AA, 0x11EB, 0x1A0C, 0x1A0C, 0x11EB, 0x11AA, 0x0969, 0x0148, 0x0127, 0x0107, 0x0107, 0x0107,
    0x0107, 0x0107, 0x0107, 0x0107, 0x0107, 0x0107, 0x0107, 0x0107, 0x0107, 0x0107, 0x0107, 0x0107,
    0x0107, 0x0107, 0x0107, 0x0107, 0x0107, 0x0107, 0x0107, 0x0128, 0x0148, 0x0969, 0x11AA, 0x11CB,
    0x11EC, 0x11EC, 0x11CB, 0x098A, 0x0969, 0x0128, 0x0127, 0x0107, 0x0107, 0x0107, 0x0107, 0x0107,
    0x0107, 0x0107, 0x0107, 0x0107, 0x0127, 0x0148, 0x0969, 0x098A, 0x11CB, 0x11EB, 0x11EB, 0x11CB,
    0x11AA, 0x0969, 0x0969, 0x0969, 0x118A, 0x11AA, 0x11CB, 0x11CA, 0x11AA, 0x0969, 0x0948, 0x0127,
    0x0127, 0x0127, 0x0148, 0x0969, 0x11AA, 0x11CB, 0x19EB, 0x19EB, 0x11CB, 0x11AA, 0x0989, 0x0969,
    0x0989, 0x11AA, 0x11CB, 0x11EB, 0x11EB, 0x11AA, 0x0989, 0x0948, 0x0128, 0x0127, 0x0107, 0x0107,
    0x0107, 0x0107, 0x0107, 0x0107, 0x0107, 0x0107, 0x0107, 0x0107, 0x0107, 0x0107, 0x0107, 0x0107,
    0x0107, 0x0107, 0x0107, 0x0107, 0x0107, 0x0107, 0x0107, 0x0107, 0x0107, 0x0107, 0x0107, 0x0107,
    0x0107, 0x0107, 0x0107, 0x0107, 0x0107, 0x0107, 0x0107, 0x0107, 0x0107, 0x0107, 0x0107, 0x0107,
    0x0107, 0x0107, 0x0107, 0x0107, 0x0107, 0x0107, 0x0107, 0x0107, 0x0107, 0x0107, 0x0107, 0x0107,
    0x0107, 0x0107, 0x0107, 0x0107, 0x0107, 0x0107, 0x0107, 0x0107, 0x0107, 0x0107, 0x0107, 0x0107,
    0x0107, 0x0107, 0x0107, 0x0107, 0x0107, 0x0107, 0x0107, 0x0107, 0x0107, 0x0127, 0x0148, 0x0968,
    0x0989, 0x11CB, 0x11EB, 0x1A0C, 0x11EB, 0x11AA, 0x0989, 0x0148, 0x0127, 0x0127, 0x0107, 0x0107,
    0x0107, 0x0107, 0x0107, 0x0107, 0x0107, 0x0107, 0x0107, 0x0107, 0x0107, 0x0107, 0x0107, 0x0107,
    0x0107, 0x0107, 0x0107, 0x0107, 0x0107, 0x0107, 0x0107, 0x0107, 0x0107, 0x0107, 0x0107, 0x0107,
    0x0107, 0x0107, 0x0107, 0x0107, 0x0107, 0x0107, 0x0107, 0x0107, 0x0107, 0x0107, 0x0107, 0x0107,
    0x0107, 0x0107, 0x0107, 0x0107, 0x0107, 0x0107, 0x0107, 0x0107, 0x0107, 0x0107, 0x0107, 0x0107,
    0x0107, 0x0107, 0x0107, 0x0107, 0x0107, 0x0107, 0x0107, 0x0107, 0x0107, 0x0107, 0x0128, 0x0148,
    0x0989, 0x11CA, 0x11EB, 0x1A0C, 0x19EC, 0x11CB, 0x098A, 0x0969, 0x0128, 0x0127, 0x0107, 0x0107,
    0x0107, 0x0107, 0x0107, 0x0107, 0x0107, 0x0107, 0x0107, 0x0107, 0x0107, 0x0107, 0x0107, 0x0107,
    0x0107, 0x0107, 0x0107, 0x0107, 0x0107, 0x0107, 0x0127, 0x0128, 0x0969, 0x098A, 0x11CB, 0x11EB,
    0x11EC, 0x11EB, 0x11AA, 0x0969, 0x0148, 0x0127, 0x0107, 0x0107, 0x0107, 0x0107, 0x0107, 0x0107,
    0x0107, 0x0107, 0x0107, 0x0127, 0x0128, 0x0948, 0x0989, 0x11AA, 0x11EB, 0x11EB, 0x11CB, 0x11AA,
    0x0989, 0x0948, 0x0948, 0x0948, 0x0969, 0x11AA, 0x11CA, 0x11CB, 0x11AA, 0x0989, 0x0968, 0x0148,
    0x0127, 0x0128, 0x0948, 0x0989, 0x11CA, 0x11EB, 0x19EB, 0x11CB, 0x11AA, 0x0969, 0x0948, 0x0148,
    0x0969, 0x0989, 0x11AA, 0x11EB, 0x11EB, 0x11CB, 0x11AA, 0x0969, 0x0148, 0x0127, 0x0107, 0x0107,
    0x0107, 0x0107, 0x0107, 0x0107, 0x0107, 0x0107, 0x0107, 0x0107, 0x0107, 0x0107, 0x0107, 0x0107,
    0x0107, 0x0107, 0x0107, 0x0107, 0x0107, 0x0107, 0x0107, 0x0107, 0x0107, 0x0107, 0x0107, 0x0107,
    0x0107, 0x0107, 0x0107, 0x0107, 0x0107, 0x0107, 0x0107, 0x0107, 0x0107, 0x0107, 0x0107, 0x0107,
    0x0107, 0x0107, 0x0107, 0x0107, 0x0107, 0x0107, 0x0107, 0x0107, 0x0107, 0x0107, 0x0107, 0x0107,
    0x0106, 0x0106, 0x0106, 0x0106, 0x0106, 0x0107, 0x0107, 0x0107, 0x0107, 0x0107, 0x0107, 0x0107,
    0x0107, 0x0107, 0x0107, 0x0107, 0x0107, 0x0107, 0x0107, 0x0107, 0x0107, 0x0107, 0x0127, 0x0148,
    0x0969, 0x11AA, 0x11EB, 0x19EB, 0x19EB, 0x11CB, 0x098A, 0x0969, 0x0148, 0x0127, 0x0107, 0x0107,
    0x0107, 0x0107, 0x0107, 0x0107, 0x0107, 0x0107, 0x0107, 0x0107, 0x0107, 0x0107, 0x0107, 0x0107,
    0x0107, 0x0107, 0x0107, 0x0107, 0x0107, 0x0107, 0x0107, 0x0107, 0x0107, 0x0107, 0x0107, 0x0107,
    0x0107, 0x0107, 0x0107, 0x0107, 0x0107, 0x0107, 0x0107, 0x0107, 0x0107, 0x0107, 0x0107, 0x0107,
    0x0107, 0x0107, 0x0107, 0x0107, 0x0107, 0x0107, 0x0107, 0x0107, 0x0107, 0x0107, 0x0107, 0x0107,
    0x0107, 0x0107, 0x0107, 0x0107, 0x0107, 0x0107, 0x0107, 0x0107, 0x0107, 0x0107, 0x0127, 0x0148,
    0x0969, 0x09AA, 0x11CB, 0x19EC, 0x1A0C, 0x11EB, 0x11AA, 0x0969, 0x0948, 0x0128, 0x0107, 0x0107,
    0x0107, 0x0107, 0x0107, 0x0107, 0x0107, 0x0107, 0x0107, 0x0107, 0x0107, 0x0107, 0x0107, 0x0107,
    0x0107, 0x0107, 0x0107, 0x0107, 0x0107, 0x0107, 0x0128, 0x0148, 0x0989, 0x11AA, 0x11EB, 0x19EC,
    0x11EB, 0x11CB, 0x098A, 0x0969, 0x0128, 0x0127, 0x0107, 0x0107, 0x0107, 0x0107, 0x0107, 0x0107,
    0x0107, 0x0107, 0x0107, 0x0127, 0x0148, 0x0969, 0x09AA, 0x11CB, 0x11EB, 0x11EB, 0x11CB, 0x098A,
    0x0969, 0x0128, 0x0128, 0x0128, 0x0948, 0x0989, 0x11AA, 0x11CB, 0x11CB, 0x11AA, 0x0989, 0x0948,
    0x0148, 0x0948, 0x0969, 0x11AA, 0x11CB, 0x19EB, 0x19EB, 0x11CA, 0x0989, 0x0948, 0x0128, 0x0128,
    0x0148, 0x0969, 0x11AA, 0x11CB, 0x11EB, 0x11EB, 0x11CA, 0x098A, 0x0949, 0x0128, 0x0127, 0x0107,
    0x0107, 0x0107, 0x0107, 0x0107, 0x0107, 0x0107, 0x0107, 0x0107, 0x0107, 0x0107, 0x0107, 0x0107,
    0x0107, 0x0107, 0x0107, 0x0107, 0x0107, 0x0107, 0x0107, 0x0107, 0x0107, 0x0107, 0x0107, 0x0107,
    0x0107, 0x0107, 0x0107, 0x0107, 0x0107, 0x0107, 0x0107, 0x0107, 0x0107, 0x0107, 0x0107, 0x0107,
    0x0107, 0x0107, 0x0107, 0x0107, 0x0107, 0x0107, 0x0107, 0x0107, 0x0107, 0x0107, 0x0106, 0x0106,
    0x0106, 0x0106, 0x0106, 0x0106, 0x0106, 0x0107, 0x0107, 0x0107, 0x0107, 0x0107, 0x0107, 0x0107,
    0x0107, 0x0107, 0x0107, 0x0107, 0x0107, 0x0107, 0x0107, 0x0107, 0x0107, 0x0107, 0x0127, 0x0127,
    0x0948, 0x0989, 0x11CA, 0x11EB, 0x19EC, 0x11EB, 0x11AA, 0x0989, 0x0148, 0x0128, 0x0127, 0x0107,
    0x0107, 0x0107, 0x0107, 0x0107, 0x0107, 0x0107, 0x0107, 0x0107, 0x0107, 0x0107, 0x0107, 0x0107,
    0x0107, 0x0107, 0x0107, 0x0107, 0x0107, 0x0107, 0x0107, 0x0107, 0x0107, 0x0107, 0x0107, 0x0107,
    0x0107, 0x0107, 0x0107, 0x0107, 0x0107, 0x0107, 0x0107, 0x0107, 0x0107, 0x0107, 0x0107, 0x0107,
    0x0107, 0x0107, 0x0107, 0x0107, 0x0107, 0x0107, 0x0107, 0x0107, 0x0107, 0x0107, 0x0107, 0x0107,
    0x0107, 0x0107, 0x0107, 0x0107, 0x0107, 0x0107, 0x0107, 0x0107, 0x0107, 0x0107, 0x0107, 0x0127,
    0x0148, 0x0989, 0x11AA, 0x11EB, 0x19EC, 0x19EC, 0x11CB, 0x11AA, 0x0969, 0x0148, 0x0127, 0x0107,
    0x0107, 0x0107, 0x0107, 0x0107, 0x0107, 0x0107, 0x0107, 0x0107, 0x0107, 0x0107, 0x0107, 0x0107,
    0x0107, 0x0107, 0x0107, 0x0107, 0x0107, 0x0127, 0x0148, 0x0969, 0x09AA, 0x11CB, 0x19EC, 0x19EC,
    0x11CB, 0x11AA, 0x0969, 0x0148, 0x0127, 0x0107, 0x0107, 0x0107, 0x0107, 0x0107, 0x0107, 0x0107,
    0x0107, 0x0107, 0x0127, 0x0128, 0x0948, 0x0989, 0x11CA, 0x11EB, 0x11EB, 0x11CB, 0x11AA, 0x0969,
    0x0948, 0x0127, 0x0127, 0x0127, 0x0148, 0x0969, 0x11AA, 0x11CB, 0x11CB, 0x11CA, 0x11AA, 0x0969,
    0x0969, 0x0969, 0x118A, 0x11CB, 0x19EB, 0x19EB, 0x11CB, 0x118A, 0x0969, 0x0128, 0x0127, 0x0127,
    0x0127, 0x0948, 0x0969, 0x11AA, 0x11CB, 0x11EB, 0x11CB, 0x11AA, 0x0969, 0x0148, 0x0127, 0x0107,
    0x0107, 0x0107, 0x0107, 0x0107, 0x0107, 0x0107, 0x0107, 0x0107, 0x0107, 0x0107, 0x0107, 0x0107,
    0x0107, 0x0107, 0x0107, 0x0107, 0x0107, 0x0107, 0x0107, 0x0107, 0x0107, 0x0107, 0x0107, 0x0107,
    0x0107, 0x0107, 0x0107, 0x0107, 0x0107, 0x0107, 0x0107, 0x0107, 0x0107, 0x0107, 0x0107, 0x0107,
    0x0107, 0x0107, 0x0107, 0x0107, 0x0107, 0x0107, 0x0107, 0x0107, 0x0107, 0x0107, 0x0107, 0x0107,
    0x0106, 0x0107, 0x0107, 0x0107, 0x0107, 0x0107, 0x0107, 0x0107, 0x0107, 0x0107, 0x0107, 0x0107,
    0x0107, 0x0107, 0x0107, 0x0107, 0x0107, 0x0107, 0x0107, 0x0107, 0x0107, 0x0107, 0x0107, 0x0127,
    0x0148, 0x0969, 0x09AA, 0x11CB, 0x11EB, 0x19EB, 0x11CB, 0x11AA, 0x0969, 0x0148, 0x0127, 0x0107,
    0x0107, 0x0107, 0x0107, 0x0107, 0x0107, 0x0107, 0x0107, 0x0107, 0x0107, 0x0107, 0x0107, 0x0107,
    0x0107, 0x0107, 0x0107, 0x0107, 0x0107, 0x0107, 0x0107, 0x0107, 0x0107, 0x0107, 0x0107, 0x0107,
    0x0107, 0x0107, 0x0107, 0x0107, 0x0107, 0x0107, 0x0107, 0x0107, 0x0107, 0x0107, 0x0107, 0x0107,
    0x0107, 0x0107, 0x0107, 0x0107, 0x0107, 0x0107, 0x0107, 0x0107, 0x0107, 0x0107, 0x0107, 0x0107,
    0x0107, 0x0107, 0x0107, 0x0107, 0x0107, 0x0107, 0x0107, 0x0107, 0x0107, 0x0107, 0x0107, 0x0127,
    0x0128, 0x0969, 0x098A, 0x11CB, 0x19EC, 0x1A0C, 0x11EB, 0x11CB, 0x0989, 0x0948, 0x0128, 0x0107,
    0x0107, 0x0107, 0x0107, 0x0107, 0x0107, 0x0107, 0x0107, 0x0107, 0x0107, 0x0107, 0x0107, 0x0107,
    0x0107, 0x0107, 0x0107, 0x0107, 0x0107, 0x0128, 0x0948, 0x0989, 0x11CA, 0x11EB, 0x19EC, 0x11EB,
    0x11AA, 0x0989, 0x0948, 0x0128, 0x0107, 0x0107, 0x0107, 0x0107, 0x0107, 0x0107, 0x0107, 0x0107,
    0x0107, 0x0107, 0x0127, 0x0148, 0x0969, 0x11AA, 0x11CB, 0x11EB, 0x11EB, 0x11CB, 0x098A, 0x0949,
    0x0128, 0x0107, 0x0107, 0x0107, 0x0128, 0x0948, 0x0989, 0x11AA, 0x11CB, 0x11CB, 0x11CB, 0x11AA,
    0x098A, 0x11AA, 0x11AA, 0x11CB, 0x19EB, 0x11CB, 0x11AA, 0x0969, 0x0948, 0x0127, 0x0107, 0x0107,
    0x0127, 0x0128, 0x0968, 0x0989, 0x11AA, 0x11EB, 0x11EB, 0x11CA, 0x098A, 0x0969, 0x0128, 0x0127,
    0x0107, 0x0107, 0x0107, 0x0107, 0x0107, 0x0107, 0x0107, 0x0107, 0x0107, 0x0107, 0x0107, 0x0107,
    0x0107, 0x0107, 0x0107, 0x0107, 0x0107, 0x0107, 0x0107, 0x0107, 0x0107, 0x0107, 0x0107, 0x0107,
    0x0107, 0x0107, 0x0107, 0x0107, 0x0107, 0x0107, 0x0107, 0x0107, 0x0107, 0x0107, 0x0107, 0x0107,
    0x0107, 0x0107, 0x0107, 0x0107, 0x0107, 0x0107, 0x0107, 0x0107, 0x0107, 0x0107, 0x0107, 0x0107,
    0x0107, 0x0107, 0x0107, 0x0107, 0x0107, 0x0107, 0x0107, 0x0107, 0x0107, 0x0107, 0x0107, 0x0107,
    0x0107, 0x0107, 0x0107, 0x0107, 0x0107, 0x0107, 0x0107, 0x0107, 0x0107, 0x0107, 0x0107, 0x0127,
    0x0127, 0x0148, 0x0989, 0x11AA, 0x11EB, 0x19EC, 0x11EB, 0x11CB, 0x098A, 0x0969, 0x0128, 0x0127,
    0x0107, 0x0107, 0x0107, 0x0107, 0x0107, 0x0107, 0x0107, 0x0107, 0x0107, 0x0107, 0x0107, 0x0107,
    0x0127, 0x0107, 0x0107, 0x0127, 0x0127, 0x0107, 0x0107, 0x0107, 0x0107, 0x0107, 0x0107, 0x0107,
    0x0107, 0x0107, 0x0107, 0x0107, 0x0107, 0x0107, 0x0107, 0x0107, 0x0107, 0x0107, 0x0107, 0x0107,
    0x0107, 0x0107, 0x0107, 0x0107, 0x0107, 0x0107, 0x0107, 0x0107, 0x0107, 0x0107, 0x0107, 0x0107,
    0x0107, 0x0107, 0x0107, 0x0107, 0x0107, 0x0107, 0x0107, 0x0107, 0x0107, 0x0107, 0x0107, 0x0127,
    0x0128, 0x0148, 0x0969, 0x11AA, 0x11CB, 0x1A0C, 0x1A0C, 0x11EB, 0x11AA, 0x0969, 0x0148, 0x0127,
    0x0107, 0x0107, 0x0107, 0x0107, 0x0107, 0x0107, 0x0107, 0x0107, 0x0107, 0x0107, 0x0107, 0x0107,
    0x0107, 0x0107, 0x0107, 0x0107, 0x0127, 0x0148, 0x0969, 0x11AA, 0x11CB, 0x19EC, 0x19EB, 0x11CB,
    0x098A, 0x0969, 0x0148, 0x0127, 0x0107, 0x0107, 0x0107, 0x0107, 0x0107, 0x0107, 0x0107, 0x0107,
    0x0107, 0x0127, 0x0128, 0x0969, 0x098A, 0x11CB, 0x11EB, 0x19EC, 0x11CB, 0x11AA, 0x0969, 0x0148,
    0x0128, 0x0127, 0x0107, 0x0107, 0x0128, 0x0948, 0x0969, 0x11AA, 0x11CB, 0x19EB, 0x11EB, 0x11CB,
    0x11CB, 0x11CB, 0x11EB, 0x19EB, 0x11EB, 0x11CB, 0x0989, 0x0968, 0x0128, 0x0107, 0x0107, 0x0107,
    0x0107, 0x0127, 0x0148, 0x0969, 0x11AA, 0x11CB, 0x11EB, 0x11CB, 0x11AA, 0x0989, 0x0948, 0x0128,
    0x0127, 0x0107, 0x0107, 0x0107, 0x0107, 0x0107, 0x0107, 0x0107, 0x0107, 0x0107, 0x0107, 0x0107,
    0x0107, 0x0107, 0x0107, 0x0107, 0x0107, 0x0107, 0x0107, 0x0107, 0x0107, 0x0107, 0x0107, 0x0107,
    0x0107, 0x0107, 0x0107, 0x0107, 0x0107, 0x0107, 0x0107, 0x0107, 0x0107, 0x0107, 0x0107, 0x0107,
    0x0107, 0x0107, 0x0107, 0x0107, 0x0107, 0x0107, 0x0107, 0x0107, 0x0107, 0x0107, 0x0107, 0x0107,
    0x0107, 0x0107, 0x0107, 0x0107, 0x0107, 0x0107, 0x0127, 0x0107, 0x0107, 0x0107, 0x0107, 0x0107,
    0x0107, 0x0107, 0x0107, 0x0107, 0x0107, 0x0107, 0x0107, 0x0107, 0x0107, 0x0107, 0x0107, 0x0127,
    0x0127, 0x0148, 0x0969, 0x09AA, 0x11CB, 0x19EC, 0x1A0C, 0x11EB, 0x11AA, 0x0989, 0x0148, 0x0128,
    0x0107, 0x0107, 0x0107, 0x0107, 0x0107, 0x0107, 0x0107, 0x0107, 0x0107, 0x0107, 0x0107, 0x0107,
    0x0128, 0x0128, 0x0128, 0x0128, 0x0128, 0x0128, 0x0128, 0x0128, 0x0128, 0x0128, 0x0128, 0x0128,
    0x0128, 0x0128, 0x0128, 0x0128, 0x0128, 0x0128, 0x0128, 0x0128, 0x0128, 0x0128, 0x0128, 0x0128,
    0x0128, 0x0128, 0x0128, 0x0128, 0x0128, 0x0128, 0x0128, 0x0128, 0x0128, 0x0128, 0x0128, 0x0128,
    0x0128, 0x0128, 0x0128, 0x0128, 0x0128, 0x0128, 0x0128, 0x0128, 0x0128, 0x0128, 0x0128, 0x0128,
    0x0148, 0x0149, 0x0969, 0x09AA, 0x11CB, 0x1A0C, 0x1A0C, 0x1A0C, 0x11CB, 0x098A, 0x0969, 0x0128,
    0x0127, 0x0107, 0x0107, 0x0107, 0x0107, 0x0107, 0x0107, 0x0107, 0x0107, 0x0107, 0x0107, 0x0107,
    0x0107, 0x0107, 0x0107, 0x0127, 0x0128, 0x0948, 0x0989, 0x11CB, 0x19EB, 0x19EC, 0x11EB, 0x11AA,
    0x0969, 0x0148, 0x0127, 0x0107, 0x0107, 0x0107, 0x0107, 0x0107, 0x0107, 0x0107, 0x0107, 0x0107,
    0x0107, 0x0127, 0x0948, 0x0989, 0x11AA, 0x11EB, 0x1A0C, 0x19EC, 0x11CB, 0x09AA, 0x0969, 0x0948,
    0x0148, 0x0128, 0x0128, 0x0128, 0x0128, 0x0948, 0x0969, 0x11AA, 0x11CB, 0x19EC, 0x1A0C, 0x1A0C,
    0x1A0C, 0x1A0C, 0x19EC, 0x19EC, 0x11CB, 0x11AA, 0x0969, 0x0148, 0x0127, 0x0107, 0x0107, 0x0107,
    0x0107, 0x0107, 0x0127, 0x0948, 0x0989, 0x11AA, 0x11CB, 0x11EB, 0x11CB, 0x11AA, 0x0969, 0x0948,
    0x0128, 0x0128, 0x0127, 0x0127, 0x0127, 0x0127, 0x0127, 0x0127, 0x0127, 0x0127, 0x0127, 0x0127,
    0x0127, 0x0127, 0x0127, 0x0127, 0x0127, 0x0127, 0x0127, 0x0127, 0x0127, 0x0127, 0x0127, 0x0127,
    0x0127, 0x0127, 0x0127, 0x0127, 0x0127, 0x0127, 0x0127, 0x0127, 0x0127, 0x0127, 0x0127, 0x0127,
    0x0127, 0x0127, 0x0127, 0x0128, 0x0128, 0x0128, 0x0128, 0x0128, 0x0128, 0x0128, 0x0128, 0x0128,
    0x0128, 0x0128, 0x0128, 0x0128, 0x0128, 0x0128, 0x0128, 0x0128, 0x0128, 0x0128, 0x0128, 0x0127,
    0x0127, 0x0128, 0x0128, 0x0128, 0x0128, 0x0128, 0x0128, 0x0128, 0x0128, 0x0128, 0x0128, 0x0128,
    0x0128, 0x0148, 0x0969, 0x098A, 0x11CB, 0x19EC, 0x1A0C, 0x1A0C, 0x11CB, 0x09AA, 0x0969, 0x0148,
    0x0127, 0x0107, 0x0107, 0x0107, 0x0107, 0x0107, 0x0107, 0x0107, 0x0107, 0x0107, 0x0107, 0x0107,
    0x0968, 0x0968, 0x0968, 0x0968, 0x0968, 0x0968, 0x0968, 0x0968, 0x0949, 0x0949, 0x0949, 0x0949,
    0x0969, 0x0969, 0x0969, 0x0969, 0x0949, 0x0949, 0x0949, 0x0969, 0x0969, 0x0969, 0x0969, 0x0949,
    0x0949, 0x0949, 0x0949, 0x0949, 0x0969, 0x0969, 0x0969, 0x0969, 0x0969, 0x0949, 0x0949, 0x0949,
    0x0949, 0x0949, 0x0969, 0x0969, 0x0969, 0x0969, 0x0969, 0x0969, 0x0969, 0x0969, 0x0969, 0x0969,
    0x0969, 0x0969, 0x098A, 0x11AA, 0x11CB, 0x1A0C, 0x1A2D, 0x1A2D, 0x19EC, 0x11CB, 0x098A, 0x0948,
    0x0127, 0x0107, 0x0107, 0x0107, 0x0107, 0x0107, 0x0107, 0x0107, 0x0107, 0x0107, 0x0107, 0x0107,
    0x0107, 0x0107, 0x0107, 0x0127, 0x0148, 0x0969, 0x11AA, 0x11EB, 0x19EB, 0x19EB, 0x11CB, 0x0989,
    0x0948, 0x0128, 0x0127, 0x0107, 0x0107, 0x0107, 0x0107, 0x0107, 0x0107, 0x0107, 0x0107, 0x0107,
    0x0127, 0x0128, 0x0969, 0x11AA, 0x11EB, 0x1A0C, 0x1A0C, 0x1A0C, 0x11CB, 0x11AA, 0x098A, 0x0969,
    0x0969, 0x0969, 0x0949, 0x0949, 0x0949, 0x0969, 0x098A, 0x11AA, 0x11CB, 0x1A0C, 0x1A2D, 0x1A2D,
    0x1A2D, 0x1A2D, 0x1A0C, 0x11EC, 0x11CA, 0x0989, 0x0948, 0x0127, 0x0107, 0x0107, 0x0107, 0x0107,
    0x0107, 0x0107, 0x0127, 0x0148, 0x0969, 0x1189, 0x11CA, 0x11EB, 0x11EB, 0x11CB, 0x11AA, 0x0989,
    0x0969, 0x0948, 0x0948, 0x0948, 0x0948, 0x0948, 0x0948, 0x0948, 0x0948, 0x0948, 0x0948, 0x0948,
    0x0948, 0x0948, 0x0948, 0x0948, 0x0948, 0x0948, 0x0948, 0x0948, 0x0948, 0x0948, 0x0948, 0x0948,
    0x0948, 0x0948, 0x0948, 0x0948, 0x0948, 0x0948, 0x0948, 0x0948, 0x0948, 0x0948, 0x0948, 0x0948,
    0x0948, 0x0948, 0x0948, 0x0948, 0x0949, 0x0949, 0x0949, 0x0969, 0x0969, 0x0968, 0x0968, 0x0968,
    0x0968, 0x0969, 0x0968, 0x0968, 0x0968, 0x0969, 0x0969, 0x0969, 0x0969, 0x0949, 0x0948, 0x0948,
    0x0968, 0x0948, 0x0948, 0x0948, 0x0948, 0x0948, 0x0948, 0x0948, 0x0948, 0x0948, 0x0948, 0x0948,
    0x0948, 0x0969, 0x0969, 0x09AA, 0x11CB, 0x1A0C, 0x1A2D, 0x1A2D, 0x1A0C, 0x11CB, 0x098A, 0x0149,
    0x0128, 0x0127, 0x0107, 0x0107, 0x0107, 0x0107, 0x0107, 0x0107, 0x0107, 0x0107, 0x0107, 0x0107,
    0x098A, 0x098A, 0x098A, 0x098A, 0x098A, 0x098A, 0x098A, 0x098A, 0x098A, 0x098A, 0x098A, 0x098A,
    0x098A, 0x098A, 0x098A, 0x098A, 0x098A, 0x098A, 0x098A, 0x098A, 0x098A, 0x098A, 0x098A, 0x098A,
    0x098A, 0x098A, 0x098A, 0x098A, 0x098A, 0x098A, 0x098A, 0x098A, 0x098A, 0x098A, 0x098A, 0x098A,
    0x098A, 0x098A, 0x098A, 0x098A, 0x098A, 0x098A, 0x098A, 0x098A, 0x098A, 0x098A, 0x098A, 0x098A,
    0x09AA, 0x09AA, 0x11AB, 0x11CB, 0x11EC, 0x1A0D, 0x1A2D, 0x1A4D, 0x1A2D, 0x11EC, 0x11AA, 0x0969,
    0x0148, 0x0127, 0x0107, 0x0107, 0x0107, 0x0107, 0x0107, 0x0107, 0x0107, 0x0107, 0x0107, 0x0107,
    0x0107, 0x0107, 0x0127, 0x0148, 0x0969, 0x118A, 0x11CB, 0x19EB, 0x19EB, 0x11CB, 0x11AA, 0x0969,
    0x0148, 0x0127, 0x0107, 0x0107, 0x0107, 0x0107, 0x0107, 0x0107, 0x0107, 0x0107, 0x0107, 0x0107,
    0x0127, 0x0948, 0x0989, 0x11CA, 0x1A0C, 0x1A2C, 0x1A2D, 0x1A0C, 0x11EC, 0x11CB, 0x11AA, 0x09AA,
    0x098A, 0x098A, 0x098A, 0x098A, 0x098A, 0x098A, 0x11AA, 0x11CB, 0x19EC, 0x1A2D, 0x224E, 0x224E,
    0x224E, 0x1A2D, 0x1A0C, 0x11CB, 0x11AA, 0x0969, 0x0148, 0x0127, 0x0107, 0x0107, 0x0107, 0x0107,
    0x0106, 0x0107, 0x0107, 0x0127, 0x0948, 0x0989, 0x11AA, 0x11EB, 0x19EB, 0x11EB, 0x11CB, 0x11AA,
    0x11AA, 0x098A, 0x0989, 0x0989, 0x0989, 0x0989, 0x0989, 0x0989, 0x0989, 0x098A, 0x098A, 0x098A,
    0x098A, 0x098A, 0x0989, 0x098A, 0x098A, 0x098A, 0x098A, 0x098A, 0x098A, 0x0989, 0x098A, 0x098A,
    0x098A, 0x098A, 0x0989, 0x098A, 0x098A, 0x098A, 0x098A, 0x0989, 0x0989, 0x0989, 0x0989, 0x0989,
    0x0989, 0x0989, 0x0989, 0x098A, 0x098A, 0x098A, 0x098A, 0x098A, 0x098A, 0x098A, 0x098A, 0x098A,
    0x098A, 0x098A, 0x098A, 0x098A, 0x098A, 0x098A, 0x098A, 0x098A, 0x098A, 0x098A, 0x098A, 0x0989,
    0x0989, 0x0989, 0x0989, 0x098A, 0x098A, 0x098A, 0x098A, 0x098A, 0x098A, 0x098A, 0x0989, 0x0989,
    0x098A, 0x098A, 0x09AA, 0x11CB, 0x11EC, 0x1A0D, 0x1A2D, 0x1A4E, 0x1A2D, 0x11EC, 0x11AB, 0x0969,
    0x0148, 0x0127, 0x0107, 0x0107, 0x0107, 0x0107, 0x0107, 0x0107, 0x0107, 0x0107, 0x0107, 0x0107,
    0x11CB, 0x11CB, 0x11CB, 0x11CB, 0x11CB, 0x11CB, 0x11CB, 0x11CB, 0x11CB, 0x11CB, 0x11CB, 0x11CB,
    0x11CB, 0x11CB, 0x11CB, 0x11CB, 0x11CB, 0x11CB, 0x11CB, 0x11CB, 0x11CB, 0x11CB, 0x11CB, 0x11CB,
    0x11CB, 0x11CB, 0x11CB, 0x11CB, 0x11CB, 0x11CB, 0x11CB, 0x11CB, 0x11CB, 0x11CB, 0x11CB, 0x11CB,
    0x11CB, 0x11CB, 0x11CB, 0x11CB, 0x11CB, 0x11CB, 0x11CB, 0x11CB, 0x11CB, 0x11CB, 0x11CB, 0x11CB,
    0x11CB, 0x11CB, 0x11EB, 0x11EC, 0x1A0C, 0x1A2D, 0x1A4E, 0x224E, 0x224E, 0x1A0D, 0x11CB, 0x098A,
    0x0948, 0x0128, 0x0107, 0x0107, 0x0107, 0x0107, 0x0107, 0x0107, 0x0107, 0x0107, 0x0107, 0x0107,
    0x0107, 0x0107, 0x0127, 0x0948, 0x0989, 0x11AA, 0x11EB, 0x19EB, 0x11EB, 0x11AA, 0x0989, 0x0948,
    0x0127, 0x0107, 0x0107, 0x0107, 0x0107, 0x0107, 0x0107, 0x0107, 0x0107, 0x0107, 0x0107, 0x0127,
    0x0127, 0x0948, 0x0989, 0x11CB, 0x1A0C, 0x1A2D, 0x1A2D, 0x1A2C, 0x1A0C, 0x11EC, 0x11EB, 0x11CB,
    0x11CB, 0x11CB, 0x11CB, 0x11CB, 0x11CB, 0x11CB, 0x11EB, 0x11EC, 0x1A0D, 0x1A4D, 0x226E, 0x226E,
    0x226E, 0x1A4D, 0x1A0C, 0x11CB, 0x0989, 0x0148, 0x0127, 0x0127, 0x0107, 0x0107, 0x0107, 0x0107,
    0x0106, 0x0106, 0x0107, 0x0127, 0x0128, 0x0969, 0x11AA, 0x11CB, 0x1A0C, 0x1A0C, 0x1A0C, 0x11EB,
    0x11CB, 0x11CB, 0x11CB, 0x11CA, 0x11CB, 0x11CB, 0x11CB, 0x11CB, 0x11CB, 0x11CB, 0x11CB, 0x11CB,
    0x11CB, 0x11CB, 0x11CB, 0x11CB, 0x11CB, 0x11CB, 0x11CB, 0x11CB, 0x11CB, 0x11CB, 0x11CB, 0x11CB,
    0x11CB, 0x11CB, 0x11CB, 0x11CB, 0x11CB, 0x11CB, 0x11CB, 0x11CB, 0x11CB, 0x11CB, 0x11CB, 0x11CB,
    0x11CB, 0x11CB, 0x11CB, 0x11CB, 0x11CB, 0x11CB, 0x11CB, 0x11CB, 0x11CB, 0x11CB, 0x11CB, 0x11CB,
    0x11CB, 0x11CB, 0x11CB, 0x11CB, 0x11CB, 0x11CB, 0x11CB, 0x11CB, 0x11CB, 0x11CB, 0x11CB, 0x11CB,
    0x11CA, 0x11CA, 0x11CA, 0x11CB, 0x11CB, 0x11CB, 0x11CB, 0x11CB, 0x11CB, 0x11CB, 0x11CB, 0x11CB,
    0x11CB, 0x11CB, 0x11CB, 0x11EC, 0x1A0C, 0x1A2D, 0x1A4E, 0x226E, 0x1A4E, 0x1A2D, 0x11EB, 0x098A,
    0x0969, 0x0128, 0x0127, 0x0107, 0x0107, 0x0107, 0x0107, 0x0107, 0x0107, 0x0107, 0x0107, 0x0107,
    0x11EB, 0x11EB, 0x11EB, 0x11EB, 0x11EB, 0x11EB, 0x11EB, 0x11EB, 0x11EB, 0x11EB, 0x11EB, 0x11EB,
    0x11EB, 0x11EB, 0x11EB, 0x11EB, 0x11EB, 0x11EB, 0x11EB, 0x11EB, 0x11EB, 0x11EB, 0x11EB, 0x11EB,
    0x11EB, 0x11EB, 0x11EB, 0x11EB, 0x11EB, 0x11EB, 0x11EB, 0x11EB, 0x11EB, 0x11EB, 0x11EB, 0x11EB,
    0x11EB, 0x11EB, 0x11EB, 0x11EB, 0x11EB, 0x11EB, 0x11EB, 0x11EC, 0x11EC, 0x11EC, 0x11EC, 0x11EC,
    0x11EC, 0x11EC, 0x11EC, 0x1A0C, 0x1A0D, 0x1A2D, 0x226E, 0x226E, 0x226E, 0x1A2D, 0x1A0C, 0x11AB,
    0x0969, 0x0148, 0x0127, 0x0107, 0x0107, 0x0107, 0x0107, 0x0107, 0x0107, 0x0107, 0x0107, 0x0107,
    0x0107, 0x0127, 0x0148, 0x0969, 0x11AA, 0x11CB, 0x19EB, 0x19EB, 0x11CB, 0x098A, 0x0969, 0x0128,
    0x0127, 0x0107, 0x0107, 0x0107, 0x0107, 0x0107, 0x0107, 0x0107, 0x0107, 0x0107, 0x0107, 0x0127,
    0x0127, 0x0948, 0x0989, 0x11CB, 0x1A0C, 0x1A0C, 0x1A2D, 0x1A0C, 0x1A0C, 0x1A0C, 0x11EC, 0x11EC,
    0x11EC, 0x11EC, 0x11EC, 0x11EC, 0x11EC, 0x11EC, 0x11EC, 0x1A0C, 0x1A2D, 0x224E, 0x226E, 0x226E,
    0x226E, 0x1A2D, 0x11EB, 0x09AA, 0x0969, 0x0128, 0x0127, 0x0107, 0x0107, 0x0107, 0x0107, 0x0106,
    0x0106, 0x0106, 0x0107, 0x0107, 0x0128, 0x0948, 0x118A, 0x11CB, 0x1A0C, 0x1A0C, 0x1A0C, 0x1A0C,
    0x19EB, 0x11EB, 0x11CB, 0x11EB, 0x11EB, 0x11EB, 0x11EB, 0x11EB, 0x11CB, 0x11EB, 0x11EB, 0x11EB,
    0x11EB, 0x11EB, 0x11EB, 0x11EB, 0x11EB, 0x11EB, 0x11EB, 0x11EB, 0x11EB, 0x11EB, 0x11EB, 0x11EB,
    0x11EB, 0x11EB, 0x11EB, 0x11EB, 0x11EB, 0x11EB, 0x11EB, 0x11EB, 0x11EB, 0x11EB, 0x11EB, 0x11EB,
    0x11EB, 0x11EB, 0x11EB, 0x11EB, 0x11EB, 0x11EB, 0x11EB, 0x11EB, 0x11EB, 0x11EB, 0x11EB, 0x11EB,
    0x11EB, 0x11EB, 0x11EB, 0x11EB, 0x11EB, 0x11EB, 0x11EB, 0x11EB, 0x11EB, 0x11EB, 0x11EB, 0x11EB,
    0x11EB, 0x11CB, 0x11CB, 0x11CB, 0x11CB, 0x11CB, 0x11CB, 0x11CB, 0x11EB, 0x11EB, 0x11EB, 0x11EB,
    0x11EB, 0x11EB, 0x11EC, 0x11EC, 0x1A0C, 0x1A2D, 0x1A4E, 0x226E, 0x226E, 0x1A4D, 0x1A0C, 0x11CB,
    0x0969, 0x0148, 0x0127, 0x0107, 0x0107, 0x0107, 0x0107, 0x0107, 0x0107, 0x0107, 0x0107, 0x0107,
    0x11CB, 0x11CB, 0x11CB, 0x11CB, 0x11CB, 0x11CB, 0x11CB, 0x11CB, 0x11CB, 0x11CB, 0x11CB, 0x11CB,
    0x11CB, 0x11CB, 0x11CB, 0x11CB, 0x11CB, 0x11CB, 0x11CB, 0x11CB, 0x11CB, 0x11CB, 0x11CB, 0x11CB,
    0x11CB, 0x11CB, 0x11CB, 0x11CB, 0x11CB, 0x11CB, 0x11CB, 0x11CB, 0x11CB, 0x11CB, 0x11CB, 0x11CB,
    0x11CB, 0x11CB, 0x11EB, 0x11EB, 0x11EB, 0x11EB, 0x11EB, 0x11EB, 0x11EB, 0x11EB, 0x11EB, 0x11EB,
    0x11EB, 0x11EB, 0x11EC, 0x19EC, 0x1A0C, 0x1A2D, 0x224E, 0x226E, 0x226E, 0x224E, 0x1A2D, 0x11CB,
    0x098A, 0x0949, 0x0128, 0x0107, 0x0107, 0x0107, 0x0107, 0x0107, 0x0107, 0x0107, 0x0107, 0x0107,
    0x0127, 0x0128, 0x0969, 0x098A, 0x11CA, 0x11EB, 0x19EB, 0x11CB, 0x11AA, 0x0969, 0x0148, 0x0127,
    0x0107, 0x0107, 0x0107, 0x0107, 0x0107, 0x0107, 0x0107, 0x0107, 0x0107, 0x0107, 0x0107, 0x0127,
    0x0127, 0x0948, 0x0989, 0x11AA, 0x11CB, 0x11EB, 0x1A0C, 0x19EC, 0x11EC, 0x11EB, 0x11EB, 0x11EB,
    0x11EB, 0x11EB, 0x11EB, 0x11EB, 0x11EB, 0x11EC, 0x11EC, 0x1A0C, 0x1A2D, 0x224E, 0x226E, 0x226E,
    0x1A4D, 0x1A0C, 0x11CB, 0x0989, 0x0148, 0x0128, 0x0127, 0x0107, 0x0107, 0x0107, 0x0106, 0x0106,
    0x0106, 0x0106, 0x0107, 0x0107, 0x0128, 0x0949, 0x118A, 0x11CB, 0x1A0C, 0x1A0C, 0x1A0C, 0x19EC,
    0x11EB, 0x11CB, 0x11CB, 0x11CB, 0x11CB, 0x11CB, 0x11CB, 0x11CB, 0x11CB, 0x11CB, 0x11CB, 0x11CB,
    0x11CB, 0x11CB, 0x11CB, 0x11CB, 0x11CB, 0x11CB, 0x11EB, 0x11EB, 0x11CB, 0x11CB, 0x11CB, 0x11CB,
    0x11CB, 0x11CB, 0x11CB, 0x11CB, 0x11CB, 0x11CB, 0x11CB, 0x11CB, 0x11CB, 0x11CB, 0x11CB, 0x11CB,
    0x11CB, 0x11CB, 0x11CB, 0x11CB, 0x11CB, 0x11CB, 0x11CB, 0x11CB, 0x11CB, 0x11CB, 0x11CB, 0x11CB,
    0x11CB, 0x11CB, 0x11EB, 0x11EB, 0x11CB, 0x11CB, 0x11CB, 0x11CB, 0x11CB, 0x11CB, 0x11CB, 0x11CB,
    0x11CB, 0x11CB, 0x11CB, 0x11CB, 0x11CB, 0x11CB, 0x11CB, 0x11CB, 0x11CB, 0x11CB, 0x11CB, 0x11CB,
    0x11CB, 0x11CB, 0x11EB, 0x11EC, 0x1A0C, 0x1A2D, 0x1A4E, 0x226E, 0x226E, 0x224E, 0x1A2D, 0x11EB,
    0x098A, 0x0949, 0x0128, 0x0107, 0x0107, 0x0107, 0x0107, 0x0107, 0x0107, 0x0107, 0x0107, 0x0107,
    0x11AA, 0x11AA, 0x11AA, 0x11AA, 0x11AA, 0x11AA, 0x11AA, 0x11AA, 0x11AA, 0x11AA, 0x11AA, 0x11AA,
    0x11AA, 0x11AA, 0x11AA, 0x11AA, 0x11AA, 0x11AA, 0x11AA, 0x11AA, 0x11AA, 0x11AA, 0x11AA, 0x11AA,
    0x11AA, 0x11AA, 0x11AA, 0x11AA, 0x11AA, 0x11AA, 0x11AA, 0x11AA, 0x11AA, 0x11AA, 0x11AA, 0x11AA,
    0x11AA, 0x11AA, 0x11AA, 0x11AA, 0x11AA, 0x11AA, 0x11AA, 0x11AA, 0x11AA, 0x11AA, 0x11AA, 0x11AA,
    0x11AA, 0x11AA, 0x11CB, 0x11CB, 0x11EC, 0x1A0D, 0x1A4D, 0x226E, 0x226E, 0x224E, 0x1A2D, 0x19EC,
    0x11AA, 0x0969, 0x0148, 0x0127, 0x0107, 0x0107, 0x0107, 0x0107, 0x0107, 0x0107, 0x0107, 0x0107,
    0x0128, 0x0948, 0x0989, 0x11AA, 0x11EB, 0x19EB, 0x11EB, 0x11AA, 0x0989, 0x0948, 0x0128, 0x0107,
    0x0107, 0x0107, 0x0107, 0x0107, 0x0107, 0x0107, 0x0107, 0x0107, 0x0107, 0x0107, 0x0107, 0x0107,
    0x0127, 0x0128, 0x0968, 0x0989, 0x09AA, 0x11AA, 0x11CA, 0x11CA, 0x11AB, 0x11CB, 0x11CB, 0x11CB,
    0x11CB, 0x11CB, 0x11CB, 0x11AB, 0x11CB, 0x11CB, 0x11CB, 0x11EC, 0x1A0C, 0x1A4D, 0x224E, 0x1A4E,
    0x1A2D, 0x11EB, 0x098A, 0x0969, 0x0128, 0x0127, 0x0107, 0x0107, 0x0107, 0x0107, 0x0106, 0x0106,
    0x0106, 0x0106, 0x0107, 0x0107, 0x0128, 0x0969, 0x11AA, 0x11EB, 0x1A0C, 0x1A0C, 0x19EC, 0x11CB,
    0x11AA, 0x11AA, 0x11AA, 0x11AA, 0x11AA, 0x11AA, 0x11AA, 0x11AA, 0x11AA, 0x11AA, 0x11AA, 0x11AA,
    0x11AA, 0x11AA, 0x11AA, 0x11AA, 0x11AA, 0x11AA, 0x11AA, 0x11AA, 0x11AA, 0x11AA, 0x11AA, 0x11AA,
    0x11AA, 0x11AA, 0x11AA, 0x11AA, 0x11AA, 0x11AA, 0x11AA, 0x11AA, 0x11AA, 0x11AA, 0x11AA, 0x11AA,
    0x11AA, 0x11AA, 0x11AA, 0x11AA, 0x11AA, 0x11AA, 0x11AA, 0x11AA, 0x11AA, 0x11AA, 0x11AA, 0x11AA,
    0x11AA, 0x11AA, 0x11AA, 0x11AA, 0x11AA, 0x11AA, 0x11AA, 0x11AA, 0x11AA, 0x11AA, 0x11AA, 0x11AA,
    0x11AA, 0x11AA, 0x11AA, 0x11AA, 0x11AA, 0x11AA, 0x11AA, 0x11AA, 0x11AA, 0x11AA, 0x11AA, 0x11AA,
    0x11AA, 0x11AA, 0x11CB, 0x11CB, 0x11EC, 0x1A0D, 0x1A4D, 0x224E, 0x226E, 0x224E, 0x1A2D, 0x11EC,
    0x11AA, 0x0969, 0x0148, 0x0127, 0x0107, 0x0107, 0x0107, 0x0107, 0x0107, 0x0107, 0x0107, 0x0107,
    0x0969, 0x0969, 0x0969, 0x0969, 0x0969, 0x0969, 0x0969, 0x0969, 0x0969, 0x0969, 0x0969, 0x0969,
    0x0969, 0x0969, 0x0969, 0x0969, 0x0969, 0x0969, 0x0969, 0x0969, 0x0969, 0x0969, 0x0969, 0x0969,
    0x0969, 0x0969, 0x0969, 0x0969, 0x0969, 0x0969, 0x0969, 0x0969, 0x0969, 0x0969, 0x0969, 0x0969,
    0x0969, 0x0969, 0x0969, 0x0969, 0x0969, 0x0969, 0x0969, 0x0969, 0x0969, 0x0969, 0x0969, 0x0969,
    0x0969, 0x0989, 0x098A, 0x11AA, 0x11CB, 0x11EC, 0x1A2D, 0x1A4D, 0x224E, 0x224E, 0x1A2D, 0x1A0C,
    0x11CB, 0x098A, 0x0949, 0x0128, 0x0127, 0x0107, 0x0107, 0x0107, 0x0107, 0x0107, 0x0107, 0x0127,
    0x0148, 0x0969, 0x11AA, 0x11CB, 0x19EB, 0x19EB, 0x11CB, 0x118A, 0x0969, 0x0128, 0x0127, 0x0107,
    0x0107, 0x0107, 0x0107, 0x0107, 0x0107, 0x0107, 0x0107, 0x0107, 0x0107, 0x0107, 0x0107, 0x0107,
    0x0127, 0x0127, 0x0148, 0x0948, 0x0969, 0x0969, 0x0969, 0x0969, 0x0989, 0x0989, 0x0989, 0x0989,
    0x0989, 0x0989, 0x0989, 0x0989, 0x098A, 0x098A, 0x09AA, 0x11CB, 0x120C, 0x1A2D, 0x1A2D, 0x1A2D,
    0x11EC, 0x11AB, 0x0969, 0x0148, 0x0128, 0x0107, 0x0107, 0x0107, 0x0107, 0x0107, 0x0106, 0x0106,
    0x0106, 0x0107, 0x0107, 0x0127, 0x0948, 0x0989, 0x11AA, 0x19EB, 0x19EB, 0x11EB, 0x11CB, 0x11AA,
    0x0989, 0x0969, 0x0969, 0x0969, 0x0969, 0x0969, 0x0969, 0x0969, 0x0969, 0x0969, 0x0969, 0x0969,
    0x0969, 0x0969, 0x0969, 0x0969, 0x0969, 0x0969, 0x0969, 0x0969, 0x0969, 0x0969, 0x0969, 0x0969,
    0x0969, 0x0969, 0x0969, 0x0969, 0x0969, 0x0969, 0x0969, 0x0969, 0x0969, 0x0969, 0x0969, 0x0969,
    0x0969, 0x0969, 0x0969, 0x0969, 0x0969, 0x0969, 0x0969, 0x0969, 0x0969, 0x0969, 0x0969, 0x0969,
    0x0969, 0x0969, 0x0969, 0x0969, 0x0969, 0x0969, 0x0969, 0x0969, 0x0969, 0x0969, 0x0969, 0x0969,
    0x0969, 0x0969, 0x0969, 0x0969, 0x0969, 0x0969, 0x0969, 0x0969, 0x0969, 0x0969, 0x0969, 0x0969,
    0x0969, 0x0969, 0x098A, 0x09AA, 0x11CB, 0x11EC, 0x1A2D, 0x1A4D, 0x1A4E, 0x1A4D, 0x1A2D, 0x1A0C,
    0x11CB, 0x0989, 0x0948, 0x0128, 0x0107, 0x0107, 0x0107, 0x0107, 0x0107, 0x0107, 0x0107, 0x0107,
    0x0148, 0x0148, 0x0148, 0x0148, 0x0148, 0x0148, 0x0148, 0x0148, 0x0148, 0x0148, 0x0148, 0x0148,
    0x0148, 0x0148, 0x0148, 0x0148, 0x0148, 0x0148, 0x0148, 0x0148, 0x0128, 0x0148, 0x0148, 0x0128,
    0x0128, 0x0128, 0x0128, 0x0148, 0x0148, 0x0148, 0x0148, 0x0148, 0x0148, 0x0148, 0x0148, 0x0148,
    0x0148, 0x0148, 0x0148, 0x0148, 0x0148, 0x0148, 0x0148, 0x0128, 0x0148, 0x0148, 0x0148, 0x0148,
    0x0148, 0x0948, 0x0969, 0x098A, 0x11AB, 0x11EB, 0x1A0C, 0x1A2D, 0x1A2D, 0x1A2D, 0x1A0C, 0x1A0C,
    0x11CB, 0x11AA, 0x0969, 0x0948, 0x0127, 0x0107, 0x0107, 0x0107, 0x0107, 0x0107, 0x0127, 0x0128,
    0x0948, 0x098A, 0x11CB, 0x11EB, 0x1A0C, 0x11EB, 0x11AA, 0x0969, 0x0148, 0x0127, 0x0107, 0x0107,
    0x0107, 0x0107, 0x0107, 0x0107, 0x0107, 0x0107, 0x0107, 0x0107, 0x0107, 0x0107, 0x0107, 0x0107,
    0x0107, 0x0127, 0x0127, 0x0128, 0x0128, 0x0148, 0x0148, 0x0148, 0x0148, 0x0148, 0x0148, 0x0148,
    0x0148, 0x0148, 0x0148, 0x0148, 0x0149, 0x0969, 0x098A, 0x11AB, 0x11EC, 0x1A0C, 0x1A0D, 0x1A0C,
    0x11CB, 0x098A, 0x0949, 0x0128, 0x0127, 0x0107, 0x0107, 0x0107, 0x0107, 0x0107, 0x0107, 0x0107,
    0x0107, 0x0107, 0x0127, 0x0928, 0x0969, 0x11AA, 0x11CB, 0x19EB, 0x11CB, 0x11AA, 0x098A, 0x0969,
    0x0948, 0x0148, 0x0148, 0x0148, 0x0148, 0x0128, 0x0128, 0x0128, 0x0148, 0x0148, 0x0148, 0x0148,
    0x0128, 0x0128, 0x0128, 0x0148, 0x0148, 0x0148, 0x0148, 0x0148, 0x0148, 0x0148, 0x0148, 0x0148,
    0x0148, 0x0148, 0x0148, 0x0148, 0x0148, 0x0148, 0x0148, 0x0148, 0x0148, 0x0148, 0x0148, 0x0148,
    0x0148, 0x0148, 0x0148, 0x0148, 0x0148, 0x0148, 0x0148, 0x0148, 0x0148, 0x0148, 0x0128, 0x0148,
    0x0148, 0x0148, 0x0148, 0x0148, 0x0128, 0x0128, 0x0128, 0x0128, 0x0128, 0x0128, 0x0128, 0x0128,
    0x0128, 0x0128, 0x0128, 0x0148, 0x0148, 0x0148, 0x0148, 0x0148, 0x0148, 0x0148, 0x0148, 0x0148,
    0x0148, 0x0148, 0x0969, 0x098A, 0x11AB, 0x11EC, 0x1A0C, 0x1A0D, 0x1A2D, 0x1A0D, 0x1A0C, 0x19EC,
    0x11CB, 0x11AA, 0x0969, 0x0948, 0x0127, 0x0107, 0x0107, 0x0107, 0x0107, 0x0107, 0x0107, 0x0107,
    0x0127, 0x0127, 0x0127, 0x0127, 0x0127, 0x0127, 0x0127, 0x0127, 0x0127, 0x0127, 0x0127, 0x0127,
    0x0127, 0x0127, 0x0127, 0x0127, 0x0127, 0x0127, 0x0127, 0x0127, 0x0107, 0x0127, 0x0127, 0x0107,
    0x0107, 0x0107, 0x0127, 0x0127, 0x0127, 0x0127, 0x0127, 0x0127, 0x0127, 0x0127, 0x0127, 0x0127,
    0x0127, 0x0127, 0x0127, 0x0127, 0x0127, 0x0127, 0x0107, 0x0107, 0x0107, 0x0127, 0x0127, 0x0127,
    0x0127, 0x0128, 0x0948, 0x0989, 0x11AA, 0x11EB, 0x19EC, 0x1A0C, 0x19EC, 0x19EC, 0x19EC, 0x19EC,
    0x19EB, 0x11CB, 0x098A, 0x0969, 0x0148, 0x0127, 0x0107, 0x0107, 0x0107, 0x0107, 0x0127, 0x0148,
    0x0969, 0x11AA, 0x11EB, 0x1A0C, 0x19EC, 0x11CB, 0x098A, 0x0969, 0x0128, 0x0107, 0x0107, 0x0107,
    0x0107, 0x0107, 0x0107, 0x0107, 0x0107, 0x0107, 0x0107, 0x0107, 0x0107, 0x0107, 0x0107, 0x0107,
    0x0107, 0x0107, 0x0127, 0x0127, 0x0127, 0x0127, 0x0127, 0x0127, 0x0127, 0x0128, 0x0128, 0x0128,
    0x0128, 0x0128, 0x0128, 0x0128, 0x0128, 0x0149, 0x098A, 0x11AB, 0x11EC, 0x1A0C, 0x1A0C, 0x11EB,
    0x09AA, 0x0969, 0x0148, 0x0128, 0x0127, 0x0107, 0x0107, 0x0107, 0x0107, 0x0107, 0x0107, 0x0107,
    0x0107, 0x0107, 0x0128, 0x0948, 0x1189, 0x11AA, 0x11CB, 0x11EB, 0x11CB, 0x098A, 0x0969, 0x0148,
    0x0128, 0x0127, 0x0127, 0x0127, 0x0127, 0x0127, 0x0127, 0x0127, 0x0127, 0x0127, 0x0127, 0x0127,
    0x0127, 0x0127, 0x0127, 0x0127, 0x0127, 0x0127, 0x0127, 0x0127, 0x0127, 0x0127, 0x0127, 0x0127,
    0x0127, 0x0127, 0x0127, 0x0127, 0x0127, 0x0127, 0x0127, 0x0127, 0x0127, 0x0127, 0x0127, 0x0127,
    0x0127, 0x0127, 0x0127, 0x0127, 0x0127, 0x0127, 0x0127, 0x0127, 0x0127, 0x0127, 0x0107, 0x0127,
    0x0127, 0x0127, 0x0127, 0x0127, 0x0107, 0x0107, 0x0107, 0x0107, 0x0107, 0x0107, 0x0107, 0x0107,
    0x0107, 0x0107, 0x0127, 0x0127, 0x0127, 0x0127, 0x0127, 0x0127, 0x0127, 0x0127, 0x0127, 0x0127,
    0x0127, 0x0128, 0x0948, 0x0989, 0x11AA, 0x11EB, 0x19EC, 0x19EC, 0x19EC, 0x11EB, 0x11EB, 0x11EB,
    0x11CB, 0x11AA, 0x0989, 0x0969, 0x0128, 0x0127, 0x0107, 0x0107, 0x0107, 0x0107, 0x0107, 0x0107,
    0x0107, 0x0107, 0x0107, 0x0107, 0x0107, 0x0107, 0x0107, 0x0107, 0x0107, 0x0107, 0x0107, 0x0107,
    0x0107, 0x0107, 0x0107, 0x0107, 0x0107, 0x0107, 0x0107, 0x0107, 0x0107, 0x0107, 0x0107, 0x0107,
    0x0107, 0x0107, 0x0107, 0x0107, 0x0107, 0x0107, 0x0107, 0x0107, 0x0107, 0x0107, 0x0107, 0x0107,
    0x0107, 0x0107, 0x0107, 0x0107, 0x0107, 0x0107, 0x0107, 0x0107, 0x0107, 0x0107, 0x0107, 0x0107,
    0x0127, 0x0128, 0x0948, 0x098A, 0x11AA, 0x11EB, 0x11EB, 0x11CB, 0x11CB, 0x11CB, 0x11CB, 0x11CB,
    0x19EB, 0x11CB, 0x11AA, 0x0989, 0x0948, 0x0128, 0x0107, 0x0107, 0x0107, 0x0127, 0x0128, 0x0969,
    0x098A, 0x11CB, 0x19EC, 0x1A0C, 0x11EB, 0x11AA, 0x0969, 0x0148, 0x0127, 0x0107, 0x0107, 0x0107,
    0x0107, 0x0107, 0x0107, 0x0107, 0x0107, 0x0107, 0x0107, 0x0107, 0x0107, 0x0107, 0x0107, 0x0107,
    0x0107, 0x0107, 0x0107, 0x0107, 0x0107, 0x0107, 0x0107, 0x0107, 0x0127, 0x0127, 0x0127, 0x0127,
    0x0127, 0x0127, 0x0127, 0x0128, 0x0128, 0x0969, 0x098A, 0x11CB, 0x11EC, 0x1A0C, 0x11EC, 0x11CB,
    0x098A, 0x0149, 0x0128, 0x0128, 0x0107, 0x0107, 0x0107, 0x0107, 0x0107, 0x0107, 0x0107, 0x0107,
    0x0107, 0x0127, 0x0948, 0x0969, 0x11AA, 0x11CB, 0x19EB, 0x11CB, 0x11AA, 0x0969, 0x0148, 0x0127,
    0x0107, 0x0107, 0x0107, 0x0107, 0x0107, 0x0107, 0x0107, 0x0107, 0x0107, 0x0107, 0x0107, 0x0107,
    0x0107, 0x0107, 0x0107, 0x0107, 0x0107, 0x0107, 0x0107, 0x0107, 0x0107, 0x0107, 0x0107, 0x0107,
    0x0107, 0x0107, 0x0107, 0x0107, 0x0107, 0x0107, 0x0107, 0x0107, 0x0107, 0x0107, 0x0107, 0x0107,
    0x0107, 0x0107, 0x0107, 0x0107, 0x0107, 0x0107, 0x0107, 0x0107, 0x0107, 0x0107, 0x0107, 0x0107,
    0x0107, 0x0107, 0x0107, 0x0107, 0x0107, 0x0107, 0x0107, 0x0107, 0x0107, 0x0107, 0x0107, 0x0107,
    0x0107, 0x0107, 0x0107, 0x0107, 0x0107, 0x0107, 0x0107, 0x0107, 0x0107, 0x0107, 0x0107, 0x0107,
    0x0127, 0x0128, 0x0948, 0x098A, 0x11AA, 0x11EB, 0x11EB, 0x11CB, 0x11AB, 0x11AA, 0x11AA, 0x11CB,
    0x11CB, 0x11CB, 0x11AA, 0x0989, 0x0948, 0x0127, 0x0127, 0x0107, 0x0107, 0x0107, 0x0107, 0x0107,
    0x0107, 0x0107, 0x0107, 0x0107, 0x0107, 0x0107, 0x0107, 0x0107, 0x0107, 0x0107, 0x0107, 0x0107,
    0x0107, 0x0107, 0x0107, 0x0107, 0x0107, 0x0107, 0x0107, 0x0107, 0x0107, 0x0107, 0x0107, 0x0107,
    0x0107, 0x0107, 0x0107, 0x0107, 0x0107, 0x0107, 0x0107, 0x0107, 0x0107, 0x0107, 0x0107, 0x0107,
    0x0107, 0x0107, 0x0107, 0x0107, 0x0107, 0x0107, 0x0107, 0x0107, 0x0107, 0x0107, 0x0107, 0x0107,
    0x0127, 0x0948, 0x0969, 0x11AA, 0x11CB, 0x11EB, 0x11CB, 0x11AA, 0x118A, 0x098A, 0x11AA, 0x11AA,
    0x11CB, 0x11CB, 0x11CB, 0x11AA, 0x0969, 0x0148, 0x0127, 0x0107, 0x0107, 0x0128, 0x0948, 0x0989,
    0x11AA, 0x11EB, 0x1A0C, 0x19EB, 0x11CB, 0x098A, 0x0968, 0x0128, 0x0107, 0x0107, 0x0107, 0x0107,
    0x0107, 0x0107, 0x0107, 0x0107, 0x0107, 0x0107, 0x0107, 0x0107, 0x0107, 0x0107, 0x0107, 0x0107,
    0x0107, 0x0107, 0x0107, 0x0107, 0x0107, 0x0107, 0x0107, 0x0107, 0x0107, 0x0107, 0x0107, 0x0107,
    0x0107, 0x0107, 0x0127, 0x0128, 0x0148, 0x0969, 0x11AA, 0x11CB, 0x11EC, 0x11EC, 0x11CB, 0x098A,
    0x0969, 0x0148, 0x0128, 0x0107, 0x0107, 0x0107, 0x0107, 0x0107, 0x0107, 0x0107, 0x0107, 0x0107,
    0x0107, 0x0928, 0x0969, 0x118A, 0x11CB, 0x19EB, 0x11CB, 0x11AA, 0x0989, 0x0948, 0x0128, 0x0107,
    0x0107, 0x0107, 0x0107, 0x0107, 0x0107, 0x0107, 0x0107, 0x0107, 0x0107, 0x0107, 0x0107, 0x0107,
    0x0107, 0x0107, 0x0107, 0x0107, 0x0107, 0x0107, 0x0107, 0x0107, 0x0107, 0x0107, 0x0107, 0x0107,
    0x0107, 0x0107, 0x0107, 0x0107, 0x0107, 0x0107, 0x0107, 0x0107, 0x0107, 0x0107, 0x0107, 0x0107,
    0x0107, 0x0107, 0x0107, 0x0107, 0x0107, 0x0107, 0x0107, 0x0107, 0x0107, 0x0107, 0x0107, 0x0107,
    0x0107, 0x0107, 0x0107, 0x0107, 0x0107, 0x0107, 0x0107, 0x0107, 0x0107, 0x0107, 0x0107, 0x0107,
    0x0107, 0x0107, 0x0107, 0x0107, 0x0107, 0x0107, 0x0107, 0x0107, 0x0107, 0x0107, 0x0107, 0x0107,
    0x0127, 0x0148, 0x0969, 0x11AA, 0x11CB, 0x11CB, 0x11CB, 0x11AA, 0x098A, 0x0969, 0x0989, 0x11AA,
    0x11CA, 0x11CB, 0x11AA, 0x118A, 0x0969, 0x0148, 0x0127, 0x0107, 0x0107, 0x0107, 0x0127, 0x0127,
    0x0107, 0x0107, 0x0107, 0x0107, 0x0107, 0x0107, 0x0107, 0x0107, 0x0107, 0x0107, 0x0107, 0x0107,
    0x0107, 0x0107, 0x0107, 0x0107, 0x0107, 0x0107, 0x0107, 0x0107, 0x0107, 0x0107, 0x0107, 0x0107,
    0x0107, 0x0107, 0x0107, 0x0107, 0x0107, 0x0107, 0x0107, 0x0107, 0x0107, 0x0107, 0x0107, 0x0107,
    0x0107, 0x0107, 0x0107, 0x0107, 0x0107, 0x0107, 0x0107, 0x0107, 0x0107, 0x0107, 0x0107, 0x0107,
    0x0128, 0x0948, 0x0989, 0x11AA, 0x11CB, 0x11CB, 0x11AA, 0x098A, 0x0969, 0x0969, 0x0969, 0x118A,
    0x11CB, 0x11CB, 0x11CB, 0x11CA, 0x0989, 0x0969, 0x0128, 0x0127, 0x0127, 0x0148, 0x0969, 0x11AA,
    0x11CB, 0x19EC, 0x19EC, 0x11EB, 0x11AA, 0x0969, 0x0148, 0x0127, 0x0107, 0x0107, 0x0107, 0x0107,
    0x0107, 0x0107, 0x0107, 0x0107, 0x0107, 0x0107, 0x0107, 0x0107, 0x0107, 0x0107, 0x0107, 0x0107,
    0x0107, 0x0107, 0x0107, 0x0107, 0x0107, 0x0107, 0x0107, 0x0107, 0x0107, 0x0107, 0x0107, 0x0107,
    0x0107, 0x0107, 0x0127, 0x0128, 0x0969, 0x098A, 0x11CB, 0x11EC, 0x11EC, 0x11CB, 0x11AA, 0x0969,
    0x0149, 0x0128, 0x0127, 0x0107, 0x0107, 0x0107, 0x0107, 0x0107, 0x0107, 0x0107, 0x0107, 0x0107,
    0x0128, 0x0948, 0x0989, 0x11AA, 0x19CB, 0x19EB, 0x11CB, 0x11AA, 0x0969, 0x0148, 0x0127, 0x0107,
    0x0107, 0x0107, 0x0107, 0x0107, 0x0107, 0x0107, 0x0107, 0x0107, 0x0107, 0x0107, 0x0107, 0x0107,
    0x0107, 0x0107, 0x0107, 0x0107, 0x0107, 0x0107, 0x0107, 0x0107, 0x0107, 0x0107, 0x0107, 0x0107,
    0x0107, 0x0107, 0x0107, 0x0107, 0x0107, 0x0107, 0x0107, 0x0107, 0x0107, 0x0107, 0x0107, 0x0107,
    0x0107, 0x0107, 0x0107, 0x0107, 0x0107, 0x0107, 0x0107, 0x0107, 0x0107, 0x0107, 0x0107, 0x0107,
    0x0107, 0x0107, 0x0107, 0x0107, 0x0107, 0x0107, 0x0107, 0x0107, 0x0107, 0x0107, 0x0107, 0x0107,
    0x0107, 0x0107, 0x0107, 0x0107, 0x0107, 0x0107, 0x0107, 0x0107, 0x0107, 0x0107, 0x0107, 0x0107,
    0x0127, 0x0948, 0x0989, 0x11AA, 0x11CB, 0x11CB, 0x11AA, 0x0989, 0x0969, 0x0948, 0x0969, 0x0989,
    0x11AA, 0x11CB, 0x11CB, 0x11AA, 0x0989, 0x0969, 0x0148, 0x0127, 0x0127, 0x0127, 0x0128, 0x0128,
    0x0107, 0x0107, 0x0107, 0x0107, 0x0107, 0x0107, 0x0107, 0x0107, 0x0107, 0x0107, 0x0107, 0x0107,
    0x0107, 0x0107, 0x0107, 0x0107, 0x0107, 0x0107, 0x0107, 0x0107, 0x0107, 0x0107, 0x0107, 0x0107,
    0x0107, 0x0107, 0x0107, 0x0107, 0x0107, 0x0107, 0x0107, 0x0107, 0x0107, 0x0107, 0x0107, 0x0107,
    0x0107, 0x0107, 0x0107, 0x0107, 0x0107, 0x0107, 0x0106, 0x0106, 0x0106, 0x0107, 0x0107, 0x0127,
    0x0948, 0x0969, 0x11AA, 0x11CB, 0x11CB, 0x11CB, 0x11AA, 0x0969, 0x0948, 0x0148, 0x0948, 0x0969,
    0x11AA, 0x11CB, 0x11EB, 0x11CB, 0x11AA, 0x0989, 0x0948, 0x0128, 0x0128, 0x0948, 0x0989, 0x11CA,
    0x19EB, 0x19EC, 0x11EB, 0x11CA, 0x0989, 0x0948, 0x0127, 0x0107, 0x0107, 0x0107, 0x0107, 0x0107,
    0x0107, 0x0107, 0x0107, 0x0107, 0x0107, 0x0107, 0x0107, 0x0107, 0x0107, 0x0107, 0x0107, 0x0107,
    0x0107, 0x0107, 0x0107, 0x0107, 0x0107, 0x0107, 0x0107, 0x0107, 0x0107, 0x0107, 0x0127, 0x0127,
    0x0127, 0x0127, 0x0128, 0x0148, 0x0969, 0x11AA, 0x11CB, 0x11EC, 0x11EB, 0x11CB, 0x098A, 0x0949,
    0x0128, 0x0128, 0x0107, 0x0107, 0x0107, 0x0107, 0x0107, 0x0107, 0x0107, 0x0107, 0x0107, 0x0127,
    0x0948, 0x0969, 0x11AA, 0x11CB, 0x19EB, 0x11CB, 0x11AA, 0x0969, 0x0948, 0x0127, 0x0107, 0x0107,
    0x0107, 0x0107, 0x0107, 0x0107, 0x0107, 0x0107, 0x0107, 0x0107, 0x0107, 0x0107, 0x0107, 0x0107,
    0x0107, 0x0107, 0x0107, 0x0107, 0x0107, 0x0107, 0x0107, 0x0107, 0x0107, 0x0107, 0x0107, 0x0107,
    0x0107, 0x0107, 0x0107, 0x0107, 0x0107, 0x0107, 0x0107, 0x0107, 0x0107, 0x0107, 0x0107, 0x0107,
    0x0107, 0x0107, 0x0107, 0x0107, 0x0107, 0x0107, 0x0107, 0x0107, 0x0107, 0x0107, 0x0107, 0x0107,
    0x0107, 0x0107, 0x0107, 0x0107, 0x0107, 0x0107, 0x0107, 0x0107, 0x0107, 0x0107, 0x0107, 0x0107,
    0x0107, 0x0107, 0x0107, 0x0107, 0x0107, 0x0107, 0x0107, 0x0107, 0x0107, 0x0107, 0x0107, 0x0127,
    0x0148, 0x0969, 0x118A, 0x11CA, 0x11CB, 0x11CA, 0x118A, 0x0969, 0x0948, 0x0128, 0x0948, 0x0968,
    0x1189, 0x11AA, 0x11CB, 0x11CB, 0x11AA, 0x0989, 0x0948, 0x0128, 0x0128, 0x0148, 0x0948, 0x0969,
    0x0107, 0x0107, 0x0107, 0x0107, 0x0107, 0x0107, 0x0107, 0x0107, 0x0107, 0x0107, 0x0107, 0x0107,
    0x0107, 0x0107, 0x0107, 0x0107, 0x0107, 0x0107, 0x0107, 0x0107, 0x0107, 0x0107, 0x0107, 0x0107,
    0x0107, 0x0107, 0x0107, 0x0107, 0x0107, 0x0107, 0x0107, 0x0107, 0x0107, 0x0107, 0x0107, 0x0107,
    0x0107, 0x0107, 0x0107, 0x0107, 0x0107, 0x0107, 0x0106, 0x0106, 0x0106, 0x0107, 0x0107, 0x0128,
    0x0949, 0x118A, 0x11AA, 0x11CB, 0x11CB, 0x11AA, 0x0989, 0x0948, 0x0128, 0x0128, 0x0148, 0x0969,
    0x0989, 0x11CA, 0x11EB, 0x11EB, 0x11CB, 0x11AA, 0x0969, 0x0948, 0x0949, 0x0969, 0x11AA, 0x11CB,
    0x19EB, 0x19EB, 0x11CB, 0x098A, 0x0969, 0x0148, 0x0127, 0x0107, 0x0107, 0x0107, 0x0107, 0x0107,
    0x0107, 0x0107, 0x0107, 0x0107, 0x0107, 0x0107, 0x0107, 0x0107, 0x0107, 0x0107, 0x0107, 0x0107,
    0x0107, 0x0107, 0x0107, 0x0107, 0x0107, 0x0107, 0x0107, 0x0107, 0x0107, 0x0107, 0x0127, 0x0127,
    0x0127, 0x0128, 0x0148, 0x0969, 0x09AA, 0x11CB, 0x11EC, 0x11EC, 0x11CB, 0x098A, 0x0969, 0x0148,
    0x0128, 0x0107, 0x0107, 0x0107, 0x0107, 0x0107, 0x0107, 0x0107, 0x0107, 0x0107, 0x0107, 0x0128,
    0x0949, 0x118A, 0x11CB, 0x19EB, 0x19EB, 0x11CB, 0x118A, 0x0969, 0x0128, 0x0107, 0x0107, 0x0107,
    0x0107, 0x0107, 0x0107, 0x0107, 0x0107, 0x0107, 0x0107, 0x0107, 0x0107, 0x0107, 0x0107, 0x0107,
    0x0107, 0x0107, 0x0107, 0x0107, 0x0107, 0x0107, 0x0107, 0x0107, 0x0107, 0x0107, 0x0107, 0x0107,
    0x0107, 0x0107, 0x0107, 0x0107, 0x0107, 0x0107, 0x0107, 0x0107, 0x0107, 0x0107, 0x0107, 0x0107,
    0x0107, 0x0107, 0x0107, 0x0107, 0x0107, 0x0107, 0x0107, 0x0107, 0x0107, 0x0107, 0x0107, 0x0107,
    0x0107, 0x0107, 0x0107, 0x0107, 0x0107, 0x0107, 0x0107, 0x0107, 0x0107, 0x0107, 0x0107, 0x0107,
    0x0107, 0x0107, 0x0107, 0x0107, 0x0107, 0x0107, 0x0107, 0x0106, 0x0107, 0x0107, 0x0107, 0x0127,
    0x0948, 0x0989, 0x11AA, 0x11CA, 0x11CA, 0x11AA, 0x0969, 0x0948, 0x0127, 0x0127, 0x0127, 0x0948,
    0x0969, 0x11AA, 0x11CB, 0x19CB, 0x11CB, 0x11AA, 0x0969, 0x0949, 0x0948, 0x0969, 0x0989, 0x098A,
    0x0107, 0x0107, 0x0107, 0x0107, 0x0107, 0x0107, 0x0107, 0x0107, 0x0107, 0x0107, 0x0107, 0x0107,
    0x0107, 0x0107, 0x0107, 0x0107, 0x0107, 0x0107, 0x0107, 0x0107, 0x0107, 0x0107, 0x0107, 0x0107,
    0x0107, 0x0107, 0x0107, 0x0107, 0x0107, 0x0107, 0x0107, 0x0107, 0x0107, 0x0107, 0x0107, 0x0107,
    0x0107, 0x0107, 0x0107, 0x0107, 0x0107, 0x0107, 0x00E6, 0x00E6, 0x0106, 0x0107, 0x0127, 0x0948,
    0x0969, 0x11AA, 0x11CB, 0x11CB, 0x11CA, 0x118A, 0x0969, 0x0148, 0x0127, 0x0127, 0x0128, 0x0148,
    0x0969, 0x11AA, 0x11CB, 0x11EB, 0x11EB, 0x11CB, 0x098A, 0x0969, 0x0969, 0x098A, 0x11CB, 0x19EB,
    0x19EB, 0x11CB, 0x11AA, 0x0969, 0x0148, 0x0127, 0x0107, 0x0107, 0x0107, 0x0107, 0x0107, 0x0107,
    0x0107, 0x0107, 0x0107, 0x0107, 0x0107, 0x0107, 0x0107, 0x0107, 0x0107, 0x0107, 0x0107, 0x0107,
    0x0107, 0x0107, 0x0107, 0x0107, 0x0107, 0x0107, 0x0107, 0x0107, 0x0107, 0x0107, 0x0127, 0x0127,
    0x0127, 0x0128, 0x0949, 0x098A, 0x11AB, 0x11EB, 0x19EC, 0x11CB, 0x11AA, 0x0969, 0x0148, 0x0128,
    0x0127, 0x0107, 0x0107, 0x0107, 0x0107, 0x0107, 0x0107, 0x0107, 0x0107, 0x0107, 0x0127, 0x0948,
    0x0969, 0x11AA, 0x19EB, 0x19EB, 0x11EB, 0x11AA, 0x0969, 0x0948, 0x0127, 0x0107, 0x0107, 0x0107,
    0x0107, 0x0107, 0x0107, 0x0107, 0x0107, 0x0107, 0x0107, 0x0107, 0x0107, 0x0107, 0x0107, 0x0107,
    0x0107, 0x0107, 0x0107, 0x0107, 0x0107, 0x0107, 0x0107, 0x0107, 0x0107, 0x0107, 0x0107, 0x0107,
    0x0107, 0x0107, 0x0107, 0x0107, 0x0107, 0x0107, 0x0107, 0x0107, 0x0107, 0x0107, 0x0107, 0x0107,
    0x0107, 0x0107, 0x0107, 0x0107, 0x0107, 0x0107, 0x0107, 0x0107, 0x0107, 0x0107, 0x0107, 0x0107,
    0x0107, 0x0107, 0x0107, 0x0107, 0x0107, 0x0107, 0x0107, 0x0107, 0x0107, 0x0107, 0x0107, 0x0107,
    0x0107, 0x0107, 0x0107, 0x0107, 0x0107, 0x0107, 0x0106, 0x0106, 0x0107, 0x0107, 0x0127, 0x0948,
    0x0969, 0x118A, 0x11AA, 0x11CA, 0x11AA, 0x0989, 0x0948, 0x0128, 0x0107, 0x0107, 0x0107, 0x0128,
    0x0948, 0x1189, 0x11AA, 0x19CB, 0x11EB, 0x11CB, 0x11AA, 0x0989, 0x0989, 0x09AA, 0x11CB, 0x11CB,
    0x0107, 0x0107, 0x0107, 0x0107, 0x0107, 0x0107, 0x0107, 0x0107, 0x0107, 0x0107, 0x0107, 0x0107,
    0x0107, 0x0107, 0x0107, 0x0107, 0x0107, 0x0107, 0x0107, 0x0107, 0x0107, 0x0107, 0x0107, 0x0107,
    0x0107, 0x0107, 0x0107, 0x0107, 0x0107, 0x0107, 0x0107, 0x0107, 0x0107, 0x0107, 0x0107, 0x0107,
    0x0107, 0x0107, 0x0107, 0x0107, 0x0107, 0x0107, 0x00E6, 0x0106, 0x0107, 0x0107, 0x0128, 0x0969,
    0x118A, 0x11CB, 0x11CB, 0x11CB, 0x11AA, 0x0969, 0x0948, 0x0127, 0x0127, 0x0107, 0x0127, 0x0128,
    0x0948, 0x0989, 0x11CA, 0x11EB, 0x11EB, 0x11CB, 0x11AB, 0x11AA, 0x11AA, 0x11AB, 0x11CB, 0x19EB,
    0x19EB, 0x11CA, 0x0989, 0x0948, 0x0128, 0x0127, 0x0107, 0x0107, 0x0107, 0x0107, 0x0107, 0x0107,
    0x0107, 0x0107, 0x0107, 0x0107, 0x0107, 0x0107, 0x0107, 0x0107, 0x0107, 0x0107, 0x0107, 0x0107,
    0x0107, 0x0107, 0x0107, 0x0107, 0x0107, 0x0107, 0x0107, 0x0107, 0x0107, 0x0107, 0x0127, 0x0127,
    0x0128, 0x0148, 0x0969, 0x11AA, 0x11CB, 0x11EC, 0x11EB, 0x11CB, 0x098A, 0x0949, 0x0128, 0x0127,
    0x0107, 0x0107, 0x0107, 0x0107, 0x0107, 0x0107, 0x0107, 0x0107, 0x0107, 0x0127, 0x0128, 0x0969,
    0x11AA, 0x11CB, 0x19EC, 0x19EB, 0x11CB, 0x098A, 0x0949, 0x0128, 0x0107, 0x0107, 0x0107, 0x0107,
    0x0107, 0x0107, 0x0107, 0x0107, 0x0107, 0x0107, 0x0107, 0x0107, 0x0107, 0x0107, 0x0107, 0x0107,
    0x0107, 0x0107, 0x0107, 0x0107, 0x0107, 0x0107, 0x0107, 0x0107, 0x0107, 0x0107, 0x0107, 0x0107,
    0x0107, 0x0107, 0x0107, 0x0107, 0x0107, 0x0107, 0x0107, 0x0107, 0x0107, 0x0107, 0x0107, 0x0107,
    0x0107, 0x0107, 0x0107, 0x0107, 0x0107, 0x0107, 0x0107, 0x0107, 0x0107, 0x0107, 0x0107, 0x0107,
    0x0107, 0x0107, 0x0107, 0x0107, 0x0107, 0x0107, 0x0107, 0x0107, 0x0107, 0x0107, 0x0107, 0x0107,
    0x0107, 0x0107, 0x0107, 0x0107, 0x0106, 0x0106, 0x0106, 0x0106, 0x0107, 0x0107, 0x0127, 0x0948,
    0x1189, 0x11AA, 0x11CA, 0x11AA, 0x118A, 0x0969, 0x0948, 0x0127, 0x0107, 0x0107, 0x0107, 0x0127,
    0x0948, 0x0969, 0x11AA, 0x11CB, 0x19EB, 0x11EB, 0x11CB, 0x11AB, 0x11AB, 0x11CB, 0x1A0C, 0x1A0C,
    0x0107, 0x0107, 0x0107, 0x0107, 0x0107, 0x0107, 0x0107, 0x0107, 0x0107, 0x0107, 0x0107, 0x0107,
    0x0107, 0x0107, 0x0107, 0x0107, 0x0107, 0x0107, 0x0107, 0x0107, 0x0107, 0x0107, 0x0107, 0x0107,
    0x0107, 0x0107, 0x0107, 0x0107, 0x0107, 0x0107, 0x0107, 0x0107, 0x0107, 0x0107, 0x0107, 0x0107,
    0x0107, 0x0107, 0x0107, 0x0107, 0x0107, 0x0107, 0x0106, 0x0107, 0x0107, 0x0127, 0x0948, 0x0989,
    0x11AA, 0x19CB, 0x19CB, 0x11CB, 0x118A, 0x0969, 0x0948, 0x0128, 0x0127, 0x0127, 0x0127, 0x0128,
    0x0148, 0x0969, 0x11AA, 0x11CB, 0x11EC, 0x19EC, 0x11EB, 0x11CB, 0x11CB, 0x11EB, 0x19EC, 0x19EB,
    0x11CB, 0x11AA, 0x0969, 0x0148, 0x0128, 0x0127, 0x0127, 0x0127, 0x0127, 0x0127, 0x0127, 0x0127,
    0x0127, 0x0127, 0x0127, 0x0127, 0x0127, 0x0127, 0x0127, 0x0127, 0x0127, 0x0127, 0x0127, 0x0127,
    0x0127, 0x0127, 0x0127, 0x0127, 0x0127, 0x0127, 0x0127, 0x0127, 0x0127, 0x0127, 0x0128, 0x0128,
    0x0148, 0x0969, 0x098A, 0x11CB, 0x11EC, 0x11EC, 0x11CB, 0x11AA, 0x0969, 0x0148, 0x0127, 0x0107,
    0x0107, 0x0107, 0x0107, 0x0107, 0x0107, 0x0107, 0x0107, 0x0107, 0x0107, 0x0128, 0x0948, 0x0989,
    0x11CB, 0x19EB, 0x19EC, 0x11CB, 0x11AA, 0x0969, 0x0948, 0x0127, 0x0107, 0x0107, 0x0107, 0x0107,
    0x0107, 0x0107, 0x0107, 0x0107, 0x0107, 0x0107, 0x0107, 0x0107, 0x0107, 0x0107, 0x0107, 0x0107,
    0x0107, 0x0107, 0x0107, 0x0107, 0x0107, 0x0107, 0x0107, 0x0107, 0x0107, 0x0107, 0x0107, 0x0107,
    0x0107, 0x0107, 0x0107, 0x0107, 0x0107, 0x0107, 0x0107, 0x0107, 0x0107, 0x0107, 0x0107, 0x0107,
    0x0107, 0x0107, 0x0107, 0x0107, 0x0107, 0x0107, 0x0107, 0x0107, 0x0107, 0x0107, 0x0107, 0x0107,
    0x0107, 0x0107, 0x0107, 0x0107, 0x0107, 0x0107, 0x0107, 0x0107, 0x0107, 0x0107, 0x0107, 0x0107,
    0x0107, 0x0107, 0x0107, 0x0107, 0x0106, 0x0106, 0x0106, 0x0106, 0x0107, 0x0127, 0x0948, 0x0969,
    0x11AA, 0x11CA, 0x11CB, 0x11AA, 0x0989, 0x0948, 0x0128, 0x0127, 0x0107, 0x0107, 0x0107, 0x0127,
    0x0128, 0x0969, 0x118A, 0x11CB, 0x19EB, 0x19EC, 0x19EC, 0x11EC, 0x11EC, 0x1A0C, 0x1A2D, 0x224D,
    0x0107, 0x0107, 0x0107, 0x0107, 0x0107, 0x0107, 0x0107, 0x0107, 0x0107, 0x0107, 0x0107, 0x0107,
    0x0107, 0x0107, 0x0107, 0x0107, 0x0107, 0x0107, 0x0107, 0x0107, 0x0107, 0x0107, 0x0107, 0x0107,
    0x0107, 0x0107, 0x0107, 0x0107, 0x0107, 0x0107, 0x0107, 0x0107, 0x0107, 0x0107, 0x0107, 0x0107,
    0x0107, 0x0107, 0x0107, 0x0107, 0x0107, 0x0107, 0x0107, 0x0107, 0x0127, 0x0948, 0x0969, 0x11AA,
    0x19CB, 0x19EC, 0x19EB, 0x11CB, 0x118A, 0x0969, 0x0948, 0x0148, 0x0128, 0x0128, 0x0148, 0x0148,
    0x0949, 0x0969, 0x09AA, 0x11CB, 0x19EC, 0x1A0C, 0x1A0C, 0x1A0C, 0x1A0C, 0x1A0C, 0x1A0C, 0x19EC,
    0x11CB, 0x11AA, 0x0969, 0x0948, 0x0148, 0x0128, 0x0148, 0x0148, 0x0148, 0x0148, 0x0148, 0x0148,
    0x0148, 0x0148, 0x0148, 0x0148, 0x0148, 0x0148, 0x0148, 0x0148, 0x0148, 0x0148, 0x0148, 0x0148,
    0x0148, 0x0148, 0x0148, 0x0148, 0x0148, 0x0148, 0x0148, 0x0148, 0x0148, 0x0148, 0x0148, 0x0148,
    0x0969, 0x098A, 0x11AB, 0x11EB, 0x11EC, 0x11EB, 0x11AA, 0x0989, 0x0948, 0x0128, 0x0107, 0x0107,
    0x0107, 0x0107, 0x0107, 0x0107, 0x0107, 0x0107, 0x0107, 0x0107, 0x0127, 0x0948, 0x0969, 0x11AA,
    0x11CB, 0x19EC, 0x19EB, 0x11CB, 0x0989, 0x0948, 0x0128, 0x0107, 0x0107, 0x0107, 0x0107, 0x0107,
    0x0107, 0x0107, 0x0107, 0x0107, 0x0107, 0x0107, 0x0107, 0x0107, 0x0107, 0x0107, 0x0107, 0x0107,
    0x0107, 0x0107, 0x0107, 0x0107, 0x0107, 0x0107, 0x0107, 0x0107, 0x0107, 0x0107, 0x0107, 0x0107,
    0x0107, 0x0107, 0x0107, 0x0107, 0x0107, 0x0107, 0x0107, 0x0107, 0x0107, 0x0107, 0x0107, 0x0107,
    0x0107, 0x0107, 0x0107, 0x0107, 0x0107, 0x0107, 0x0107, 0x0107, 0x0107, 0x0107, 0x0107, 0x0107,
    0x0107, 0x0107, 0x0107, 0x0107, 0x0107, 0x0107, 0x0107, 0x0107, 0x0107, 0x0107, 0x0107, 0x0107,
    0x0107, 0x0107, 0x0107, 0x0107, 0x0106, 0x0106, 0x0106, 0x0107, 0x0107, 0x0928, 0x0969, 0x11AA,
    0x11CB, 0x19CB, 0x11CB, 0x11AA, 0x0989, 0x0949, 0x0928, 0x0128, 0x0128, 0x0128, 0x0128, 0x0128,
    0x0948, 0x0969, 0x118A, 0x11CB, 0x19EC, 0x1A0C, 0x1A2D, 0x1A2D, 0x1A2D, 0x1A4D, 0x224E, 0x226E,
    0x0107, 0x0107, 0x0107, 0x0107, 0x0107, 0x0107, 0x0107, 0x0107, 0x0107, 0x0107, 0x0107, 0x0107,
    0x0107, 0x0107, 0x0107, 0x0107, 0x0107, 0x0107, 0x0107, 0x0107, 0x0107, 0x0107, 0x0107, 0x0107,
    0x0107, 0x0107, 0x0107, 0x0107, 0x0107, 0x0107, 0x0107, 0x0107, 0x0107, 0x0107, 0x0107, 0x0107,
    0x0107, 0x0107, 0x0107, 0x0107, 0x0107, 0x0107, 0x0107, 0x0107, 0x0128, 0x0969, 0x118A, 0x11CB,
    0x1A0C, 0x1A0C, 0x19EC, 0x11CB, 0x11AA, 0x0989, 0x0969, 0x0969, 0x0969, 0x0969, 0x0969, 0x0969,
    0x0969, 0x098A, 0x11AA, 0x11EB, 0x1A0C, 0x1A2D, 0x1A2D, 0x1A2D, 0x1A2D, 0x1A2D, 0x1A2D, 0x1A0C,
    0x11CB, 0x11AA, 0x0989, 0x0969, 0x0969, 0x0969, 0x0969, 0x0969, 0x0969, 0x0969, 0x0969, 0x0969,
    0x0969, 0x0969, 0x0969, 0x0969, 0x0969, 0x0969, 0x0969, 0x0969, 0x0969, 0x0969, 0x0969, 0x0969,
    0x0969, 0x0969, 0x0969, 0x0969, 0x0969, 0x0969, 0x0969, 0x0969, 0x0969, 0x0969, 0x0969, 0x0989,
    0x098A, 0x11AB, 0x11CB, 0x19EC, 0x19EC, 0x11CB, 0x118A, 0x0969, 0x0128, 0x0127, 0x0107, 0x0107,
    0x0107, 0x0107, 0x0107, 0x0107, 0x0107, 0x0107, 0x0107, 0x0107, 0x0128, 0x0949, 0x098A, 0x11CB,
    0x19EB, 0x19EB, 0x11CB, 0x11AA, 0x0969, 0x0148, 0x0127, 0x0107, 0x0107, 0x0107, 0x0107, 0x0107,
    0x0107, 0x0107, 0x0107, 0x0107, 0x0107, 0x0107, 0x0107, 0x0107, 0x0107, 0x0107, 0x0107, 0x0107,
    0x0107, 0x0107, 0x0107, 0x0107, 0x0107, 0x0107, 0x0107, 0x0107, 0x0107, 0x0107, 0x0107, 0x0107,
    0x0107, 0x0107, 0x0107, 0x0107, 0x0107, 0x0107, 0x0107, 0x0107, 0x0107, 0x0107, 0x0107, 0x0107,
    0x0107, 0x0107, 0x0107, 0x0107, 0x0107, 0x0107, 0x0107, 0x0107, 0x0107, 0x0107, 0x0107, 0x0107,
    0x0107, 0x0107, 0x0107, 0x0107, 0x0107, 0x0107, 0x0107, 0x0107, 0x0107, 0x0107, 0x0107, 0x0107,
    0x0107, 0x0107, 0x0107, 0x0107, 0x0106, 0x0106, 0x0106, 0x0107, 0x0127, 0x0948, 0x118A, 0x11CB,
    0x19EB, 0x19EC, 0x19EB, 0x11AA, 0x118A, 0x0969, 0x0949, 0x0948, 0x0948, 0x0948, 0x0968, 0x0969,
    0x0969, 0x0989, 0x11AA, 0x11CB, 0x1A0C, 0x1A2D, 0x1A4D, 0x224E, 0x224E, 0x226E, 0x226E, 0x226E,
    0x0107, 0x0107, 0x0107, 0x0107, 0x0107, 0x0107, 0x0107, 0x0107, 0x0107, 0x0107, 0x0107, 0x0107,
    0x0107, 0x0107, 0x0107, 0x0107, 0x0107, 0x0107, 0x0107, 0x0107, 0x0107, 0x0107, 0x0107, 0x0107,
    0x0107, 0x0107, 0x0107, 0x0107, 0x0107, 0x0107, 0x0107, 0x0107, 0x0107, 0x0107, 0x0107, 0x0107,
    0x0107, 0x0107, 0x0107, 0x0107, 0x0107, 0x0107, 0x0107, 0x0127, 0x0948, 0x098A, 0x11CB, 0x1A0C,
    0x1A2D, 0x1A2D, 0x1A0C, 0x19EB, 0x11CB, 0x11AA, 0x118A, 0x118A, 0x118A, 0x118A, 0x118A, 0x11AA,
    0x11AA, 0x11AA, 0x11CB, 0x11EC, 0x1A0C, 0x1A2D, 0x224E, 0x224E, 0x224E, 0x224E, 0x1A2D, 0x1A0C,
    0x19EB, 0x11CB, 0x11AA, 0x11AA, 0x11AA, 0x11AA, 0x11AA, 0x11AA, 0x11AA, 0x11AA, 0x11AA, 0x11AA,
    0x11AA, 0x11AA, 0x11AA, 0x11AA, 0x11CB, 0x11AB, 0x11CB, 0x11CB, 0x11AB, 0x11AB, 0x11AB, 0x11AB,
    0x11AB, 0x11AB, 0x11AB, 0x11AA, 0x11AA, 0x11AA, 0x11AA, 0x11AA, 0x11AA, 0x11AA, 0x11AA, 0x11AB,
    0x11CB, 0x11EC, 0x19EC, 0x1A0C, 0x11EB, 0x11AA, 0x0969, 0x0948, 0x0127, 0x0107, 0x0107, 0x0107,
    0x0107, 0x0107, 0x0107, 0x0107, 0x0107, 0x0107, 0x0107, 0x0127, 0x0948, 0x0969, 0x11AA, 0x11EB,
    0x19EC, 0x11EB, 0x11AA, 0x0969, 0x0948, 0x0127, 0x0107, 0x0107, 0x0107, 0x0107, 0x0107, 0x0107,
    0x0107, 0x0107, 0x0107, 0x0107, 0x0107, 0x0107, 0x0107, 0x0107, 0x0107, 0x0107, 0x0107, 0x0107,
    0x0107, 0x0107, 0x0107, 0x0107, 0x0107, 0x0107, 0x0107, 0x0107, 0x0107, 0x0107, 0x0107, 0x0107,
    0x0107, 0x0107, 0x0107, 0x0107, 0x0107, 0x0107, 0x0107, 0x0107, 0x0107, 0x0107, 0x0107, 0x0107,
    0x0107, 0x0107, 0x0107, 0x0107, 0x0107, 0x0107, 0x0107, 0x0107, 0x0107, 0x0107, 0x0107, 0x0107,
    0x0107, 0x0107, 0x0107, 0x0107, 0x0107, 0x0107, 0x0107, 0x0107, 0x0107, 0x0107, 0x0107, 0x0107,
    0x0107, 0x0107, 0x0107, 0x0107, 0x0106, 0x0106, 0x0107, 0x0127, 0x0948, 0x0969, 0x11AA, 0x19EC,
    0x1A0C, 0x1A0C, 0x1A0C, 0x11CB, 0x11AA, 0x118A, 0x118A, 0x1189, 0x1189, 0x118A, 0x118A, 0x118A,
    0x118A, 0x11AA, 0x11CB, 0x11EB, 0x1A0C, 0x1A2D, 0x224E, 0x226E, 0x226E, 0x226E, 0x226E, 0x226E,
    0x0107, 0x0107, 0x0107, 0x0107, 0x0107, 0x0107, 0x0107, 0x0107, 0x0107, 0x0107, 0x0107, 0x0107,
    0x0107, 0x0107, 0x0107, 0x0107, 0x0107, 0x0107, 0x0107, 0x0107, 0x0107, 0x0107, 0x0107, 0x0107,
    0x0107, 0x0107, 0x0107, 0x0107, 0x0107, 0x0107, 0x0107, 0x0107, 0x0107, 0x0107, 0x0107, 0x0107,
    0x0107, 0x0107, 0x0107, 0x0107, 0x0107, 0x0107, 0x0127, 0x0148, 0x0969, 0x11AA, 0x19EC, 0x1A2D,
    0x224D, 0x1A2D, 0x1A0C, 0x19EC, 0x11CB, 0x11CB, 0x11CB, 0x11CA, 0x11CB, 0x11CB, 0x11CB, 0x11CB,
    0x11CB, 0x11CB, 0x11EB, 0x1A0C, 0x1A0C, 0x1A2D, 0x224E, 0x224E, 0x224E, 0x224D, 0x1A2D, 0x1A0C,
    0x19EC, 0x19EB, 0x11CB, 0x11CB, 0x11CB, 0x11CB, 0x11CB, 0x11CB, 0x11CB, 0x11EB, 0x11EB, 0x11EB,
    0x11EB, 0x11EB, 0x11EC, 0x19EC, 0x1A0C, 0x1A0C, 0x1A0C, 0x1A0C, 0x120C, 0x11EC, 0x11EC, 0x11EC,
    0x11EC, 0x11EC, 0x11EC, 0x11EB, 0x11EB, 0x11EB, 0x11EB, 0x11CB, 0x11CB, 0x11CB, 0x11CB, 0x11EB,
    0x19EC, 0x1A0C, 0x1A0C, 0x1A0C, 0x11CB, 0x118A, 0x0969, 0x0128, 0x0107, 0x0107, 0x0107, 0x0107,
    0x0107, 0x0107, 0x0107, 0x0107, 0x0107, 0x0107, 0x0107, 0x0128, 0x0969, 0x118A, 0x11CB, 0x19EB,
    0x19EB, 0x11CB, 0x098A, 0x0969, 0x0128, 0x0107, 0x0107, 0x0107, 0x0107, 0x0107, 0x0107, 0x0107,
    0x0107, 0x0107, 0x0107, 0x0107, 0x0107, 0x0107, 0x0107, 0x0107, 0x0107, 0x0107, 0x0107, 0x0107,
    0x0107, 0x0107, 0x0107, 0x0107, 0x0107, 0x0107, 0x0107, 0x0107, 0x0107, 0x0107, 0x0107, 0x0107,
    0x0107, 0x0107, 0x0107, 0x0107, 0x0107, 0x0107, 0x0107, 0x0107, 0x0107, 0x0107, 0x0107, 0x0107,
    0x0107, 0x0107, 0x0107, 0x0107, 0x0107, 0x0107, 0x0107, 0x0107, 0x0107, 0x0107, 0x0107, 0x0107,
    0x0107, 0x0107, 0x0107, 0x0107, 0x0107, 0x0107, 0x0107, 0x0107, 0x0107, 0x0107, 0x0107, 0x0107,
    0x0107, 0x0107, 0x0107, 0x0107, 0x0107, 0x0107, 0x0107, 0x0128, 0x0969, 0x11AA, 0x11EB, 0x1A0D,
    0x1A2D, 0x1A2D, 0x1A0C, 0x19EC, 0x11CB, 0x11AA, 0x11AA, 0x11AA, 0x11AA, 0x11CA, 0x11CA, 0x11CA,
    0x11CB, 0x11CB, 0x11CB, 0x19EC, 0x1A0C, 0x1A2D, 0x224E, 0x224E, 0x226E, 0x226E, 0x224E, 0x224E,
    0x0107, 0x0107, 0x0107, 0x0107, 0x0107, 0x0107, 0x0107, 0x0107, 0x0107, 0x0107, 0x0107, 0x0107,
    0x0107, 0x0107, 0x0107, 0x0107, 0x0107, 0x0107, 0x0107, 0x0107, 0x0107, 0x0107, 0x0107, 0x0107,
    0x0107, 0x0107, 0x0107, 0x0107, 0x0107, 0x0107, 0x0107, 0x0107, 0x0107, 0x0107, 0x0107, 0x0107,
    0x0107, 0x0107, 0x0107, 0x0107, 0x0107, 0x0127, 0x0128, 0x0969, 0x11AA, 0x11EB, 0x1A0D, 0x224D,
    0x224D, 0x1A2D, 0x1A0C, 0x19EC, 0x11CB, 0x11CB, 0x11CB, 0x11CB, 0x11CB, 0x11CB, 0x11CB, 0x11CB,
    0x11CB, 0x11EB, 0x11EB, 0x19EC, 0x1A0C, 0x1A0C, 0x1A2D, 0x1A2D, 0x1A2D, 0x1A2D, 0x1A0C, 0x1A0C,
    0x19EC, 0x19EB, 0x19EB, 0x19EB, 0x19EB, 0x19EB, 0x19EB, 0x19EB, 0x19EB, 0x19EB, 0x19EC, 0x19EC,
    0x19EC, 0x19EC, 0x1A0C, 0x1A0C, 0x1A2D, 0x1A2D, 0x1A4D, 0x1A2D, 0x1A2D, 0x1A0C, 0x1A0C, 0x1A0C,
    0x19EC, 0x19EC, 0x19EC, 0x19EC, 0x19EC, 0x19EC, 0x11EC, 0x11EB, 0x11EB, 0x11EB, 0x11EB, 0x19EC,
    0x1A0C, 0x1A0C, 0x1A0C, 0x19EC, 0x11CB, 0x118A, 0x0948, 0x0128, 0x0107, 0x0107, 0x0106, 0x0107,
    0x0107, 0x0107, 0x0107, 0x0107, 0x0107, 0x0107, 0x0127, 0x0948, 0x0989, 0x11AA, 0x11EB, 0x19EB,
    0x11CB, 0x11AA, 0x0969, 0x0148, 0x0127, 0x0107, 0x0107, 0x0107, 0x0107, 0x0107, 0x0107, 0x0107,
    0x0107, 0x0107, 0x0107, 0x0107, 0x0107, 0x0107, 0x0107, 0x0107, 0x0107, 0x0107, 0x0107, 0x0107,
    0x0107, 0x0107, 0x0107, 0x0107, 0x0107, 0x0107, 0x0107, 0x0107, 0x0107, 0x0107, 0x0107, 0x0107,
    0x0107, 0x0107, 0x0107, 0x0107, 0x0107, 0x0107, 0x0107, 0x0107, 0x0107, 0x0107, 0x0107, 0x0107,
    0x0107, 0x0107, 0x0107, 0x0107, 0x0107, 0x0107, 0x0107, 0x0107, 0x0107, 0x0107, 0x0107, 0x0107,
    0x0107, 0x0107, 0x0107, 0x0107, 0x0107, 0x0107, 0x0107, 0x0107, 0x0107, 0x0107, 0x0107, 0x0107,
    0x0107, 0x0107, 0x0107, 0x0107, 0x0107, 0x0107, 0x0127, 0x0948, 0x0989, 0x11CB, 0x1A0C, 0x224D,
    0x224E, 0x224D, 0x1A2D, 0x19EC, 0x11CB, 0x11CB, 0x11CB, 0x11CB, 0x11CB, 0x11CB, 0x11CB, 0x11CB,
    0x11CB, 0x11CB, 0x11EB, 0x19EB, 0x19EC, 0x1A0C, 0x1A2D, 0x1A2D, 0x1A2D, 0x1A2D, 0x1A2D, 0x1A2D,
    0x0107, 0x0107, 0x0107, 0x0107, 0x0107, 0x0107, 0x0107, 0x0107, 0x0107, 0x0107, 0x0107, 0x0107,
    0x0107, 0x0107, 0x0107, 0x0107, 0x0107, 0x0107, 0x0107, 0x0107, 0x0107, 0x0107, 0x0107, 0x0107,
    0x0107, 0x0107, 0x0107, 0x0107, 0x0107, 0x0107, 0x0107, 0x0107, 0x0107, 0x0107, 0x0107, 0x0107,
    0x0107, 0x0107, 0x0107, 0x0107, 0x0107, 0x0128, 0x0948, 0x0989, 0x11CB, 0x1A0C, 0x1A2D, 0x224E,
    0x224D, 0x1A2D, 0x1A0C, 0x11EB, 0x11CB, 0x11AA, 0x11AA, 0x11AA, 0x11AA, 0x11AA, 0x11AA, 0x11AA,
    0x11CA, 0x11CB, 0x11CB, 0x11CB, 0x11CB, 0x11EB, 0x11EB, 0x11EC, 0x19EC, 0x19EB, 0x11EB, 0x11CB,
    0x11CB, 0x11CB, 0x11CB, 0x11CB, 0x11CB, 0x11CB, 0x11CB, 0x11CB, 0x11CB, 0x11CB, 0x11CB, 0x11CB,
    0x11CB, 0x11EB, 0x11EC, 0x1A0C, 0x1A2D, 0x1A4D, 0x1A4D, 0x1A4D, 0x1A2D, 0x1A0C, 0x1A0C, 0x11EC,
    0x11EB, 0x11EB, 0x11EB, 0x11EB, 0x11EB, 0x11CB, 0x11CB, 0x11CB, 0x11CB, 0x11CB, 0x11CB, 0x11CB,
    0x19EB, 0x19EC, 0x1A0C, 0x19EC, 0x11CB, 0x118A, 0x0949, 0x0128, 0x0107, 0x0107, 0x0106, 0x0107,
    0x0107, 0x0107, 0x0107, 0x0107, 0x0107, 0x0127, 0x0128, 0x0969, 0x11AA, 0x11CB, 0x19EB, 0x11EB,
    0x11CA, 0x0989, 0x0948, 0x0128, 0x0107, 0x0107, 0x0107, 0x0107, 0x0107, 0x0107, 0x0107, 0x0107,
    0x0107, 0x0107, 0x0107, 0x0107, 0x0107, 0x0107, 0x0107, 0x0107, 0x0107, 0x0107, 0x0107, 0x0107,
    0x0107, 0x0107, 0x0107, 0x0107, 0x0107, 0x0107, 0x0107, 0x0107, 0x0107, 0x0107, 0x0107, 0x0107,
    0x0107, 0x0107, 0x0107, 0x0107, 0x0107, 0x0107, 0x0107, 0x0107, 0x0107, 0x0107, 0x0107, 0x0107,
    0x0107, 0x0107, 0x0107, 0x0107, 0x0107, 0x0107, 0x0107, 0x0107, 0x0107, 0x0107, 0x0107, 0x0107,
    0x0107, 0x0107, 0x0107, 0x0107, 0x0107, 0x0107, 0x0107, 0x0107, 0x0107, 0x0107, 0x0107, 0x0107,
    0x0107, 0x0107, 0x0107, 0x0107, 0x0107, 0x0127, 0x0148, 0x0969, 0x11AA, 0x19EC, 0x1A2D, 0x224E,
    0x224E, 0x1A4D, 0x1A0C, 0x19EC, 0x11CB, 0x11AA, 0x11AA, 0x11AA, 0x11AA, 0x11AA, 0x11AA, 0x11CA,
    0x11CA, 0x11AA, 0x11CA, 0x11CB, 0x11CB, 0x11CB, 0x11EB, 0x11EC, 0x11EC, 0x11EC, 0x11EC, 0x11EC,
    0x0107, 0x0107, 0x0107, 0x0107, 0x0107, 0x0107, 0x0107, 0x0107, 0x0107, 0x0107, 0x0107, 0x0107,
    0x0107, 0x0107, 0x0107, 0x0107, 0x0107, 0x0107, 0x0107, 0x0107, 0x0107, 0x0107, 0x0107, 0x0107,
    0x0107, 0x0107, 0x0107, 0x0107, 0x0107, 0x0107, 0x0107, 0x0107, 0x0107, 0x0107, 0x0107, 0x0107,
    0x0107, 0x0107, 0x0107, 0x0107, 0x0127, 0x0148, 0x0969, 0x11AA, 0x11EB, 0x1A2C, 0x224D, 0x224D,
    0x1A4D, 0x1A0D, 0x19EC, 0x11CB, 0x118A, 0x0989, 0x0969, 0x0989, 0x0989, 0x0989, 0x0989, 0x1189,
    0x0989, 0x098A, 0x098A, 0x098A, 0x098A, 0x118A, 0x118A, 0x118A, 0x11AA, 0x11AA, 0x118A, 0x118A,
    0x118A, 0x1189, 0x1189, 0x1189, 0x1189, 0x118A, 0x118A, 0x118A, 0x11AA, 0x11AA, 0x11AA, 0x11AA,
    0x11AA, 0x11AA, 0x11CB, 0x11EB, 0x1A0C, 0x1A2D, 0x1A4D, 0x1A4D, 0x1A2D, 0x120C, 0x11CB, 0x11CB,
    0x11AA, 0x11AA, 0x11AA, 0x11AA, 0x11AA, 0x11AA, 0x11AA, 0x11AA, 0x11AA, 0x09AA, 0x09AA, 0x11AA,
    0x11AA, 0x11CB, 0x19EB, 0x19EB, 0x11CB, 0x118A, 0x0969, 0x0128, 0x0107, 0x0107, 0x0107, 0x0107,
    0x0107, 0x0107, 0x0107, 0x0107, 0x0107, 0x0128, 0x0948, 0x0989, 0x11CA, 0x19EB, 0x19EB, 0x11CB,
    0x11AA, 0x0969, 0x0148, 0x0127, 0x0107, 0x0107, 0x0107, 0x0107, 0x0107, 0x0107, 0x0107, 0x0107,
    0x0107, 0x0107, 0x0107, 0x0107, 0x0107, 0x0107, 0x0107, 0x0107, 0x0107, 0x0107, 0x0107, 0x0107,
    0x0107, 0x0107, 0x0107, 0x0107, 0x0107, 0x0107, 0x0107, 0x0107, 0x0107, 0x0107, 0x0107, 0x0107,
    0x0107, 0x0107, 0x0107, 0x0107, 0x0107, 0x0107, 0x0107, 0x0107, 0x0107, 0x0107, 0x0107, 0x0107,
    0x0107, 0x0107, 0x0107, 0x0107, 0x0107, 0x0107, 0x0107, 0x0107, 0x0107, 0x0107, 0x0107, 0x0107,
    0x0107, 0x0107, 0x0107, 0x0107, 0x0107, 0x0107, 0x0107, 0x0107, 0x0107, 0x0107, 0x0107, 0x0107,
    0x0107, 0x0107, 0x0107, 0x0107, 0x0107, 0x0128, 0x0949, 0x098A, 0x11CB, 0x1A0C, 0x1A4D, 0x224E,
    0x224E, 0x1A2D, 0x1A0C, 0x11CB, 0x11AA, 0x118A, 0x0989, 0x0989, 0x0989, 0x0989, 0x0989, 0x0989,
    0x0989, 0x0989, 0x0989, 0x0989, 0x098A, 0x098A, 0x118A, 0x098A, 0x118A, 0x118A, 0x118A, 0x118A,
    0x0107, 0x0107, 0x0107, 0x0107, 0x0107, 0x0107, 0x0107, 0x0107, 0x0107, 0x0107, 0x0107, 0x0107,
    0x0107, 0x0107, 0x0107, 0x0107, 0x0107, 0x0107, 0x0107, 0x0107, 0x0107, 0x0107, 0x0107, 0x0107,
    0x0107, 0x0107, 0x0107, 0x0107, 0x0107, 0x0107, 0x0107, 0x0107, 0x0107, 0x0107, 0x0107, 0x0107,
    0x0107, 0x0107, 0x0107, 0x0127, 0x0148, 0x0969, 0x098A, 0x11CB, 0x1A0C, 0x1A2D, 0x1A2D, 0x1A2D,
    0x1A2D, 0x1A0C, 0x11CB, 0x11AA, 0x0969, 0x0969, 0x0948, 0x0948, 0x0948, 0x0948, 0x0948, 0x0948,
    0x0948, 0x0948, 0x0948, 0x0948, 0x0948, 0x0948, 0x0948, 0x0948, 0x0948, 0x0948, 0x0948, 0x0948,
    0x0948, 0x0948, 0x0948, 0x0948, 0x0948, 0x0948, 0x0968, 0x0968, 0x0969, 0x0969, 0x0969, 0x0969,
    0x0969, 0x0969, 0x0989, 0x11AA, 0x11CB, 0x1A0C, 0x1A2D, 0x1A2D, 0x1A0C, 0x11EB, 0x11AB, 0x098A,
    0x0969, 0x0969, 0x0969, 0x0969, 0x0969, 0x0969, 0x0969, 0x0969, 0x0969, 0x0969, 0x0969, 0x0969,
    0x0989, 0x118A, 0x11AA, 0x11CB, 0x11CB, 0x11AA, 0x0969, 0x0948, 0x0128, 0x0107, 0x0107, 0x0107,
    0x0107, 0x0107, 0x0107, 0x0107, 0x0127, 0x0148, 0x0969, 0x11AA, 0x11CB, 0x19EB, 0x11CB, 0x11AA,
    0x0989, 0x0948, 0x0127, 0x0107, 0x0107, 0x0107, 0x0107, 0x0107, 0x0107, 0x0107, 0x0107, 0x0107,
    0x0107, 0x0107, 0x0107, 0x0107, 0x0107, 0x0107, 0x0107, 0x0107, 0x0107, 0x0107, 0x0107, 0x0107,
    0x0107, 0x0107, 0x0107, 0x0107, 0x0107, 0x0107, 0x0107, 0x0107, 0x0107, 0x0107, 0x0107, 0x0107,
    0x0107, 0x0107, 0x0107, 0x0107, 0x0107, 0x0107, 0x0107, 0x0107, 0x0107, 0x0107, 0x0107, 0x0107,
    0x0107, 0x0107, 0x0107, 0x0107, 0x0107, 0x0107, 0x0107, 0x0107, 0x0107, 0x0107, 0x0107, 0x0107,
    0x0107, 0x0107, 0x0107, 0x0107, 0x0107, 0x0107, 0x0107, 0x0107, 0x0107, 0x0107, 0x0107, 0x0107,
    0x0107, 0x0107, 0x0107, 0x0107, 0x0127, 0x0948, 0x0969, 0x11AA, 0x11EC, 0x1A0C, 0x1A2D, 0x1A4D,
    0x1A4D, 0x1A2D, 0x19EC, 0x11CB, 0x118A, 0x0969, 0x0968, 0x0948, 0x0948, 0x0948, 0x0948, 0x0948,
    0x0948, 0x0948, 0x0948, 0x0948, 0x0948, 0x0948, 0x0948, 0x0948, 0x0948, 0x0948, 0x0948, 0x0948,
    0x0107, 0x0107, 0x0107, 0x0107, 0x0107, 0x0107, 0x0107, 0x0107, 0x0107, 0x0107, 0x0107, 0x0107,
    0x0107, 0x0107, 0x0107, 0x0107, 0x0107, 0x0107, 0x0107, 0x0107, 0x0107, 0x0107, 0x0107, 0x0107,
    0x0107, 0x0107, 0x0107, 0x0107, 0x0107, 0x0107, 0x0107, 0x0107, 0x0107, 0x0107, 0x0107, 0x0107,
    0x0107, 0x0107, 0x0127, 0x0128, 0x0948, 0x0989, 0x11AA, 0x11EB, 0x1A0C, 0x1A0C, 0x1A0C, 0x1A0C,
    0x1A0C, 0x19EC, 0x11CB, 0x11AA, 0x0969, 0x0948, 0x0128, 0x0127, 0x0127, 0x0127, 0x0127, 0x0127,
    0x0127, 0x0127, 0x0127, 0x0127, 0x0127, 0x0127, 0x0127, 0x0127, 0x0127, 0x0127, 0x0127, 0x0127,
    0x0127, 0x0127, 0x0127, 0x0127, 0x0127, 0x0127, 0x0127, 0x0128, 0x0128, 0x0128, 0x0128, 0x0128,
    0x0128, 0x0148, 0x0948, 0x0969, 0x09AA, 0x11CB, 0x1A0C, 0x1A0C, 0x1A0C, 0x11CB, 0x09AA, 0x0969,
    0x0149, 0x0148, 0x0148, 0x0148, 0x0148, 0x0148, 0x0128, 0x0128, 0x0128, 0x0128, 0x0128, 0x0128,
    0x0948, 0x0969, 0x118A, 0x11AA, 0x11CB, 0x11AA, 0x118A, 0x0969, 0x0148, 0x0127, 0x0107, 0x0107,
    0x0107, 0x0107, 0x0107, 0x0127, 0x0128, 0x0948, 0x118A, 0x11CB, 0x19EB, 0x19EB, 0x11CB, 0x098A,
    0x0969, 0x0128, 0x0127, 0x0107, 0x0107, 0x0107, 0x0107, 0x0107, 0x0107, 0x0107, 0x0107, 0x0107,
    0x0107, 0x0107, 0x0107, 0x0107, 0x0107, 0x0107, 0x0107, 0x0107, 0x0107, 0x0107, 0x0107, 0x0107,
    0x0107, 0x0107, 0x0107, 0x0107, 0x0107, 0x0107, 0x0107, 0x0107, 0x0107, 0x0107, 0x0107, 0x0107,
    0x0107, 0x0107, 0x0107, 0x0107, 0x0107, 0x0107, 0x0107, 0x0107, 0x0107, 0x0107, 0x0107, 0x0107,
    0x0107, 0x0107, 0x0107, 0x0107, 0x0107, 0x0107, 0x0107, 0x0107, 0x0107, 0x0107, 0x0107, 0x0107,
    0x0107, 0x0107, 0x0107, 0x0107, 0x0107, 0x0107, 0x0107, 0x0107, 0x0107, 0x0107, 0x0107, 0x0107,
    0x0107, 0x0107, 0x0107, 0x0127, 0x0128, 0x0969, 0x118A, 0x11CB, 0x11EC, 0x1A0C, 0x1A2D, 0x1A2D,
    0x1A2D, 0x1A0C, 0x19EC, 0x11CB, 0x098A, 0x0969, 0x0148, 0x0128, 0x0127, 0x0127, 0x0127, 0x0127,
    0x0127, 0x0127, 0x0127, 0x0127, 0x0127, 0x0127, 0x0127, 0x0127, 0x0127, 0x0127, 0x0127, 0x0127,
    0x0107, 0x0107, 0x0107, 0x0107, 0x0107, 0x0107, 0x0107, 0x0107, 0x0107, 0x0107, 0x0107, 0x0107,
    0x0107, 0x0107, 0x0107, 0x0107, 0x0107, 0x0107, 0x0107, 0x0107, 0x0107, 0x0107, 0x0107, 0x0107,
    0x0107, 0x0107, 0x0107, 0x0107, 0x0107, 0x0107, 0x0107, 0x0107, 0x0107, 0x0107, 0x0107, 0x0107,
    0x0107, 0x0107, 0x0128, 0x0148, 0x0969, 0x11AA, 0x11CB, 0x19EC, 0x1A0C, 0x19EC, 0x11EC, 0x11EC,
    0x19EC, 0x19EC, 0x11CB, 0x11AA, 0x0969, 0x0948, 0x0128, 0x0107, 0x0107, 0x0107, 0x0107, 0x0107,
    0x0107, 0x0107, 0x0107, 0x0107, 0x0107, 0x0107, 0x0107, 0x0107, 0x0107, 0x0107, 0x0107, 0x0107,
    0x0107, 0x0107, 0x0107, 0x0107, 0x0107, 0x0107, 0x0107, 0x0107, 0x0107, 0x0107, 0x0127, 0x0127,
    0x0127, 0x0127, 0x0128, 0x0148, 0x0969, 0x11AA, 0x11EB, 0x1A0C, 0x19EC, 0x11EB, 0x11AA, 0x0969,
    0x0148, 0x0128, 0x0128, 0x0128, 0x0127, 0x0127, 0x0127, 0x0127, 0x0127, 0x0107, 0x0107, 0x0127,
    0x0127, 0x0948, 0x0969, 0x118A, 0x11AA, 0x11CB, 0x11AA, 0x0989, 0x0948, 0x0128, 0x0107, 0x0107,
    0x0107, 0x0107, 0x0107, 0x0127, 0x0948, 0x0969, 0x11AA, 0x11CB, 0x19EB, 0x11CB, 0x11AA, 0x0969,
    0x0148, 0x0127, 0x0107, 0x0107, 0x0107, 0x0107, 0x0107, 0x0107, 0x0107, 0x0107, 0x0107, 0x0107,
    0x0107, 0x0107, 0x0107, 0x0107, 0x0107, 0x0107, 0x0107, 0x0107, 0x0107, 0x0107, 0x0107, 0x0107,
    0x0107, 0x0107, 0x0107, 0x0107, 0x0107, 0x0107, 0x0107, 0x0107, 0x0107, 0x0107, 0x0107, 0x0107,
    0x0107, 0x0107, 0x0107, 0x0107, 0x0107, 0x0107, 0x0107, 0x0107, 0x0107, 0x0107, 0x0107, 0x0107,
    0x0107, 0x0107, 0x0107, 0x0107, 0x0107, 0x0107, 0x0107, 0x0107, 0x0107, 0x0107, 0x0107, 0x0107,
    0x0107, 0x0107, 0x0107, 0x0107, 0x0107, 0x0107, 0x0107, 0x0107, 0x0107, 0x0107, 0x0107, 0x0107,
    0x0107, 0x0107, 0x0107, 0x0128, 0x0948, 0x0989, 0x11AA, 0x11EB, 0x11EC, 0x11EC, 0x11EC, 0x19EC,
    0x1A0C, 0x1A0C, 0x1A0C, 0x11CB, 0x11AA, 0x0969, 0x0148, 0x0127, 0x0107, 0x0107, 0x0107, 0x0107,
    0x0107, 0x0107, 0x0107, 0x0107, 0x0107, 0x0107, 0x0107, 0x0107, 0x0107, 0x0107, 0x0107, 0x0107,
    0x0107, 0x0107, 0x0107, 0x0107, 0x0107, 0x0107, 0x0107, 0x0107, 0x0107, 0x0107, 0x0107, 0x0107,
    0x0107, 0x0107, 0x0107, 0x0107, 0x0107, 0x0107, 0x0107, 0x0107, 0x0107, 0x0107, 0x0107, 0x0107,
    0x0107, 0x0107, 0x0107, 0x0107, 0x0107, 0x0107, 0x0107, 0x0107, 0x0107, 0x0107, 0x0107, 0x0107,
    0x0107, 0x0127, 0x0128, 0x0969, 0x098A, 0x11CB, 0x11EC, 0x19EC, 0x11EB, 0x11CB, 0x11AB, 0x11AB,
    0x11CB, 0x11EB, 0x11EB, 0x11CB, 0x118A, 0x0969, 0x0128, 0x0127, 0x0107, 0x0107, 0x0107, 0x0107,
    0x0107, 0x0107, 0x0107, 0x0107, 0x0107, 0x0107, 0x0107, 0x0107, 0x0107, 0x0107, 0x0107, 0x0107,
    0x0107, 0x0107, 0x0107, 0x0107, 0x0107, 0x0107, 0x0107, 0x0107, 0x0107, 0x0107, 0x0107, 0x0107,
    0x0107, 0x0107, 0x0127, 0x0128, 0x0948, 0x0989, 0x11CA, 0x11EB, 0x19EC, 0x11EB, 0x11CB, 0x098A,
    0x0949, 0x0128, 0x0127, 0x0107, 0x0107, 0x0107, 0x0107, 0x0107, 0x0107, 0x0107, 0x0107, 0x0107,
    0x0107, 0x0128, 0x0948, 0x0989, 0x11AA, 0x11CB, 0x11CA, 0x11AA, 0x0969, 0x0948, 0x0127, 0x0107,
    0x0107, 0x0107, 0x0127, 0x0128, 0x0969, 0x118A, 0x11CB, 0x19EB, 0x19EB, 0x11AA, 0x0989, 0x0948,
    0x0128, 0x0107, 0x0107, 0x0107, 0x0107, 0x0107, 0x0107, 0x0107, 0x0107, 0x0107, 0x0107, 0x0107,
    0x0107, 0x0107, 0x0107, 0x0107, 0x0107, 0x0107, 0x0107, 0x0107, 0x0107, 0x0107, 0x0107, 0x0107,
    0x0107, 0x0107, 0x0107, 0x0107, 0x0107, 0x0107, 0x0107, 0x0107, 0x0107, 0x0107, 0x0107, 0x0107,
    0x0107, 0x0107, 0x0107, 0x0107, 0x0107, 0x0107, 0x0107, 0x0107, 0x0107, 0x0107, 0x0107, 0x0107,
    0x0107, 0x0107, 0x0107, 0x0107, 0x0107, 0x0107, 0x0107, 0x0107, 0x0107, 0x0107, 0x0107, 0x0107,
    0x0107, 0x0107, 0x0107, 0x0107, 0x0107, 0x0107, 0x0107, 0x0107, 0x0107, 0x0107, 0x0107, 0x0107,
    0x0107, 0x0107, 0x0127, 0x0148, 0x0969, 0x11AA, 0x11CB, 0x11EB, 0x11EB, 0x11CB, 0x11CB, 0x11CB,
    0x11EB, 0x19EC, 0x1A0C, 0x11EB, 0x11CA, 0x0989, 0x0948, 0x0127, 0x0107, 0x0107, 0x0107, 0x0107,
    0x0107, 0x0107, 0x0107, 0x0107, 0x0107, 0x0107, 0x0107, 0x0107, 0x0107, 0x0107, 0x0107, 0x0107,
    0x0107, 0x0107, 0x0107, 0x0107, 0x0107, 0x0107, 0x0107, 0x0107, 0x0107, 0x0107, 0x0107, 0x0107,
    0x0107, 0x0107, 0x0107, 0x0107, 0x0107, 0x0107, 0x0107, 0x0107, 0x0107, 0x0107, 0x0107, 0x0107,
    0x0107, 0x0107, 0x0107, 0x0107, 0x0107, 0x0107, 0x0107, 0x0107, 0x0107, 0x0107, 0x0107, 0x0107,
    0x0127, 0x0128, 0x0948, 0x0989, 0x11AA, 0x11EB, 0x19EC, 0x11EC, 0x11CB, 0x11AA, 0x098A, 0x098A,
    0x11AA, 0x11CB, 0x11EB, 0x11EB, 0x11AA, 0x0989, 0x0948, 0x0127, 0x0107, 0x0107, 0x0107, 0x0107,
    0x0107, 0x0107, 0x0107, 0x0107, 0x0107, 0x0107, 0x0107, 0x0107, 0x0107, 0x0107, 0x0107, 0x0107,
    0x0107, 0x0107, 0x0107, 0x0107, 0x0107, 0x0107, 0x0107, 0x0107, 0x0107, 0x0107, 0x0107, 0x0107,
    0x0107, 0x0107, 0x0107, 0x0127, 0x0148, 0x0969, 0x09AA, 0x11CB, 0x11EB, 0x19EC, 0x11CB, 0x11AA,
    0x0969, 0x0148, 0x0128, 0x0107, 0x0107, 0x0107, 0x0107, 0x0107, 0x0107, 0x0107, 0x0107, 0x0107,
    0x0107, 0x0127, 0x0148, 0x0969, 0x1189, 0x11AA, 0x11CB, 0x11AA, 0x118A, 0x0969, 0x0148, 0x0127,
    0x0107, 0x0107, 0x0128, 0x0948, 0x0989, 0x11AA, 0x11CB, 0x19EB, 0x11CB, 0x11AA, 0x0969, 0x0148,
    0x0127, 0x0107, 0x0107, 0x0107, 0x0107, 0x0107, 0x0107, 0x0107, 0x0107, 0x0107, 0x0107, 0x0107,
    0x0107, 0x0107, 0x0107, 0x0107, 0x0107, 0x0107, 0x0107, 0x0107, 0x0107, 0x0107, 0x0107, 0x0107,
    0x0107, 0x0107, 0x0107, 0x0107, 0x0107, 0x0107, 0x0107, 0x0107, 0x0107, 0x0107, 0x0107, 0x0107,
    0x0107, 0x0107, 0x0107, 0x0107, 0x0107, 0x0107, 0x0107, 0x0107, 0x0107, 0x0107, 0x0107, 0x0107,
    0x0107, 0x0107, 0x0107, 0x0107, 0x0107, 0x0107, 0x0107, 0x0107, 0x0107, 0x0107, 0x0107, 0x0107,
    0x0107, 0x0107, 0x0107, 0x0107, 0x0107, 0x0107, 0x0107, 0x0107, 0x0107, 0x0107, 0x0107, 0x0107,
    0x0107, 0x0127, 0x0128, 0x0969, 0x098A, 0x11CB, 0x11CB, 0x11EB, 0x11CB, 0x11AA, 0x098A, 0x098A,
    0x11AA, 0x11EB, 0x1A0C, 0x1A0C, 0x11EB, 0x11AA, 0x0969, 0x0148, 0x0127, 0x0107, 0x0106, 0x0106,
    0x0106, 0x0106, 0x0106, 0x0106, 0x0106, 0x0106, 0x0106, 0x0106, 0x0107, 0x0106, 0x0106, 0x0106,
    0x0107, 0x0107, 0x0107, 0x0107, 0x0107, 0x0107, 0x0107, 0x0107, 0x0107, 0x0107, 0x0107, 0x0107,
    0x0107, 0x0107, 0x0107, 0x0107, 0x0107, 0x0107, 0x0107, 0x0107, 0x0107, 0x0107, 0x0107, 0x0107,
    0x0107, 0x0107, 0x0107, 0x0107, 0x0107, 0x0107, 0x0107, 0x0107, 0x0107, 0x0107, 0x0107, 0x0107,
    0x0128, 0x0148, 0x0969, 0x09AA, 0x11CB, 0x11EC, 0x19EC, 0x11EB, 0x11AA, 0x0989, 0x0969, 0x0969,
    0x098A, 0x11AA, 0x11EB, 0x11EB, 0x11CB, 0x11AA, 0x0969, 0x0148, 0x0127, 0x0107, 0x0107, 0x0107,
    0x0107, 0x0107, 0x0107, 0x0107, 0x0107, 0x0107, 0x0107, 0x0107, 0x0107, 0x0107, 0x0107, 0x0107,
    0x0107, 0x0107, 0x0107, 0x0107, 0x0107, 0x0107, 0x0107, 0x0107, 0x0107, 0x0107, 0x0107, 0x0107,
    0x0107, 0x0107, 0x0107, 0x0127, 0x0128, 0x0148, 0x0989, 0x11AA, 0x11EB, 0x19EC, 0x11EB, 0x11CB,
    0x098A, 0x0969, 0x0128, 0x0127, 0x0107, 0x0107, 0x0107, 0x0107, 0x0107, 0x0107, 0x0107, 0x0107,
    0x0107, 0x0107, 0x0127, 0x0948, 0x0969, 0x11AA, 0x11CA, 0x11CB, 0x11AA, 0x0989, 0x0948, 0x0128,
    0x0127, 0x0127, 0x0148, 0x0969, 0x11AA, 0x11CB, 0x11EB, 0x11CB, 0x11AA, 0x0969, 0x0948, 0x0127,
    0x0107, 0x0107, 0x0107, 0x0107, 0x0107, 0x0107, 0x0107, 0x0107, 0x0107, 0x0107, 0x0107, 0x0107,
    0x0107, 0x0107, 0x0107, 0x0107, 0x0107, 0x0107, 0x0107, 0x0107, 0x0107, 0x0107, 0x0107, 0x0107,
    0x0107, 0x0107, 0x0107, 0x0107, 0x0107, 0x0107, 0x0107, 0x0107, 0x0107, 0x0107, 0x0107, 0x0107,
    0x0107, 0x0107, 0x0107, 0x0107, 0x0107, 0x0107, 0x0107, 0x0107, 0x0107, 0x0107, 0x0107, 0x0107,
    0x0107, 0x0107, 0x0107, 0x0107, 0x0107, 0x0107, 0x0107, 0x0107, 0x0107, 0x0107, 0x0107, 0x0107,
    0x0107, 0x0107, 0x0107, 0x0107, 0x0107, 0x0107, 0x0107, 0x0107, 0x0107, 0x0107, 0x0107, 0x0107,
    0x0107, 0x0128, 0x0948, 0x0989, 0x11AA, 0x11CB, 0x19EB, 0x11CB, 0x11AA, 0x098A, 0x0969, 0x0969,
    0x098A, 0x11CB, 0x11EB, 0x1A0C, 0x19EB, 0x11CA, 0x0989, 0x0948, 0x0127, 0x0107, 0x0107, 0x0106,
    0x0106, 0x0106, 0x0107, 0x0107, 0x0106, 0x0106, 0x0107, 0x0107, 0x0107, 0x0107, 0x0107, 0x0107,
    0x0107, 0x0107, 0x0107, 0x0107, 0x0107, 0x0107, 0x0107, 0x0107, 0x0107, 0x0107, 0x0107, 0x0107,
    0x0107, 0x0107, 0x0107, 0x0107, 0x0107, 0x0107, 0x0107, 0x0107, 0x0107, 0x0107, 0x0107, 0x0107,
    0x0107, 0x0107, 0x0107, 0x0107, 0x0107, 0x0107, 0x0107, 0x0107, 0x0107, 0x0107, 0x0107, 0x0127,
    0x0128, 0x0969, 0x098A, 0x11CB, 0x11EC, 0x1A0C, 0x11EB, 0x11CB, 0x0989, 0x0969, 0x0148, 0x0948,
    0x0969, 0x11AA, 0x11CB, 0x11EB, 0x11EB, 0x11CB, 0x098A, 0x0969, 0x0148, 0x0127, 0x0107, 0x0107,
    0x0107, 0x0107, 0x0107, 0x0107, 0x0107, 0x0107, 0x0107, 0x0107, 0x0107, 0x0107, 0x0107, 0x0107,
    0x0107, 0x0107, 0x0107, 0x0107, 0x0107, 0x0107, 0x0107, 0x0107, 0x0107, 0x0107, 0x0107, 0x0107,
    0x0107, 0x0107, 0x0107, 0x0107, 0x0127, 0x0148, 0x0969, 0x098A, 0x11CB, 0x19EB, 0x19EC, 0x11EB,
    0x11AA, 0x0989, 0x0148, 0x0128, 0x0107, 0x0107, 0x0107, 0x0107, 0x0107, 0x0107, 0x0107, 0x0107,
    0x0106, 0x0107, 0x0127, 0x0128, 0x0968, 0x1189, 0x11CA, 0x11CB, 0x11CA, 0x11AA, 0x0969, 0x0948,
    0x0128, 0x0148, 0x0969, 0x0989, 0x11CA, 0x11EB, 0x11EB, 0x11CA, 0x098A, 0x0968, 0x0128, 0x0107,
    0x0107, 0x0107, 0x0107, 0x0107, 0x0107, 0x0107, 0x0107, 0x0107, 0x0107, 0x0107, 0x0107, 0x0107,
    0x0107, 0x0107, 0x0107, 0x0107, 0x0107, 0x0107, 0x0107, 0x0107, 0x0107, 0x0107, 0x0107, 0x0107,
    0x0107, 0x0107, 0x0107, 0x0107, 0x0107, 0x0107, 0x0107, 0x0107, 0x0107, 0x0107, 0x0107, 0x0107,
    0x0107, 0x0107, 0x0107, 0x0107, 0x0107, 0x0107, 0x0107, 0x0107, 0x0107, 0x0107, 0x0107, 0x0107,
    0x0107, 0x0107, 0x0107, 0x0107, 0x0107, 0x0107, 0x0107, 0x0107, 0x0107, 0x0107, 0x0107, 0x0107,
    0x0107, 0x0107, 0x0107, 0x0107, 0x0107, 0x0107, 0x0107, 0x0107, 0x0107, 0x0107, 0x0107, 0x0107,
    0x0128, 0x0148, 0x0969, 0x11AA, 0x11CB, 0x19EC, 0x11EB, 0x11CB, 0x098A, 0x0969, 0x0948, 0x0948,
    0x0969, 0x09AA, 0x11CB, 0x1A0B, 0x1A0C, 0x11EB, 0x11AA, 0x0969, 0x0148, 0x0127, 0x0107, 0x0107,
    0x0106, 0x0107, 0x0107, 0x0107, 0x0106, 0x0106, 0x0107, 0x0107, 0x0107, 0x0107, 0x0107, 0x0107,
    0x0107, 0x0107, 0x0107, 0x0107, 0x0107, 0x0107, 0x0107, 0x0107, 0x0107, 0x0107, 0x0107, 0x0107,
    0x0107, 0x0107, 0x0107, 0x0107, 0x0107, 0x0107, 0x0107, 0x0107, 0x0107, 0x0107, 0x0107, 0x0107,
    0x0107, 0x0107, 0x0107, 0x0107, 0x0107, 0x0107, 0x0107, 0x0107, 0x0107, 0x0107, 0x0127, 0x0128,
    0x0148, 0x0969, 0x11AA, 0x11EB, 0x1A0C, 0x11EC, 0x11CB, 0x09AA, 0x0969, 0x0148, 0x0128, 0x0148,
    0x0948, 0x0989, 0x11AA, 0x11EB, 0x11EB, 0x11EB, 0x11CA, 0x0989, 0x0948, 0x0127, 0x0127, 0x0107,
    0x0107, 0x0107, 0x0107, 0x0107, 0x0107, 0x0107, 0x0106, 0x0107, 0x0107, 0x0107, 0x0107, 0x0107,
    0x0107, 0x0107, 0x0107, 0x0107, 0x0107, 0x0107, 0x0107, 0x0107, 0x0107, 0x0107, 0x0107, 0x0107,
    0x0107, 0x0107, 0x0107, 0x0107, 0x0107, 0x0127, 0x0148, 0x0969, 0x11AA, 0x11CB, 0x19EC, 0x19EC,
    0x11CB, 0x09AA, 0x0969, 0x0148, 0x0127, 0x0107, 0x0107, 0x0107, 0x0107, 0x0107, 0x0107, 0x0107,
    0x0106, 0x0106, 0x0107, 0x0127, 0x0948, 0x0969, 0x11AA, 0x11CB, 0x11CB, 0x11CA, 0x098A, 0x0969,
    0x0948, 0x0969, 0x0989, 0x11AA, 0x11CB, 0x11EB, 0x11CB, 0x11AA, 0x0969, 0x0148, 0x0127, 0x0107,
    0x0107, 0x0107, 0x0107, 0x0107, 0x0107, 0x0107, 0x0107, 0x0107, 0x0107, 0x0107, 0x0107, 0x0107,
    0x0107, 0x0107, 0x0107, 0x0107, 0x0107, 0x0107, 0x0107, 0x0107, 0x0107, 0x0107, 0x0107, 0x0107,
    0x0107, 0x0107, 0x0107, 0x0107, 0x0107, 0x0107, 0x0107, 0x0107, 0x0107, 0x0107, 0x0107, 0x0107,
    0x0107, 0x0107, 0x0107, 0x0107, 0x0107, 0x0107, 0x0107, 0x0107, 0x0107, 0x0107, 0x0107, 0x0107,
    0x0107, 0x0107, 0x0107, 0x0107, 0x0107, 0x0107, 0x0107, 0x0107, 0x0107, 0x0107, 0x0107, 0x0107,
    0x0107, 0x0107, 0x0107, 0x0107, 0x0107, 0x0107, 0x0107, 0x0107, 0x0107, 0x0107, 0x0107, 0x0127,
    0x0128, 0x0969, 0x098A, 0x11CB, 0x11EB, 0x19EC, 0x11CB, 0x11AA, 0x0969, 0x0148, 0x0128, 0x0128,
    0x0948, 0x0989, 0x11CA, 0x11EB, 0x1A0C, 0x19EB, 0x11CB, 0x0989, 0x0948, 0x0128, 0x0107, 0x0107,
    0x0107, 0x0107, 0x0107, 0x0107, 0x0106, 0x0106, 0x0107, 0x0107, 0x0107, 0x0107, 0x0107, 0x0107,
    0x0107, 0x0107, 0x0107, 0x0107, 0x0107, 0x0107, 0x0107, 0x0107, 0x0107, 0x0107, 0x0107, 0x0107,
    0x0107, 0x0107, 0x0107, 0x0107, 0x0107, 0x0107, 0x0107, 0x0107, 0x0107, 0x0107, 0x0107, 0x0107,
    0x0107, 0x0107, 0x0107, 0x0107, 0x0107, 0x0107, 0x0107, 0x0107, 0x0107, 0x0127, 0x0128, 0x0148,
    0x0969, 0x09AA, 0x11CB, 0x11EC, 0x1A0C, 0x11EB, 0x11AA, 0x0989, 0x0948, 0x0128, 0x0127, 0x0128,
    0x0148, 0x0969, 0x09AA, 0x11CB, 0x11EB, 0x11EB, 0x11CB, 0x11AA, 0x0969, 0x0148, 0x0127, 0x0107,
    0x0107, 0x0107, 0x0107, 0x0107, 0x0107, 0x0107, 0x0106, 0x0107, 0x0107, 0x0107, 0x0107, 0x0107,
    0x0107, 0x0107, 0x0107, 0x0107, 0x0107, 0x0107, 0x0107, 0x0107, 0x0107, 0x0107, 0x0107, 0x0107,
    0x0107, 0x0107, 0x0107, 0x0107, 0x0107, 0x0127, 0x0128, 0x0948, 0x0989, 0x11CA, 0x11EB, 0x19EC,
    0x11EB, 0x11AB, 0x0989, 0x0948, 0x0128, 0x0107, 0x0107, 0x0107, 0x0107, 0x0107, 0x0107, 0x0107,
    0x0106, 0x0106, 0x0107, 0x0107, 0x0127, 0x0948, 0x1189, 0x11CA, 0x11CB, 0x11CB, 0x11AA, 0x098A,
    0x0989, 0x0989, 0x11AA, 0x11CB, 0x11EB, 0x11EB, 0x11CA, 0x0989, 0x0948, 0x0127, 0x0107, 0x0107,
    0x0107, 0x0107, 0x0107, 0x0107, 0x0107, 0x0107, 0x0107, 0x0107, 0x0107, 0x0107, 0x0127, 0x0107,
    0x0107, 0x0107, 0x0107, 0x0107, 0x0107, 0x0107, 0x0107, 0x0107, 0x0107, 0x0107, 0x0107, 0x0107,
    0x0107, 0x0107, 0x0107, 0x0107, 0x0107, 0x0107, 0x0107, 0x0107, 0x0107, 0x0107, 0x0107, 0x0107,
    0x0107, 0x0107, 0x0107, 0x0107, 0x0107, 0x0107, 0x0107, 0x0107, 0x0107, 0x0107, 0x0107, 0x0107,
    0x0107, 0x0107, 0x0107, 0x0107, 0x0107, 0x0107, 0x0107, 0x0107, 0x0107, 0x0107, 0x0107, 0x0107,
    0x0107, 0x0107, 0x0107, 0x0107, 0x0107, 0x0107, 0x0107, 0x0107, 0x0107, 0x0107, 0x0128, 0x0128,
    0x0949, 0x0989, 0x11AB, 0x11EB, 0x19EC, 0x11EC, 0x11CB, 0x098A, 0x0969, 0x0148, 0x0127, 0x0127,
    0x0148, 0x0969, 0x098A, 0x11CB, 0x11EB, 0x19EB, 0x11EB, 0x11AA, 0x0969, 0x0148, 0x0127, 0x0107,
    0x0107, 0x0107, 0x0107, 0x0107, 0x0107, 0x0107, 0x0107, 0x0107, 0x0107, 0x0107, 0x0107, 0x0107,
    0x0107, 0x0107, 0x0107, 0x0107, 0x0107, 0x0107, 0x0107, 0x0107, 0x0107, 0x0107, 0x0107, 0x0107,
    0x0107, 0x0107, 0x0107, 0x0107, 0x0107, 0x0107, 0x0107, 0x0107, 0x0107, 0x0107, 0x0107, 0x0107,
    0x0107, 0x0107, 0x0107, 0x0107, 0x0127, 0x0127, 0x0127, 0x0127, 0x0127, 0x0128, 0x0148, 0x0169,
    0x098A, 0x11CB, 0x11EB, 0x1A0C, 0x11EC, 0x11CB, 0x098A, 0x0969, 0x0148, 0x0127, 0x0127, 0x0127,
    0x0128, 0x0148, 0x0989, 0x11AA, 0x11EB, 0x11EB, 0x11EB, 0x11CB, 0x098A, 0x0968, 0x0128, 0x0127,
    0x0107, 0x0107, 0x0107, 0x0107, 0x0107, 0x0107, 0x0107, 0x0107, 0x0107, 0x0107, 0x0107, 0x0107,
    0x0107, 0x0107, 0x0107, 0x0107, 0x0107, 0x0107, 0x0107, 0x0107, 0x0107, 0x0107, 0x0107, 0x0107,
    0x0107, 0x0107, 0x0107, 0x0107, 0x0107, 0x0107, 0x0127, 0x0148, 0x0969, 0x118A, 0x11CB, 0x19EC,
    0x19EC, 0x11CB, 0x11AA, 0x0969, 0x0148, 0x0127, 0x0107, 0x0107, 0x0107, 0x0107, 0x0107, 0x0106,
    0x0106, 0x0106, 0x0106, 0x0107, 0x0127, 0x0148, 0x0969, 0x11AA, 0x11CB, 0x11EB, 0x11CB, 0x11CA,
    0x11AA, 0x11AA, 0x11CB, 0x11EB, 0x19EB, 0x11EB, 0x11AA, 0x0969, 0x0148, 0x0127, 0x0107, 0x0107,
    0x0107, 0x0107, 0x0107, 0x0127, 0x0127, 0x0127, 0x0127, 0x0127, 0x0127, 0x0127, 0x0127, 0x0127,
    0x0127, 0x0127, 0x0127, 0x0127, 0x0127, 0x0107, 0x0107, 0x0107, 0x0107, 0x0107, 0x0107, 0x0107,
    0x0107, 0x0107, 0x0107, 0x0107, 0x0107, 0x0107, 0x0107, 0x0107, 0x0107, 0x0107, 0x0107, 0x0107,
    0x0107, 0x0107, 0x0107, 0x0107, 0x0107, 0x0107, 0x0107, 0x0107, 0x0107, 0x0107, 0x0107, 0x0107,
    0x0107, 0x0107, 0x0107, 0x0107, 0x0107, 0x0107, 0x0107, 0x0107, 0x0107, 0x0107, 0x0107, 0x0107,
    0x0107, 0x0107, 0x0127, 0x0127, 0x0107, 0x0107, 0x0107, 0x0127, 0x0127, 0x0128, 0x0128, 0x0148,
    0x0969, 0x09AA, 0x11EB, 0x19EC, 0x19EC, 0x11CB, 0x11AA, 0x0969, 0x0148, 0x0128, 0x0127, 0x0127,
    0x0127, 0x0148, 0x0969, 0x11AA, 0x11EB, 0x19EB, 0x19EB, 0x11CB, 0x098A, 0x0969, 0x0128, 0x0127,
    0x0107, 0x0107, 0x0107, 0x0107, 0x0107, 0x0107, 0x0107, 0x0107, 0x0107, 0x0107, 0x0107, 0x0107,
    0x0107, 0x0127, 0x0127, 0x0127, 0x0127, 0x0127, 0x0127, 0x0127, 0x0127, 0x0127, 0x0127, 0x0128,
    0x0127, 0x0127, 0x0127, 0x0127, 0x0127, 0x0127, 0x0127, 0x0127, 0x0128, 0x0128, 0x0128, 0x0128,
    0x0128, 0x0128, 0x0128, 0x0128, 0x0128, 0x0128, 0x0128, 0x0128, 0x0128, 0x0148, 0x0149, 0x0989,
    0x09AA, 0x11EB, 0x120C, 0x1A0C, 0x11EB, 0x11AA, 0x0969, 0x0148, 0x0128, 0x0127, 0x0127, 0x0127,
    0x0127, 0x0148, 0x0969, 0x0989, 0x11CA, 0x11EB, 0x19EC, 0x11EB, 0x11AA, 0x0969, 0x0948, 0x0127,
    0x0107, 0x0107, 0x0107, 0x0107, 0x0107, 0x0107, 0x0107, 0x0107, 0x0107, 0x0107, 0x0107, 0x0107,
    0x0107, 0x0107, 0x0107, 0x0107, 0x0107, 0x0107, 0x0107, 0x0107, 0x0107, 0x0107, 0x0107, 0x0107,
    0x0107, 0x0107, 0x0107, 0x0107, 0x0107, 0x0107, 0x0107, 0x0128, 0x0948, 0x0969, 0x11AA, 0x11EB,
    0x19EC, 0x11EB, 0x11CB, 0x098A, 0x0948, 0x0128, 0x0127, 0x0107, 0x0107, 0x0107, 0x0107, 0x0106,
    0x0106, 0x0106, 0x0106, 0x0106, 0x0107, 0x0127, 0x0948, 0x0989, 0x11CA, 0x11EB, 0x11EB, 0x11EB,
    0x11EB, 0x11EC, 0x1A0C, 0x1A0C, 0x19EC, 0x11CB, 0x09AA, 0x0969, 0x0148, 0x0127, 0x0127, 0x0127,
    0x0127, 0x0127, 0x0127, 0x0127, 0x0127, 0x0128, 0x0128, 0x0128, 0x0128, 0x0128, 0x0128, 0x0128,
    0x0127, 0x0127, 0x0127, 0x0127, 0x0127, 0x0127, 0x0127, 0x0127, 0x0127, 0x0127, 0x0127, 0x0127,
    0x0127, 0x0127, 0x0127, 0x0127, 0x0127, 0x0127, 0x0107, 0x0107, 0x0107, 0x0107, 0x0107, 0x0107,
    0x0127, 0x0127, 0x0127, 0x0127, 0x0127, 0x0107, 0x0107, 0x0107, 0x0107, 0x0107, 0x0107, 0x0107,
    0x0107, 0x0107, 0x0107, 0x0107, 0x0107, 0x0107, 0x0107, 0x0107, 0x0127, 0x0127, 0x0127, 0x0127,
    0x0127, 0x0128, 0x0128, 0x0128, 0x0128, 0x0128, 0x0128, 0x0128, 0x0128, 0x0148, 0x0149, 0x0969,
    0x09AA, 0x11CB, 0x11EC, 0x1A0C, 0x11EC, 0x11CB, 0x098A, 0x0969, 0x0128, 0x0127, 0x0127, 0x0127,
    0x0127, 0x0128, 0x0968, 0x0989, 0x11CA, 0x11EB, 0x19EC, 0x11EB, 0x11CA, 0x0989, 0x0948, 0x0128,
    0x0127, 0x0107, 0x0107, 0x0107, 0x0107, 0x0107, 0x0107, 0x0107, 0x0107, 0x0107, 0x0107, 0x0107,
    0x0128, 0x0148, 0x0148, 0x0148, 0x0148, 0x0148, 0x0148, 0x0148, 0x0148, 0x0148, 0x0148, 0x0148,
    0x0148, 0x0148, 0x0148, 0x0148, 0x0148, 0x0148, 0x0148, 0x0148, 0x0148, 0x0148, 0x0148, 0x0148,
    0x0148, 0x0148, 0x0148, 0x0148, 0x0148, 0x0148, 0x0149, 0x0149, 0x0149, 0x0969, 0x098A, 0x09AA,
    0x11CB, 0x11EC, 0x1A0C, 0x11EC, 0x11CB, 0x098A, 0x0969, 0x0148, 0x0127, 0x0127, 0x0127, 0x0127,
    0x0127, 0x0127, 0x0148, 0x0969, 0x11AA, 0x11CB, 0x19EB, 0x19EC, 0x11CB, 0x11AA, 0x0969, 0x0148,
    0x0127, 0x0107, 0x0107, 0x0107, 0x0107, 0x0107, 0x0107, 0x0107, 0x0107, 0x0107, 0x0107, 0x0107,
    0x0107, 0x0107, 0x0107, 0x0107, 0x0107, 0x0107, 0x0107, 0x0107, 0x0107, 0x0107, 0x0107, 0x0107,
    0x0107, 0x0107, 0x0107, 0x0107, 0x0107, 0x0107, 0x0107, 0x0127, 0x0128, 0x0969, 0x098A, 0x11CB,
    0x19EB, 0x19EC, 0x11EB, 0x11AA, 0x0969, 0x0148, 0x0127, 0x0107, 0x0107, 0x0107, 0x0107, 0x0106,
    0x0106, 0x0106, 0x0106, 0x0106, 0x0106, 0x0127, 0x0148, 0x0969, 0x11AA, 0x11CB, 0x19EC, 0x1A0C,
    0x1A0C, 0x1A2D, 0x1A2D, 0x1A2D, 0x1A0C, 0x11CB, 0x09AA, 0x0969, 0x0948, 0x0148, 0x0148, 0x0148,
    0x0148, 0x0148, 0x0148, 0x0148, 0x0148, 0x0148, 0x0148, 0x0148, 0x0148, 0x0148, 0x0148, 0x0148,
    0x0148, 0x0148, 0x0148, 0x0148, 0x0148, 0x0148, 0x0148, 0x0148, 0x0148, 0x0148, 0x0148, 0x0148,
    0x0148, 0x0148, 0x0148, 0x0148, 0x0148, 0x0128, 0x0128, 0x0128, 0x0128, 0x0128, 0x0128, 0x0128,
    0x0128, 0x0128, 0x0128, 0x0128, 0x0128, 0x0128, 0x0128, 0x0128, 0x0128, 0x0128, 0x0128, 0x0128,
    0x0128, 0x0128, 0x0128, 0x0128, 0x0128, 0x0128, 0x0128, 0x0128, 0x0148, 0x0148, 0x0148, 0x0148,
    0x0148, 0x0148, 0x0148, 0x0148, 0x0148, 0x0148, 0x0149, 0x0149, 0x0169, 0x0169, 0x0989, 0x09AA,
    0x11CB, 0x11EC, 0x1A0C, 0x120C, 0x11EB, 0x09AA, 0x0969, 0x0148, 0x0128, 0x0127, 0x0127, 0x0127,
    0x0127, 0x0127, 0x0148, 0x0969, 0x09AA, 0x11CB, 0x11EB, 0x19EB, 0x11CB, 0x11AA, 0x0969, 0x0148,
    0x0127, 0x0127, 0x0107, 0x0107, 0x0107, 0x0107, 0x0107, 0x0107, 0x0107, 0x0107, 0x0107, 0x0107,
    0x0969, 0x0969, 0x0969, 0x0969, 0x0969, 0x0969, 0x0969, 0x0969, 0x0969, 0x0969, 0x0989, 0x0989,
    0x0989, 0x0989, 0x0989, 0x0989, 0x0989, 0x0989, 0x0989, 0x0989, 0x0989, 0x0989, 0x0989, 0x098A,
    0x098A, 0x0989, 0x0989, 0x0989, 0x098A, 0x098A, 0x098A, 0x098A, 0x098A, 0x09AA, 0x11CB, 0x11EB,
    0x120C, 0x1A0C, 0x1A0C, 0x11CB, 0x09AA, 0x0969, 0x0148, 0x0127, 0x0127, 0x0127, 0x0127, 0x0127,
    0x0127, 0x0127, 0x0128, 0x0148, 0x0989, 0x11CA, 0x11EB, 0x1A0C, 0x11EB, 0x11CA, 0x0989, 0x0948,
    0x0127, 0x0107, 0x0107, 0x0107, 0x0107, 0x0107, 0x0107, 0x0107, 0x0107, 0x0107, 0x0107, 0x0107,
    0x0107, 0x0107, 0x0107, 0x0107, 0x0107, 0x0107, 0x0107, 0x0107, 0x0107, 0x0107, 0x0107, 0x0107,
    0x0107, 0x0107, 0x0107, 0x0107, 0x0107, 0x0107, 0x0107, 0x0107, 0x0127, 0x0148, 0x0969, 0x11AA,
    0x11CB, 0x19EB, 0x19EB, 0x11CB, 0x098A, 0x0969, 0x0128, 0x0127, 0x0107, 0x0107, 0x0107, 0x0106,
    0x0106, 0x0106, 0x0106, 0x0106, 0x0106, 0x0107, 0x0127, 0x0948, 0x0989, 0x11CB, 0x19EC, 0x1A2D,
    0x1A4D, 0x224E, 0x224E, 0x1A4D, 0x1A0C, 0x11EB, 0x11AA, 0x098A, 0x0989, 0x0969, 0x0969, 0x0989,
    0x0989, 0x0989, 0x0989, 0x0989, 0x0989, 0x0989, 0x0989, 0x0989, 0x0989, 0x0989, 0x0989, 0x0989,
    0x0989, 0x0989, 0x0989, 0x0989, 0x0989, 0x0989, 0x0969, 0x0969, 0x0969, 0x0969, 0x0969, 0x0969,
    0x0969, 0x0969, 0x0969, 0x0969, 0x0969, 0x0969, 0x0969, 0x0969, 0x0969, 0x0969, 0x0969, 0x0969,
    0x0969, 0x0969, 0x0969, 0x0969, 0x0969, 0x0969, 0x0969, 0x0969, 0x0969, 0x0969, 0x0969, 0x0969,
    0x0969, 0x0969, 0x0969, 0x0969, 0x0969, 0x0969, 0x0969, 0x0969, 0x0969, 0x0969, 0x0969, 0x0969,
    0x0969, 0x0969, 0x0989, 0x0989, 0x0989, 0x0989, 0x098A, 0x098A, 0x098A, 0x09AA, 0x09AB, 0x11CB,
    0x11EC, 0x1A0C, 0x1A0C, 0x11EC, 0x11CB, 0x098A, 0x0169, 0x0148, 0x0127, 0x0127, 0x0127, 0x0127,
    0x0127, 0x0127, 0x0128, 0x0148, 0x0989, 0x11AA, 0x11EB, 0x19EC, 0x11EB, 0x11CB, 0x098A, 0x0969,
    0x0148, 0x0127, 0x0107, 0x0107, 0x0107, 0x0107, 0x0107, 0x0107, 0x0107, 0x0107, 0x0107, 0x0107,
    0x11AA, 0x11AA, 0x11AA, 0x11AA, 0x11AA, 0x11AA, 0x11AA, 0x11AA, 0x11AA, 0x11AA, 0x11AB, 0x11AB,
    0x11AB, 0x11AB, 0x11AB, 0x11AB, 0x11CB, 0x11AB, 0x11AB, 0x11AB, 0x11AB, 0x11AB, 0x11AB, 0x11AB,
    0x11AB, 0x11AB, 0x11AB, 0x11CB, 0x11CB, 0x11CB, 0x11CB, 0x11CB, 0x11CB, 0x11EB, 0x120C, 0x1A0C,
    0x1A2C, 0x1A0C, 0x11EC, 0x11CA, 0x0989, 0x0148, 0x0128, 0x0127, 0x0127, 0x0127, 0x0127, 0x0127,
    0x0127, 0x0127, 0x0127, 0x0148, 0x0969, 0x09AA, 0x11CB, 0x11EB, 0x19EC, 0x11CB, 0x11AA, 0x0969,
    0x0148, 0x0127, 0x0107, 0x0107, 0x0107, 0x0107, 0x0107, 0x0107, 0x0107, 0x0107, 0x0107, 0x0107,
    0x0107, 0x0107, 0x0107, 0x0107, 0x0107, 0x0107, 0x0107, 0x0107, 0x0107, 0x0107, 0x0107, 0x0107,
    0x0107, 0x0107, 0x0107, 0x0107, 0x0107, 0x0107, 0x0107, 0x0107, 0x0107, 0x0128, 0x0948, 0x0989,
    0x11AA, 0x11EB, 0x19EB, 0x11EB, 0x11AA, 0x0989, 0x0948, 0x0128, 0x0107, 0x0107, 0x0107, 0x0107,
    0x0106, 0x0106, 0x0106, 0x0106, 0x0106, 0x0107, 0x0127, 0x0148, 0x0969, 0x11AA, 0x11EC, 0x1A2D,
    0x224E, 0x226E, 0x226E, 0x224E, 0x1A2D, 0x1A0C, 0x11EB, 0x11CB, 0x11AA, 0x11AA, 0x11AA, 0x11CA,
    0x11CA, 0x11CA, 0x11CB, 0x11CB, 0x11CB, 0x11CB, 0x11CB, 0x11CB, 0x11CB, 0x11CB, 0x11CB, 0x11CB,
    0x11CB, 0x11CA, 0x11CA, 0x11CA, 0x11AA, 0x11AA, 0x11AA, 0x11AA, 0x11AA, 0x11AA, 0x11AA, 0x11AA,
    0x11AA, 0x11AA, 0x11AA, 0x11AA, 0x11AA, 0x11AA, 0x11CB, 0x11CB, 0x11AB, 0x11AA, 0x11AA, 0x11AA,
    0x11AA, 0x11AA, 0x11AA, 0x11AA, 0x11AA, 0x11AA, 0x11AA, 0x11AA, 0x11AA, 0x11AA, 0x11AA, 0x11AA,
    0x11AA, 0x11AA, 0x11AA, 0x11AA, 0x11AA, 0x11AA, 0x11AA, 0x11AA, 0x11AA, 0x11AA, 0x11AA, 0x11AA,
    0x11AA, 0x11AA, 0x11AA, 0x11AA, 0x11AB, 0x11AB, 0x11CB, 0x11CB, 0x11CB, 0x11EB, 0x11EC, 0x1A0C,
    0x1A2D, 0x1A2C, 0x120C, 0x11CB, 0x09AA, 0x0969, 0x0148, 0x0128, 0x0127, 0x0127, 0x0127, 0x0127,
    0x0127, 0x0127, 0x0127, 0x0148, 0x0969, 0x098A, 0x11CB, 0x11EB, 0x19EC, 0x11EB, 0x11AA, 0x0989,
    0x0148, 0x0127, 0x0127, 0x0107, 0x0107, 0x0107, 0x0107, 0x0107, 0x0107, 0x0107, 0x0107, 0x0107,
    0x11CB, 0x11CB, 0x11CB, 0x11CB, 0x11CB, 0x11CB, 0x11EB, 0x11EB, 0x11EB, 0x11CB, 0x11EB, 0x11EB,
    0x11EB, 0x11EB, 0x11EB, 0x11EB, 0x11EB, 0x11EB, 0x11EB, 0x11EB, 0x11EB, 0x11EB, 0x11EB, 0x11EB,
    0x11EB, 0x11EB, 0x11EB, 0x11EB, 0x11EB, 0x11EB, 0x11EC, 0x11EC, 0x120C, 0x1A0C, 0x1A2D, 0x1A2D,
    0x1A2D, 0x1A0C, 0x11CB, 0x098A, 0x0969, 0x0148, 0x0127, 0x0127, 0x0127, 0x0127, 0x0127, 0x0127,
    0x0127, 0x0127, 0x0127, 0x0127, 0x0148, 0x0989, 0x11AA, 0x11EB, 0x19EC, 0x11EB, 0x11CB, 0x098A,
    0x0968, 0x0128, 0x0127, 0x0107, 0x0107, 0x0107, 0x0107, 0x0107, 0x0107, 0x0107, 0x0107, 0x0107,
    0x0107, 0x0107, 0x0107, 0x0107, 0x0107, 0x0107, 0x0107, 0x0107, 0x0107, 0x0107, 0x0107, 0x0107,
    0x0107, 0x0107, 0x0107, 0x0107, 0x0107, 0x0107, 0x0107, 0x0107, 0x0107, 0x0127, 0x0128, 0x0969,
    0x098A, 0x11CB, 0x11EB, 0x19EB, 0x11CB, 0x11AA, 0x0969, 0x0148, 0x0127, 0x0107, 0x0107, 0x0107,
    0x0107, 0x0107, 0x0106, 0x0106, 0x0106, 0x0106, 0x0107, 0x0127, 0x0968, 0x09AA, 0x11EB, 0x1A2D,
    0x226E, 0x226E, 0x226E, 0x224E, 0x1A2D, 0x1A0C, 0x1A0C, 0x11EB, 0x11EB, 0x11EB, 0x11EB, 0x11EB,
    0x11EB, 0x11EB, 0x11EC, 0x11EC, 0x11EC, 0x11EB, 0x11EB, 0x11EB, 0x11EB, 0x11EB, 0x11EB, 0x11EB,
    0x11EB, 0x11EB, 0x11EB, 0x11EB, 0x11EB, 0x11EB, 0x11EB, 0x11EB, 0x11EB, 0x11CB, 0x11CB, 0x11CB,
    0x11CB, 0x11CB, 0x11EB, 0x11EB, 0x11EC, 0x120C, 0x1A0C, 0x1A0C, 0x1A0C, 0x11EC, 0x11EC, 0x11EB,
    0x11CB, 0x11CB, 0x11CB, 0x11CB, 0x11CB, 0x11CB, 0x11CB, 0x11CB, 0x11CB, 0x11CB, 0x11CB, 0x11CB,
    0x11CB, 0x11CB, 0x11CB, 0x11CB, 0x11CB, 0x11CB, 0x11CB, 0x11CB, 0x11CB, 0x11CB, 0x11CB, 0x11CB,
    0x11CB, 0x11CB, 0x11CB, 0x11CB, 0x11EB, 0x11EB, 0x11EC, 0x11EC, 0x120C, 0x1A0C, 0x1A2D, 0x1A4D,
    0x1A2D, 0x1A2C, 0x11EC, 0x09AA, 0x0989, 0x0148, 0x0128, 0x0127, 0x0127, 0x0127, 0x0127, 0x0127,
    0x0127, 0x0127, 0x0127, 0x0128, 0x0148, 0x0969, 0x11AA, 0x11EB, 0x19EC, 0x11EC, 0x11CB, 0x09AA,
    0x0969, 0x0148, 0x0127, 0x0107, 0x0107, 0x0107, 0x0107, 0x0107, 0x0107, 0x0107, 0x0107, 0x0107,
    0x11CB, 0x11CB, 0x11EB, 0x11EB, 0x11EB, 0x11EB, 0x11EB, 0x11EB, 0x11EB, 0x11EB, 0x11EB, 0x11EB,
    0x11EB, 0x11EB, 0x11EB, 0x11EB, 0x11EB, 0x11EB, 0x11EB, 0x11EB, 0x11EB, 0x11EB, 0x11EB, 0x11EB,
    0x11EB, 0x11EB, 0x11EB, 0x11EB, 0x11EB, 0x11EB, 0x11EC, 0x120C, 0x1A2D, 0x1A2D, 0x1A4D, 0x1A4D,
    0x1A2D, 0x11EC, 0x11AA, 0x0969, 0x0148, 0x0127, 0x0127, 0x0107, 0x0127, 0x0127, 0x0127, 0x0107,
    0x0107, 0x0127, 0x0127, 0x0127, 0x0148, 0x0968, 0x0989, 0x11CB, 0x11EB, 0x19EC, 0x11EB, 0x11AA,
    0x0989, 0x0948, 0x0127, 0x0107, 0x0107, 0x0107, 0x0107, 0x0107, 0x0107, 0x0107, 0x0107, 0x0107,
    0x0107, 0x0107, 0x0107, 0x0107, 0x0107, 0x0107, 0x0107, 0x0107, 0x0107, 0x0107, 0x0107, 0x0107,
    0x0107, 0x0107, 0x0107, 0x0107, 0x0107, 0x0107, 0x0107, 0x0107, 0x0107, 0x0107, 0x0127, 0x0148,
    0x0969, 0x11AA, 0x11EB, 0x19EB, 0x11EB, 0x11CA, 0x0989, 0x0948, 0x0128, 0x0127, 0x0107, 0x0107,
    0x0107, 0x0107, 0x0107, 0x0106, 0x0106, 0x0107, 0x0107, 0x0127, 0x0968, 0x098A, 0x11EB, 0x1A2D,
    0x224E, 0x226E, 0x1A4E, 0x1A2D, 0x1A2C, 0x1A0C, 0x19EC, 0x11EB, 0x11EB, 0x11EB, 0x11EB, 0x120C,
    0x120C, 0x120C, 0x120C, 0x11EC, 0x11EC, 0x11EC, 0x11EC, 0x11EB, 0x11EB, 0x11EB, 0x11EB, 0x11EB,
    0x11EB, 0x11EB, 0x11EB, 0x11EB, 0x11EB, 0x11EB, 0x11EB, 0x11EB, 0x11EB, 0x11EB, 0x11CB, 0x11CB,
    0x11EB, 0x11EB, 0x11EC, 0x1A0C, 0x1A2D, 0x1A4D, 0x1A4D, 0x1A4D, 0x1A2D, 0x1A2D, 0x1A0C, 0x19EC,
    0x19EC, 0x11EB, 0x11EB, 0x11EB, 0x11EB, 0x11EB, 0x11EB, 0x11EB, 0x11EB, 0x11EB, 0x11EB, 0x11EB,
    0x11EB, 0x11CB, 0x11CB, 0x11CB, 0x11CB, 0x11CB, 0x11CB, 0x11CB, 0x11CB, 0x11EB, 0x11EB, 0x11EB,
    0x11EB, 0x11EB, 0x11EB, 0x11EB, 0x11EB, 0x11EB, 0x19EC, 0x1A0C, 0x1A2D, 0x1A2D, 0x1A4D, 0x1A4D,
    0x1A2D, 0x1A0C, 0x11CB, 0x098A, 0x0969, 0x0148, 0x0127, 0x0127, 0x0127, 0x0127, 0x0127, 0x0127,
    0x0127, 0x0127, 0x0127, 0x0127, 0x0148, 0x0169, 0x098A, 0x11CB, 0x11EB, 0x1A0C, 0x11EB, 0x11CA,
    0x0989, 0x0948, 0x0128, 0x0127, 0x0107, 0x0107, 0x0107, 0x0107, 0x0107, 0x0107, 0x0107, 0x0107,
    0x11AA, 0x11AA, 0x11CA, 0x11CA, 0x11CA, 0x11CA, 0x11CA, 0x11CB, 0x11CB, 0x11AB, 0x11AB, 0x11CB,
    0x11CB, 0x11CB, 0x11CB, 0x11CB, 0x11CB, 0x11CB, 0x11CA, 0x11CA, 0x11CA, 0x11CA, 0x11CA, 0x11CA,
    0x11CA, 0x11CA, 0x11CA, 0x11CA, 0x11CB, 0x11CB, 0x11EB, 0x120C, 0x1A2D, 0x1A4D, 0x1A4D, 0x1A2D,
    0x1A0C, 0x11CB, 0x098A, 0x0948, 0x0128, 0x0127, 0x0107, 0x0107, 0x0107, 0x0107, 0x0107, 0x0107,
    0x0107, 0x0107, 0x0107, 0x0127, 0x0127, 0x0148, 0x0969, 0x11AA, 0x11CB, 0x19EC, 0x11EC, 0x11CB,
    0x09AA, 0x0969, 0x0148, 0x0127, 0x0107, 0x0107, 0x0107, 0x0107, 0x0107, 0x0107, 0x0107, 0x0107,
    0x0107, 0x0107, 0x0107, 0x0107, 0x0107, 0x0107, 0x0107, 0x0107, 0x0107, 0x0107, 0x0107, 0x0107,
    0x0107, 0x0107, 0x0107, 0x0107, 0x0107, 0x0107, 0x0107, 0x0107, 0x0107, 0x0107, 0x0127, 0x0128,
    0x0968, 0x0989, 0x11CA, 0x11EB, 0x19EB, 0x11EB, 0x11AA, 0x0969, 0x0148, 0x0127, 0x0107, 0x0107,
    0x0107, 0x0107, 0x0107, 0x0107, 0x0107, 0x0107, 0x0107, 0x0128, 0x0969, 0x11AA, 0x11EB, 0x1A0C,
    0x1A2D, 0x1A2D, 0x1A0D, 0x120C, 0x11EB, 0x11EB, 0x11CB, 0x11CB, 0x11CB, 0x11CB, 0x11CB, 0x11EB,
    0x11EB, 0x11EB, 0x11EB, 0x11CB, 0x11CB, 0x11CB, 0x11CB, 0x11CB, 0x11CB, 0x11CB, 0x11CB, 0x11CB,
    0x11CB, 0x11CB, 0x11CB, 0x11CB, 0x11CB, 0x11CB, 0x11CB, 0x11CB, 0x11CB, 0x11CB, 0x11CA, 0x11CA,
    0x11CB, 0x11EB, 0x11EC, 0x1A0C, 0x1A4D, 0x1A4E, 0x226E, 0x226E, 0x1A4E, 0x1A2D, 0x1A0C, 0x19EC,
    0x11EB, 0x11CB, 0x11CB, 0x11CB, 0x11CB, 0x11CB, 0x11CB, 0x11CB, 0x11CB, 0x11CB, 0x11CB, 0x11CB,
    0x11CB, 0x11CB, 0x11CA, 0x11AA, 0x11AA, 0x11AA, 0x11AA, 0x11AA, 0x11AA, 0x11CA, 0x11CA, 0x11CA,
    0x11CA, 0x11CA, 0x11CA, 0x11CB, 0x11CB, 0x11CB, 0x11CB, 0x19EC, 0x1A0C, 0x1A2D, 0x1A4D, 0x1A4D,
    0x1A2D, 0x11EB, 0x09AA, 0x0969, 0x0148, 0x0127, 0x0127, 0x0107, 0x0107, 0x0107, 0x0127, 0x0127,
    0x0127, 0x0127, 0x0127, 0x0127, 0x0128, 0x0148, 0x0969, 0x09AA, 0x11CB, 0x11EC, 0x1A0C, 0x11CB,
    0x11AA, 0x0969, 0x0148, 0x0127, 0x0107, 0x0107, 0x0107, 0x0107, 0x0107, 0x0107, 0x0107, 0x0107,
    0x0989, 0x0989, 0x0989, 0x0989, 0x0989, 0x0989, 0x0989, 0x0989, 0x098A, 0x098A, 0x098A, 0x098A,
    0x098A, 0x098A, 0x098A, 0x0989, 0x0989, 0x0989, 0x0989, 0x0989, 0x0989, 0x0989, 0x0989, 0x0989,
    0x0989, 0x0989, 0x0989, 0x0989, 0x0989, 0x09AA, 0x11CA, 0x11EB, 0x1A0C, 0x1A2D, 0x1A2D, 0x1A2C,
    0x11EB, 0x11AA, 0x0969, 0x0148, 0x0127, 0x0107, 0x0107, 0x0107, 0x0107, 0x0107, 0x0107, 0x0107,
    0x0107, 0x0107, 0x0107, 0x0107, 0x0127, 0x0128, 0x0948, 0x0989, 0x11CA, 0x11EB, 0x19EC, 0x11EB,
    0x11CA, 0x0989, 0x0948, 0x0128, 0x0107, 0x0107, 0x0107, 0x0107, 0x0107, 0x0107, 0x0107, 0x0107,
    0x0107, 0x0107, 0x0107, 0x0107, 0x0107, 0x0107, 0x0107, 0x0107, 0x0107, 0x0107, 0x0107, 0x0107,
    0x0107, 0x0107, 0x0107, 0x0107, 0x0107, 0x0107, 0x0107, 0x0107, 0x0107, 0x0107, 0x0107, 0x0127,
    0x0148, 0x0969, 0x11AA, 0x11CB, 0x19EB, 0x11EB, 0x11CA, 0x098A, 0x0969, 0x0128, 0x0127, 0x0107,
    0x0107, 0x0107, 0x0107, 0x0107, 0x0107, 0x0107, 0x0127, 0x0148, 0x0989, 0x11AA, 0x11EB, 0x1A0C,
    0x1A0C, 0x11EC, 0x11CB, 0x11AB, 0x09AA, 0x09AA, 0x098A, 0x098A, 0x098A, 0x098A, 0x09AA, 0x09AA,
    0x09AA, 0x09AA, 0x09AA, 0x09AA, 0x098A, 0x098A, 0x098A, 0x098A, 0x0989, 0x0989, 0x0989, 0x0989,
    0x098A, 0x098A, 0x098A, 0x098A, 0x098A, 0x098A, 0x098A, 0x0989, 0x0989, 0x0989, 0x0989, 0x0989,
    0x09AA, 0x11CA, 0x11EB, 0x1A0C, 0x1A2D, 0x1A4E, 0x226E, 0x226E, 0x1A4E, 0x1A2D, 0x1A0C, 0x11EB,
    0x11CB, 0x11AA, 0x098A, 0x098A, 0x098A, 0x098A, 0x098A, 0x098A, 0x098A, 0x098A, 0x098A, 0x098A,
    0x098A, 0x0989, 0x0989, 0x0989, 0x0989, 0x0989, 0x0989, 0x0989, 0x0989, 0x0989, 0x0989, 0x0989,
    0x0989, 0x0989, 0x0989, 0x0989, 0x098A, 0x118A, 0x11AA, 0x11CB, 0x1A0C, 0x1A2D, 0x1A2D, 0x1A2D,
    0x1A0C, 0x11CB, 0x0989, 0x0148, 0x0128, 0x0127, 0x0107, 0x0107, 0x0107, 0x0107, 0x0127, 0x0127,
    0x0127, 0x0127, 0x0127, 0x0127, 0x0127, 0x0128, 0x0168, 0x0989, 0x11AA, 0x11EB, 0x1A0C, 0x11EB,
    0x11CB, 0x0989, 0x0968, 0x0128, 0x0127, 0x0107, 0x0107, 0x0107, 0x0107, 0x0107, 0x0107, 0x0107,
    0x0148, 0x0148, 0x0948, 0x0948, 0x0948, 0x0948, 0x0948, 0x0948, 0x0948, 0x0948, 0x0948, 0x0948,
    0x0948, 0x0948, 0x0948, 0x0948, 0x0148, 0x0148, 0x0948, 0x0948, 0x0948, 0x0948, 0x0948, 0x0948,
    0x0948, 0x0948, 0x0948, 0x0948, 0x0968, 0x0969, 0x09AA, 0x11CB, 0x19EC, 0x1A2C, 0x1A0C, 0x11EC,
    0x11CA, 0x0989, 0x0148, 0x0127, 0x0107, 0x0107, 0x0107, 0x0107, 0x0107, 0x0107, 0x0107, 0x0107,
    0x0107, 0x0107, 0x0107, 0x0107, 0x0107, 0x0127, 0x0148, 0x0969, 0x098A, 0x11CB, 0x19EC, 0x19EC,
    0x11CB, 0x11AA, 0x0969, 0x0148, 0x0127, 0x0107, 0x0107, 0x0107, 0x0107, 0x0107, 0x0107, 0x0107,
    0x0107, 0x0107, 0x0107, 0x0107, 0x0107, 0x0107, 0x0107, 0x0107, 0x0107, 0x0107, 0x0107, 0x0107,
    0x0107, 0x0107, 0x0107, 0x0107, 0x0107, 0x0107, 0x0107, 0x0107, 0x0107, 0x0107, 0x0107, 0x0127,
    0x0128, 0x0948, 0x0989, 0x11AA, 0x11EB, 0x19EB, 0x11EB, 0x11CA, 0x0989, 0x0948, 0x0128, 0x0127,
    0x0107, 0x0107, 0x0107, 0x0107, 0x0107, 0x0127, 0x0128, 0x0969, 0x098A, 0x11CB, 0x19EC, 0x19EC,
    0x11EB, 0x11CB, 0x098A, 0x0969, 0x0969, 0x0969, 0x0969, 0x0969, 0x0968, 0x0968, 0x0969, 0x0969,
    0x0969, 0x0969, 0x0969, 0x0969, 0x0969, 0x0948, 0x0948, 0x0948, 0x0948, 0x0948, 0x0948, 0x0948,
    0x0948, 0x0948, 0x0948, 0x0948, 0x0948, 0x0948, 0x0948, 0x0948, 0x0948, 0x0948, 0x0948, 0x0969,
    0x0989, 0x11AA, 0x11CB, 0x1A0C, 0x1A2D, 0x1A4D, 0x1A4D, 0x1A4D, 0x1A2D, 0x1A2D, 0x120C, 0x11CB,
    0x09AA, 0x0989, 0x0969, 0x0969, 0x0969, 0x0948, 0x0948, 0x0948, 0x0948, 0x0948, 0x0948, 0x0948,
    0x0948, 0x0948, 0x0948, 0x0948, 0x0948, 0x0948, 0x0948, 0x0948, 0x0948, 0x0948, 0x0948, 0x0948,
    0x0948, 0x0948, 0x0948, 0x0948, 0x0949, 0x0969, 0x098A, 0x11AA, 0x11EB, 0x1A0C, 0x1A0C, 0x1A0C,
    0x11CB, 0x098A, 0x0969, 0x0148, 0x0127, 0x0107, 0x0107, 0x0107, 0x0107, 0x0107, 0x0107, 0x0127,
    0x0127, 0x0127, 0x0127, 0x0127, 0x0127, 0x0128, 0x0148, 0x0969, 0x098A, 0x11CB, 0x11EB, 0x19EC,
    0x11EB, 0x11AA, 0x0989, 0x0148, 0x0127, 0x0107, 0x0107, 0x0107, 0x0107, 0x0107, 0x0107, 0x0107,
    0x0128, 0x0128, 0x0127, 0x0127, 0x0127, 0x0127, 0x0127, 0x0127, 0x0128, 0x0128, 0x0128, 0x0128,
    0x0127, 0x0127, 0x0127, 0x0127, 0x0127, 0x0127, 0x0127, 0x0127, 0x0127, 0x0127, 0x0127, 0x0127,
    0x0127, 0x0127, 0x0127, 0x0128, 0x0148, 0x0969, 0x0989, 0x11CB, 0x11EB, 0x1A0C, 0x19EC, 0x11CB,
    0x098A, 0x0969, 0x0128, 0x0127, 0x0107, 0x0107, 0x0107, 0x0107, 0x0107, 0x0107, 0x0107, 0x0107,
    0x0107, 0x0107, 0x0107, 0x0107, 0x0107, 0x0107, 0x0127, 0x0948, 0x0989, 0x11AA, 0x11EB, 0x19EC,
    0x11EB, 0x11CB, 0x098A, 0x0969, 0x0128, 0x0127, 0x0107, 0x0107, 0x0107, 0x0107, 0x0107, 0x0107,
    0x0107, 0x0107, 0x0107, 0x0107, 0x0107, 0x0107, 0x0107, 0x0107, 0x0107, 0x0107, 0x0107, 0x0107,
    0x0107, 0x0107, 0x0107, 0x0107, 0x0107, 0x0107, 0x0107, 0x0107, 0x0107, 0x0107, 0x0107, 0x0107,
    0x0127, 0x0148, 0x0969, 0x09AA, 0x11CB, 0x19EB, 0x19EB, 0x11CB, 0x11AA, 0x0969, 0x0148, 0x0127,
    0x0107, 0x0107, 0x0107, 0x0107, 0x0127, 0x0128, 0x0948, 0x0989, 0x11CA, 0x11EB, 0x19EC, 0x11EB,
    0x11AB, 0x098A, 0x0969, 0x0148, 0x0128, 0x0128, 0x0128, 0x0128, 0x0128, 0x0128, 0x0128, 0x0128,
    0x0128, 0x0128, 0x0128, 0x0128, 0x0128, 0x0127, 0x0127, 0x0127, 0x0127, 0x0127, 0x0127, 0x0127,
    0x0127, 0x0127, 0x0127, 0x0127, 0x0127, 0x0127, 0x0127, 0x0127, 0x0128, 0x0128, 0x0128, 0x0948,
    0x0969, 0x11AA, 0x11CB, 0x1A0C, 0x1A0C, 0x1A2D, 0x1A2D, 0x1A2D, 0x1A2D, 0x1A0C, 0x11EC, 0x11CB,
    0x098A, 0x0969, 0x0148, 0x0148, 0x0128, 0x0128, 0x0128, 0x0128, 0x0128, 0x0128, 0x0128, 0x0128,
    0x0128, 0x0127, 0x0127, 0x0127, 0x0127, 0x0127, 0x0127, 0x0127, 0x0127, 0x0127, 0x0127, 0x0127,
    0x0127, 0x0127, 0x0127, 0x0128, 0x0128, 0x0948, 0x0969, 0x11AA, 0x11EB, 0x19EC, 0x19EC, 0x11CB,
    0x11AA, 0x0969, 0x0148, 0x0127, 0x0127, 0x0107, 0x0107, 0x0107, 0x0107, 0x0107, 0x0107, 0x0107,
    0x0107, 0x0127, 0x0127, 0x0127, 0x0127, 0x0127, 0x0128, 0x0148, 0x0989, 0x11AA, 0x11CB, 0x19EC,
    0x11EB, 0x11CB, 0x098A, 0x0969, 0x0148, 0x0127, 0x0107, 0x0107, 0x0107, 0x0107, 0x0107, 0x0107,
    0x0128, 0x0127, 0x0127, 0x0127, 0x0107, 0x0107, 0x0107, 0x0107, 0x0107, 0x0107, 0x0107, 0x0107,
    0x0107, 0x0107, 0x0107, 0x0107, 0x0107, 0x0107, 0x0107, 0x0107, 0x0107, 0x0107, 0x0107, 0x0107,
    0x0107, 0x0127, 0x0127, 0x0127, 0x0148, 0x0969, 0x09AA, 0x11CB, 0x19EB, 0x19EB, 0x11CB, 0x11AA,
    0x0969, 0x0148, 0x0127, 0x0107, 0x0107, 0x0107, 0x0107, 0x0107, 0x0107, 0x0107, 0x0107, 0x0107,
    0x0107, 0x0107, 0x0107, 0x0107, 0x0107, 0x0107, 0x0127, 0x0128, 0x0969, 0x098A, 0x11CB, 0x11EC,
    0x19EC, 0x11EB, 0x11AA, 0x0969, 0x0148, 0x0128, 0x0107, 0x0107, 0x0107, 0x0107, 0x0107, 0x0107,
    0x0107, 0x0107, 0x0107, 0x0107, 0x0107, 0x0107, 0x0107, 0x0107, 0x0107, 0x0107, 0x0107, 0x0107,
    0x0107, 0x0107, 0x0107, 0x0107, 0x0107, 0x0107, 0x0107, 0x0107, 0x0107, 0x0107, 0x0107, 0x0107,
    0x0127, 0x0127, 0x0148, 0x0989, 0x11AA, 0x11EB, 0x19EB, 0x11EB, 0x11CA, 0x0989, 0x0968, 0x0128,
    0x0127, 0x0107, 0x0107, 0x0107, 0x0127, 0x0148, 0x0969, 0x11AA, 0x11CB, 0x19EB, 0x11EB, 0x11CB,
    0x098A, 0x0969, 0x0148, 0x0127, 0x0127, 0x0107, 0x0107, 0x0107, 0x0107, 0x0107, 0x0107, 0x0127,
    0x0127, 0x0127, 0x0127, 0x0127, 0x0107, 0x0107, 0x0107, 0x0107, 0x0107, 0x0107, 0x0107, 0x0107,
    0x0107, 0x0107, 0x0107, 0x0107, 0x0107, 0x0107, 0x0107, 0x0107, 0x0107, 0x0127, 0x0128, 0x0948,
    0x0989, 0x11AA, 0x11EB, 0x1A0C, 0x1A0C, 0x11EC, 0x11EC, 0x11EC, 0x1A0C, 0x1A0C, 0x11EC, 0x11CB,
    0x09AA, 0x0969, 0x0148, 0x0128, 0x0127, 0x0127, 0x0107, 0x0107, 0x0107, 0x0107, 0x0107, 0x0107,
    0x0107, 0x0107, 0x0107, 0x0107, 0x0107, 0x0107, 0x0107, 0x0107, 0x0107, 0x0107, 0x0107, 0x0107,
    0x0107, 0x0107, 0x0107, 0x0127, 0x0128, 0x0948, 0x0969, 0x11AA, 0x11EB, 0x11EB, 0x11EB, 0x11AA,
    0x0989, 0x0948, 0x0128, 0x0127, 0x0107, 0x0107, 0x0107, 0x0107, 0x0107, 0x0107, 0x0107, 0x0107,
    0x0107, 0x0127, 0x0127, 0x0127, 0x0127, 0x0127, 0x0127, 0x0148, 0x0969, 0x0989, 0x11CA, 0x11EB,
    0x19EC, 0x11EB, 0x11AA, 0x0989, 0x0948, 0x0128, 0x0107, 0x0107, 0x0107, 0x0107, 0x0107, 0x0107,
    0x0148, 0x0148, 0x0127, 0x0127, 0x0107, 0x0107, 0x0107, 0x0107, 0x0107, 0x0107, 0x0107, 0x0107,
    0x0107, 0x0107, 0x0107, 0x0107, 0x0107, 0x0107, 0x0107, 0x0107, 0x0107, 0x0107, 0x0107, 0x0107,
    0x0107, 0x0107, 0x0127, 0x0127, 0x0948, 0x0989, 0x11AA, 0x11EB, 0x19EB, 0x11EB, 0x11AA, 0x0989,
    0x0948, 0x0127, 0x0107, 0x0107, 0x0107, 0x0107, 0x0107, 0x0107, 0x0107, 0x0107, 0x0107, 0x0107,
    0x0107, 0x0107, 0x0107, 0x0107, 0x0107, 0x0107, 0x0107, 0x0127, 0x0148, 0x0969, 0x11AA, 0x11EB,
    0x19EC, 0x11EC, 0x11CB, 0x098A, 0x0969, 0x0148, 0x0127, 0x0107, 0x0107, 0x0107, 0x0107, 0x0107,
    0x0107, 0x0107, 0x0107, 0x0107, 0x0107, 0x0107, 0x0107, 0x0107, 0x0107, 0x0107, 0x0107, 0x0107,
    0x0107, 0x0107, 0x0107, 0x0107, 0x0107, 0x0107, 0x0107, 0x0107, 0x0107, 0x0107, 0x0107, 0x0107,
    0x0107, 0x0127, 0x0128, 0x0968, 0x0989, 0x11CA, 0x11EB, 0x19EB, 0x11EB, 0x11AA, 0x0969, 0x0148,
    0x0128, 0x0127, 0x0107, 0x0127, 0x0148, 0x0969, 0x098A, 0x11CB, 0x11EB, 0x19EC, 0x11EB, 0x11AA,
    0x0969, 0x0148, 0x0127, 0x0107, 0x0107, 0x0107, 0x0107, 0x0107, 0x0107, 0x0107, 0x0107, 0x0107,
    0x0107, 0x0107, 0x0107, 0x0107, 0x0107, 0x0107, 0x0107, 0x0107, 0x0106, 0x0106, 0x0106, 0x0106,
    0x0106, 0x0107, 0x0107, 0x0107, 0x0107, 0x0107, 0x0107, 0x0107, 0x0107, 0x0127, 0x0148, 0x0969,
    0x11AA, 0x11CB, 0x19EB, 0x1A0C, 0x11EB, 0x11CB, 0x11AB, 0x11CB, 0x11EB, 0x11EC, 0x1A0C, 0x11EB,
    0x11AA, 0x0989, 0x0148, 0x0128, 0x0127, 0x0127, 0x0107, 0x0107, 0x0107, 0x0107, 0x0107, 0x0107,
    0x0107, 0x0107, 0x0107, 0x0107, 0x0107, 0x0107, 0x0107, 0x0107, 0x0107, 0x0107, 0x0107, 0x0107,
    0x0107, 0x0107, 0x0107, 0x0127, 0x0128, 0x0969, 0x098A, 0x11CB, 0x11EB, 0x11EB, 0x11CB, 0x098A,
    0x0969, 0x0148, 0x0127, 0x0107, 0x0107, 0x0107, 0x0107, 0x0107, 0x0107, 0x0107, 0x0107, 0x0127,
    0x0127, 0x0127, 0x0107, 0x0107, 0x0127, 0x0127, 0x0127, 0x0128, 0x0148, 0x0969, 0x09AA, 0x11CB,
    0x11EB, 0x11EB, 0x11CB, 0x09AA, 0x0969, 0x0148, 0x0127, 0x0107, 0x0107, 0x0107, 0x0107, 0x0107,
    0x0969, 0x0969, 0x0148, 0x0127, 0x0127, 0x0107, 0x0107, 0x0107, 0x0107, 0x0107, 0x0107, 0x0107,
    0x0107, 0x0107, 0x0107, 0x0107, 0x0107, 0x0107, 0x0107, 0x0107, 0x0107, 0x0107, 0x0107, 0x0107,
    0x0107, 0x0107, 0x0127, 0x0148, 0x0969, 0x11AA, 0x11CB, 0x19EB, 0x19EB, 0x11CA, 0x0989, 0x0968,
    0x0127, 0x0107, 0x0107, 0x0107, 0x0107, 0x0107, 0x0107, 0x0107, 0x0107, 0x0107, 0x0107, 0x0107,
    0x0107, 0x0107, 0x0107, 0x0107, 0x0107, 0x0107, 0x0107, 0x0127, 0x0128, 0x0949, 0x098A, 0x11CB,
    0x11EC, 0x19EC, 0x11EB, 0x11CA, 0x0989, 0x0948, 0x0128, 0x0107, 0x0107, 0x0107, 0x0107, 0x0107,
    0x0107, 0x0107, 0x0107, 0x0107, 0x0107, 0x0107, 0x0107, 0x0107, 0x0107, 0x0107, 0x0107, 0x0107,
    0x0107, 0x0107, 0x0107, 0x0107, 0x0107, 0x0107, 0x0107, 0x0107, 0x0107, 0x0107, 0x0107, 0x0107,
    0x0107, 0x0127, 0x0127, 0x0148, 0x0969, 0x11AA, 0x11EB, 0x19EB, 0x19EB, 0x11CB, 0x098A, 0x0969,
    0x0148, 0x0128, 0x0127, 0x0128, 0x0148, 0x0989, 0x11AA, 0x11EB, 0x19EC, 0x11EB, 0x11CB, 0x0989,
    0x0948, 0x0128, 0x0127, 0x0107, 0x0107, 0x0107, 0x0107, 0x0107, 0x0107, 0x0107, 0x0107, 0x0107,
    0x0107, 0x0107, 0x0107, 0x0107, 0x0107, 0x0107, 0x0107, 0x0106, 0x0106, 0x0106, 0x0106, 0x0106,
    0x0106, 0x0106, 0x0107, 0x0107, 0x0107, 0x0107, 0x0107, 0x0107, 0x0127, 0x0128, 0x0948, 0x0989,
    0x11CA, 0x19EB, 0x1A0C, 0x19EB, 0x11CB, 0x09AA, 0x098A, 0x098A, 0x11AB, 0x11EB, 0x1A0C, 0x19EC,
    0x11CB, 0x09AA, 0x0969, 0x0148, 0x0127, 0x0127, 0x0107, 0x0107, 0x0107, 0x0107, 0x0107, 0x0107,
    0x0107, 0x0107, 0x0107, 0x0107, 0x0107, 0x0107, 0x0107, 0x0107, 0x0107, 0x0107, 0x0107, 0x0107,
    0x0107, 0x0107, 0x0107, 0x0127, 0x0948, 0x0969, 0x11AA, 0x11CB, 0x11EB, 0x11CB, 0x11AA, 0x0969,
    0x0148, 0x0127, 0x0107, 0x0107, 0x0107, 0x0107, 0x0107, 0x0107, 0x0107, 0x0127, 0x0127, 0x0127,
    0x0127, 0x0127, 0x0107, 0x0107, 0x0107, 0x0107, 0x0107, 0x0127, 0x0128, 0x0148, 0x0989, 0x11AA,
    0x11EB, 0x11EC, 0x11EB, 0x11CB, 0x098A, 0x0949, 0x0128, 0x0127, 0x0107, 0x0107, 0x0107, 0x0107,
    0x11AA, 0x098A, 0x0969, 0x0148, 0x0127, 0x0107, 0x0107, 0x0107, 0x0107, 0x0107, 0x0107, 0x0107,
    0x0107, 0x0107, 0x0107, 0x0107, 0x0107, 0x0107, 0x0107, 0x0107, 0x0107, 0x0107, 0x0107, 0x0107,
    0x0107, 0x0127, 0x0127, 0x0948, 0x0989, 0x11AA, 0x11EB, 0x19EB, 0x11CB, 0x11AA, 0x0969, 0x0148,
    0x0127, 0x0107, 0x0107, 0x0107, 0x0107, 0x0107, 0x0107, 0x0107, 0x0107, 0x0107, 0x0107, 0x0107,
    0x0107, 0x0107, 0x0107, 0x0107, 0x0107, 0x0107, 0x0107, 0x0107, 0x0127, 0x0148, 0x0969, 0x09AA,
    0x11CB, 0x19EC, 0x19EC, 0x11CB, 0x11AA, 0x0969, 0x0148, 0x0127, 0x0107, 0x0107, 0x0107, 0x0107,
    0x0107, 0x0107, 0x0107, 0x0107, 0x0107, 0x0107, 0x0107, 0x0107, 0x0107, 0x0107, 0x0107, 0x0107,
    0x0107, 0x0107, 0x0107, 0x0107, 0x0107, 0x0107, 0x0107, 0x0107, 0x0107, 0x0107, 0x0107, 0x0107,
    0x0107, 0x0107, 0x0127, 0x0128, 0x0948, 0x0989, 0x11CA, 0x11EB, 0x19EB, 0x11EB, 0x11AA, 0x0989,
    0x0149, 0x0148, 0x0128, 0x0148, 0x0969, 0x09AA, 0x11CB, 0x11EC, 0x19EC, 0x11CB, 0x11AA, 0x0969,
    0x0148, 0x0127, 0x0107, 0x0107, 0x0107, 0x0107, 0x0107, 0x0107, 0x0107, 0x0107, 0x0107, 0x0107,
    0x0107, 0x0107, 0x0107, 0x0107, 0x0107, 0x0107, 0x0107, 0x0106, 0x0106, 0x0106, 0x0106, 0x0106,
    0x0106, 0x0106, 0x0106, 0x0107, 0x0107, 0x0107, 0x0107, 0x0107, 0x0127, 0x0148, 0x0969, 0x11AA,
    0x11EB, 0x1A0C, 0x1A0C, 0x11CB, 0x11AA, 0x0969, 0x0969, 0x0969, 0x098A, 0x11CB, 0x11EB, 0x1A0C,
    0x11EB, 0x11CA, 0x0989, 0x0968, 0x0128, 0x0127, 0x0127, 0x0107, 0x0107, 0x0107, 0x0107, 0x0107,
    0x0107, 0x0107, 0x0107, 0x0107, 0x0107, 0x0107, 0x0107, 0x0107, 0x0107, 0x0107, 0x0107, 0x0107,
    0x0107, 0x0107, 0x0127, 0x0128, 0x0968, 0x118A, 0x11CA, 0x11CB, 0x11CB, 0x11AA, 0x0989, 0x0948,
    0x0128, 0x0127, 0x0107, 0x0107, 0x0107, 0x0107, 0x0107, 0x0107, 0x0107, 0x0127, 0x0127, 0x0127,
    0x0127, 0x0127, 0x0107, 0x0107, 0x0107, 0x0107, 0x0107, 0x0107, 0x0127, 0x0148, 0x0969, 0x098A,
    0x11CB, 0x11EB, 0x19EC, 0x11EB, 0x11AA, 0x0969, 0x0148, 0x0128, 0x0107, 0x0107, 0x0107, 0x0107,
    0x11EB, 0x11CB, 0x098A, 0x0969, 0x0128, 0x0127, 0x0107, 0x0107, 0x0107, 0x0107, 0x0107, 0x0107,
    0x0107, 0x0107, 0x0107, 0x0107, 0x0107, 0x0107, 0x0107, 0x0107, 0x0107, 0x0107, 0x0107, 0x0107,
    0x0107, 0x0127, 0x0148, 0x0969, 0x11AA, 0x11CB, 0x19EB, 0x11EB, 0x11AA, 0x0989, 0x0948, 0x0127,
    0x0107, 0x0107, 0x0106, 0x0106, 0x0107, 0x0107, 0x0107, 0x0107, 0x0107, 0x0107, 0x0107, 0x0107,
    0x0107, 0x0107, 0x0107, 0x0107, 0x0107, 0x0107, 0x0107, 0x0107, 0x0127, 0x0128, 0x0148, 0x0989,
    0x11CA, 0x11EB, 0x1A0C, 0x11EB, 0x11CB, 0x0989, 0x0948, 0x0128, 0x0107, 0x0107, 0x0107, 0x0107,
    0x0107, 0x0107, 0x0107, 0x0107, 0x0107, 0x0107, 0x0107, 0x0107, 0x0107, 0x0107, 0x0107, 0x0107,
    0x0107, 0x0107, 0x0107, 0x0107, 0x0107, 0x0107, 0x0107, 0x0107, 0x0107, 0x0107, 0x0107, 0x0107,
    0x0107, 0x0107, 0x0107, 0x0127, 0x0148, 0x0969, 0x11AA, 0x11CB, 0x19EB, 0x19EB, 0x11CB, 0x09AA,
    0x0969, 0x0148, 0x0148, 0x0969, 0x098A, 0x11CB, 0x11EB, 0x1A0C, 0x11EB, 0x11CA, 0x0989, 0x0148,
    0x0127, 0x0107, 0x0107, 0x0107, 0x0107, 0x0107, 0x0107, 0x0107, 0x0107, 0x0107, 0x0106, 0x0106,
    0x0106, 0x0107, 0x0107, 0x0107, 0x0107, 0x0107, 0x0107, 0x0106, 0x0106, 0x0106, 0x0106, 0x0106,
    0x0106, 0x0106, 0x0107, 0x0107, 0x0107, 0x0107, 0x0107, 0x0127, 0x0128, 0x0968, 0x098A, 0x11CB,
    0x19EB, 0x1A0C, 0x19EB, 0x11AA, 0x0989, 0x0948, 0x0148, 0x0948, 0x0969, 0x11AA, 0x11CB, 0x19EC,
    0x1A0C, 0x11EB, 0x11AA, 0x0969, 0x0148, 0x0128, 0x0127, 0x0127, 0x0127, 0x0107, 0x0107, 0x0107,
    0x0107, 0x0107, 0x0107, 0x0107, 0x0107, 0x0107, 0x0107, 0x0107, 0x0107, 0x0107, 0x0107, 0x0107,
    0x0107, 0x0107, 0x0127, 0x0948, 0x0969, 0x11AA, 0x11CB, 0x11CB, 0x11CB, 0x11AA, 0x0969, 0x0148,
    0x0127, 0x0107, 0x0107, 0x0107, 0x0107, 0x0107, 0x0107, 0x0107, 0x0107, 0x0107, 0x0107, 0x0127,
    0x0127, 0x0127, 0x0107, 0x0107, 0x0107, 0x0107, 0x0107, 0x0107, 0x0127, 0x0128, 0x0148, 0x0969,
    0x11AA, 0x11EB, 0x19EC, 0x11EB, 0x11CB, 0x098A, 0x0969, 0x0128, 0x0127, 0x0107, 0x0107, 0x0107,
    0x1A2D, 0x1A0C, 0x11CB, 0x0989, 0x0148, 0x0128, 0x0127, 0x0107, 0x0107, 0x0107, 0x0107, 0x0107,
    0x0107, 0x0107, 0x0107, 0x0107, 0x0107, 0x0107, 0x0107, 0x0107, 0x0107, 0x0107, 0x0107, 0x0107,
    0x0127, 0x0128, 0x0948, 0x0989, 0x11CA, 0x19EB, 0x19EB, 0x11CA, 0x118A, 0x0968, 0x0128, 0x0107,
    0x0107, 0x0106, 0x0106, 0x0106, 0x0107, 0x0107, 0x0107, 0x0107, 0x0107, 0x0107, 0x0107, 0x0107,
    0x0107, 0x0107, 0x0107, 0x0107, 0x0107, 0x0107, 0x0107, 0x0107, 0x0107, 0x0127, 0x0148, 0x0969,
    0x09AA, 0x11CB, 0x19EC, 0x1A0C, 0x11EB, 0x11AA, 0x0969, 0x0148, 0x0127, 0x0107, 0x0107, 0x0107,
    0x0107, 0x0107, 0x0107, 0x0107, 0x0107, 0x0107, 0x0107, 0x0107, 0x0107, 0x0107, 0x0107, 0x0107,
    0x0107, 0x0107, 0x0107, 0x0107, 0x0107, 0x0107, 0x0107, 0x0107, 0x0107, 0x0107, 0x0107, 0x0107,
    0x0107, 0x0107, 0x0107, 0x0127, 0x0127, 0x0948, 0x0989, 0x11CA, 0x11EB, 0x19EB, 0x11EB, 0x11CB,
    0x098A, 0x0969, 0x0969, 0x098A, 0x11AA, 0x11EB, 0x1A0C, 0x11EB, 0x11CB, 0x09AA, 0x0969, 0x0148,
    0x0127, 0x0107, 0x0107, 0x0107, 0x0107, 0x0107, 0x0107, 0x0107, 0x0107, 0x0107, 0x0106, 0x0106,
    0x0106, 0x0107, 0x0107, 0x0107, 0x0107, 0x0107, 0x0107, 0x0106, 0x0106, 0x0106, 0x0106, 0x0106,
    0x0106, 0x0106, 0x0107, 0x0107, 0x0107, 0x0107, 0x0107, 0x0127, 0x0948, 0x0989, 0x11CA, 0x19EB,
    0x1A0C, 0x1A0C, 0x11CB, 0x118A, 0x0969, 0x0128, 0x0127, 0x0128, 0x0948, 0x0989, 0x11AA, 0x11EB,
    0x1A0C, 0x11EB, 0x11CB, 0x098A, 0x0969, 0x0148, 0x0127, 0x0127, 0x0127, 0x0127, 0x0127, 0x0127,
    0x0107, 0x0107, 0x0107, 0x0107, 0x0107, 0x0107, 0x0107, 0x0107, 0x0107, 0x0107, 0x0107, 0x0107,
    0x0107, 0x0127, 0x0148, 0x0968, 0x1189, 0x11CA, 0x11CB, 0x11CB, 0x11AA, 0x0969, 0x0948, 0x0127,
    0x0107, 0x0107, 0x0107, 0x0107, 0x0107, 0x0107, 0x0107, 0x0107, 0x0107, 0x0107, 0x0107, 0x0127,
    0x0127, 0x0107, 0x0107, 0x0107, 0x0107, 0x0107, 0x0107, 0x0107, 0x0107, 0x0127, 0x0128, 0x0948,
    0x0989, 0x11CB, 0x11EB, 0x19EC, 0x11EB, 0x11AA, 0x0989, 0x0948, 0x0128, 0x0127, 0x0107, 0x0107,
    0x224D, 0x1A2C, 0x11EB, 0x11AA, 0x0969, 0x0148, 0x0127, 0x0107, 0x0107, 0x0107, 0x0107, 0x0107,
    0x0107, 0x0107, 0x0107, 0x0107, 0x0107, 0x0107, 0x0107, 0x0107, 0x0107, 0x0107, 0x0107, 0x0107,
    0x0127, 0x0948, 0x0969, 0x11AA, 0x11CB, 0x19EB, 0x11CB, 0x11AA, 0x0969, 0x0948, 0x0127, 0x0107,
    0x0106, 0x0106, 0x0106, 0x0106, 0x0106, 0x0107, 0x0107, 0x0107, 0x0107, 0x0107, 0x0107, 0x0107,
    0x0107, 0x0107, 0x0107, 0x0107, 0x0107, 0x0107, 0x0107, 0x0107, 0x0107, 0x0107, 0x0128, 0x0148,
    0x0969, 0x11AA, 0x11EB, 0x1A0C, 0x19EC, 0x11CB, 0x098A, 0x0969, 0x0128, 0x0127, 0x0107, 0x0107,
    0x0107, 0x0107, 0x0107, 0x0107, 0x0107, 0x0107, 0x0107, 0x0107, 0x0107, 0x0107, 0x0107, 0x0107,
    0x0107, 0x0107, 0x0107, 0x0107, 0x0107, 0x0107, 0x0107, 0x0107, 0x0107, 0x0107, 0x0107, 0x0107,
    0x0107, 0x0107, 0x0107, 0x0107, 0x0127, 0x0148, 0x0969, 0x098A, 0x11CB, 0x11EB, 0x11EC, 0x11CB,
    0x11AA, 0x09AA, 0x098A, 0x09AA, 0x11CB, 0x11EC, 0x1A0C, 0x11EB, 0x11AA, 0x0969, 0x0148, 0x0127,
    0x0107, 0x0107, 0x0107, 0x0107, 0x0107, 0x0107, 0x0107, 0x0107, 0x0107, 0x0107, 0x0107, 0x0106,
    0x0106, 0x0107, 0x0107, 0x0107, 0x0107, 0x0107, 0x0107, 0x0107, 0x0107, 0x0107, 0x0107, 0x0107,
    0x0107, 0x0107, 0x0107, 0x0107, 0x0107, 0x0107, 0x0127, 0x0148, 0x0969, 0x11AA, 0x11CB, 0x1A0C,
    0x1A0C, 0x19EB, 0x11AA, 0x0969, 0x0948, 0x0127, 0x0127, 0x0127, 0x0128, 0x0968, 0x0989, 0x11CB,
    0x19EB, 0x19EC, 0x11EB, 0x11AA, 0x0989, 0x0148, 0x0128, 0x0127, 0x0127, 0x0127, 0x0127, 0x0127,
    0x0107, 0x0107, 0x0107, 0x0107, 0x0107, 0x0107, 0x0107, 0x0107, 0x0107, 0x0107, 0x0107, 0x0107,
    0x0127, 0x0127, 0x0948, 0x0989, 0x11AA, 0x11CB, 0x11CB, 0x11AA, 0x0989, 0x0968, 0x0128, 0x0127,
    0x0107, 0x0107, 0x0107, 0x0107, 0x0107, 0x0107, 0x0107, 0x0107, 0x0107, 0x0107, 0x0107, 0x0107,
    0x0107, 0x0107, 0x0107, 0x0127, 0x0107, 0x0107, 0x0107, 0x0107, 0x0107, 0x0107, 0x0127, 0x0148,
    0x0969, 0x09AA, 0x11CB, 0x19EC, 0x19EC, 0x11CB, 0x11AA, 0x0969, 0x0148, 0x0127, 0x0107, 0x0107,
    0x224D, 0x1A2D, 0x1A0C, 0x11CB, 0x098A, 0x0969, 0x0128, 0x0127, 0x0107, 0x0107, 0x0107, 0x0107,
    0x0107, 0x0107, 0x0107, 0x0107, 0x0107, 0x0107, 0x0107, 0x0107, 0x0107, 0x0107, 0x0107, 0x0127,
    0x0148, 0x0968, 0x1189, 0x11CA, 0x19EB, 0x19CB, 0x11CA, 0x1189, 0x0948, 0x0127, 0x0107, 0x0107,
    0x0106, 0x0106, 0x0106, 0x0106, 0x0106, 0x0107, 0x0107, 0x0107, 0x0107, 0x0107, 0x0107, 0x0107,
    0x0107, 0x0107, 0x0107, 0x0107, 0x0107, 0x0107, 0x0107, 0x0107, 0x0107, 0x0107, 0x0127, 0x0128,
    0x0969, 0x098A, 0x11CB, 0x11EB, 0x1A0C, 0x11EB, 0x11AA, 0x0989, 0x0948, 0x0127, 0x0107, 0x0107,
    0x0107, 0x0107, 0x0107, 0x0107, 0x0107, 0x0107, 0x0107, 0x0107, 0x0107, 0x0107, 0x0107, 0x0107,
    0x0107, 0x0107, 0x0107, 0x0107, 0x0107, 0x0107, 0x0107, 0x0107, 0x0107, 0x0107, 0x0107, 0x0107,
    0x0107, 0x0107, 0x0107, 0x0107, 0x0107, 0x0127, 0x0148, 0x0969, 0x11AA, 0x11CB, 0x11EC, 0x11EC,
    0x11EB, 0x11CB, 0x11CB, 0x11EB, 0x11EC, 0x1A0C, 0x11EC, 0x11CB, 0x098A, 0x0969, 0x0128, 0x0127,
    0x0107, 0x0107, 0x0107, 0x0107, 0x0107, 0x0107, 0x0107, 0x0107, 0x0107, 0x0107, 0x0107, 0x0107,
    0x0107, 0x0107, 0x0107, 0x0107, 0x0107, 0x0107, 0x0107, 0x0107, 0x0107, 0x0107, 0x0107, 0x0107,
    0x0107, 0x0107, 0x0107, 0x0107, 0x0107, 0x0127, 0x0128, 0x0948, 0x0989, 0x11CB, 0x19EC, 0x1A0C,
    0x19EC, 0x11CB, 0x098A, 0x0948, 0x0128, 0x0107, 0x0107, 0x0107, 0x0127, 0x0148, 0x0969, 0x11AA,
    0x11CB, 0x19EB, 0x11EB, 0x11CB, 0x09AA, 0x0969, 0x0148, 0x0128, 0x0127, 0x0127, 0x0127, 0x0127,
    0x0107, 0x0107, 0x0107, 0x0107, 0x0107, 0x0107, 0x0107, 0x0107, 0x0107, 0x0107, 0x0107, 0x0127,
    0x0127, 0x0148, 0x0969, 0x11AA, 0x11CA, 0x11CB, 0x11CA, 0x118A, 0x0969, 0x0148, 0x0127, 0x0107,
    0x0107, 0x0107, 0x0107, 0x0107, 0x0107, 0x0107, 0x0107, 0x0107, 0x0107, 0x0107, 0x0107, 0x0107,
    0x0107, 0x0107, 0x0107, 0x0127, 0x0107, 0x0107, 0x0107, 0x0107, 0x0107, 0x0107, 0x0127, 0x0128,
    0x0948, 0x0989, 0x11AA, 0x11EB, 0x19EC, 0x11EB, 0x11CB, 0x098A, 0x0968, 0x0128, 0x0127, 0x0107,
    0x1A2D, 0x1A2D, 0x1A0C, 0x11EB, 0x11AA, 0x0989, 0x0148, 0x0148, 0x0128, 0x0127, 0x0127, 0x0127,
    0x0127, 0x0127, 0x0127, 0x0127, 0x0127, 0x0127, 0x0127, 0x0127, 0x0127, 0x0127, 0x0127, 0x0128,
    0x0948, 0x0989, 0x11AA, 0x11CB, 0x19EB, 0x11CB, 0x11AA, 0x0969, 0x0128, 0x0127, 0x0107, 0x0106,
    0x0106, 0x0106, 0x0106, 0x0106, 0x0106, 0x0107, 0x0107, 0x0107, 0x0107, 0x0107, 0x0107, 0x0107,
    0x0107, 0x0107, 0x0107, 0x0107, 0x0107, 0x0107, 0x0107, 0x0107, 0x0107, 0x0107, 0x0107, 0x0127,
    0x0148, 0x0969, 0x11AA, 0x11CB, 0x19EC, 0x19EB, 0x11CB, 0x11AA, 0x0969, 0x0148, 0x0127, 0x0107,
    0x0107, 0x0107, 0x0107, 0x0107, 0x0107, 0x0107, 0x0107, 0x0107, 0x0107, 0x0107, 0x0107, 0x0107,
    0x0107, 0x0107, 0x0107, 0x0107, 0x0107, 0x0107, 0x0107, 0x0107, 0x0107, 0x0107, 0x0107, 0x0107,
    0x0107, 0x0107, 0x0107, 0x0107, 0x0107, 0x0127, 0x0128, 0x0968, 0x0989, 0x11CA, 0x11EB, 0x120C,
    0x120C, 0x11EC, 0x120C, 0x1A0C, 0x1A0C, 0x1A0C, 0x11EB, 0x11AA, 0x0989, 0x0948, 0x0128, 0x0127,
    0x0127, 0x0127, 0x0127, 0x0127, 0x0127, 0x0127, 0x0127, 0x0127, 0x0127, 0x0107, 0x0107, 0x0127,
    0x0127, 0x0127, 0x0127, 0x0127, 0x0127, 0x0127, 0x0127, 0x0127, 0x0127, 0x0127, 0x0127, 0x0127,
    0x0127, 0x0127, 0x0127, 0x0127, 0x0127, 0x0128, 0x0948, 0x0969, 0x11AA, 0x19EB, 0x1A0C, 0x1A0C,
    0x11EB, 0x11AA, 0x0969, 0x0128, 0x0127, 0x0107, 0x0107, 0x0107, 0x0107, 0x0127, 0x0948, 0x0989,
    0x11AA, 0x11EB, 0x11EB, 0x11EB, 0x11CA, 0x098A, 0x0969, 0x0148, 0x0128, 0x0128, 0x0128, 0x0127,
    0x0127, 0x0127, 0x0127, 0x0127, 0x0127, 0x0127, 0x0127, 0x0127, 0x0127, 0x0127, 0x0127, 0x0128,
    0x0148, 0x0969, 0x098A, 0x11AA, 0x11CB, 0x11CB, 0x11AA, 0x0989, 0x0948, 0x0127, 0x0107, 0x0107,
    0x0106, 0x0106, 0x0107, 0x0107, 0x0107, 0x0107, 0x0107, 0x0107, 0x0107, 0x0107, 0x0127, 0x0127,
    0x0107, 0x0107, 0x0107, 0x0107, 0x0107, 0x0107, 0x0107, 0x0107, 0x0107, 0x0107, 0x0107, 0x0127,
    0x0148, 0x0969, 0x098A, 0x11CB, 0x19EC, 0x19EC, 0x11EB, 0x11AA, 0x0969, 0x0148, 0x0127, 0x0107,
    0x1A0C, 0x1A0C, 0x1A0C, 0x1A0C, 0x11CB, 0x09AA, 0x0989, 0x0969, 0x0148, 0x0148, 0x0148, 0x0148,
    0x0148, 0x0148, 0x0148, 0x0148, 0x0148, 0x0148, 0x0148, 0x0148, 0x0148, 0x0148, 0x0948, 0x0968,
    0x0989, 0x11AA, 0x11CB, 0x19EB, 0x19CB, 0x11AA, 0x0989, 0x0948, 0x0127, 0x0107, 0x0107, 0x0106,
    0x0106, 0x0107, 0x0107, 0x0106, 0x0106, 0x0107, 0x0107, 0x0107, 0x0127, 0x0127, 0x0127, 0x0127,
    0x0127, 0x0127, 0x0107, 0x0107, 0x0107, 0x0107, 0x0107, 0x0107, 0x0107, 0x0107, 0x0107, 0x0127,
    0x0128, 0x0148, 0x0989, 0x11AA, 0x11EB, 0x19EC, 0x11EB, 0x11AA, 0x0989, 0x0948, 0x0128, 0x0107,
    0x0107, 0x0107, 0x0107, 0x0107, 0x0107, 0x0107, 0x0107, 0x0107, 0x0107, 0x0107, 0x0107, 0x0107,
    0x0107, 0x0107, 0x0107, 0x0107, 0x0107, 0x0107, 0x0107, 0x0107, 0x0107, 0x0107, 0x0107, 0x0107,
    0x0107, 0x0107, 0x0107, 0x0107, 0x0107, 0x0107, 0x0127, 0x0148, 0x0969, 0x09AA, 0x11CB, 0x120C,
    0x1A0C, 0x1A2D, 0x1A2D, 0x1A2D, 0x1A2D, 0x1A0C, 0x11EB, 0x11AA, 0x0989, 0x0969, 0x0148, 0x0148,
    0x0148, 0x0148, 0x0148, 0x0148, 0x0148, 0x0148, 0x0148, 0x0148, 0x0148, 0x0148, 0x0148, 0x0148,
    0x0148, 0x0148, 0x0148, 0x0148, 0x0148, 0x0148, 0x0148, 0x0148, 0x0148, 0x0148, 0x0148, 0x0148,
    0x0148, 0x0148, 0x0148, 0x0148, 0x0148, 0x0969, 0x0989, 0x11AA, 0x11CB, 0x19EC, 0x1A0C, 0x19EB,
    0x11CB, 0x0989, 0x0948, 0x0127, 0x0107, 0x0107, 0x0106, 0x0107, 0x0107, 0x0107, 0x0128, 0x0968,
    0x098A, 0x11CB, 0x11EB, 0x11EB, 0x11CB, 0x11AA, 0x098A, 0x0969, 0x0149, 0x0148, 0x0148, 0x0148,
    0x0148, 0x0148, 0x0148, 0x0148, 0x0148, 0x0148, 0x0148, 0x0148, 0x0148, 0x0148, 0x0148, 0x0949,
    0x0969, 0x098A, 0x11AA, 0x11CB, 0x11CB, 0x11AA, 0x1189, 0x0968, 0x0128, 0x0107, 0x0107, 0x0106,
    0x0106, 0x0106, 0x0106, 0x0106, 0x0106, 0x0107, 0x0107, 0x0107, 0x0107, 0x0127, 0x0127, 0x0127,
    0x0127, 0x0127, 0x0127, 0x0107, 0x0107, 0x0107, 0x0107, 0x0107, 0x0107, 0x0107, 0x0107, 0x0127,
    0x0127, 0x0148, 0x0969, 0x11AA, 0x11CB, 0x19EC, 0x19EC, 0x11CB, 0x098A, 0x0969, 0x0148, 0x0127,
    0x11CB, 0x11EB, 0x1A0C, 0x1A0C, 0x120C, 0x11EB, 0x11AB, 0x09AA, 0x098A, 0x0989, 0x0989, 0x0989,
    0x0989, 0x0989, 0x0989, 0x0989, 0x0989, 0x0989, 0x0989, 0x0969, 0x0969, 0x0969, 0x0989, 0x118A,
    0x11AA, 0x11EB, 0x19EB, 0x19EB, 0x11CB, 0x11AA, 0x0969, 0x0128, 0x0107, 0x0107, 0x0107, 0x0106,
    0x0106, 0x0107, 0x0107, 0x0107, 0x0107, 0x0107, 0x0107, 0x0127, 0x0128, 0x0148, 0x0148, 0x0148,
    0x0148, 0x0128, 0x0127, 0x0107, 0x0107, 0x0107, 0x0107, 0x0107, 0x0107, 0x0107, 0x0107, 0x0107,
    0x0127, 0x0148, 0x0969, 0x098A, 0x11CB, 0x11EB, 0x11EB, 0x11CB, 0x11AA, 0x0969, 0x0148, 0x0127,
    0x0107, 0x0107, 0x0107, 0x0107, 0x0107, 0x0107, 0x0107, 0x0107, 0x0107, 0x0107, 0x0107, 0x0107,
    0x0107, 0x0107, 0x0107, 0x0107, 0x0107, 0x0107, 0x0107, 0x0107, 0x0107, 0x0107, 0x0107, 0x0107,
    0x0107, 0x0107, 0x0107, 0x0107, 0x0107, 0x0107, 0x0107, 0x0127, 0x0148, 0x0989, 0x11AA, 0x11EC,
    0x1A2D, 0x1A4D, 0x1A4E, 0x1A4E, 0x1A4D, 0x1A2D, 0x11EC, 0x11CB, 0x09AA, 0x0989, 0x0969, 0x0969,
    0x0969, 0x0969, 0x0969, 0x0969, 0x0969, 0x0969, 0x0969, 0x0969, 0x0969, 0x0969, 0x0969, 0x0969,
    0x0969, 0x0969, 0x0969, 0x0969, 0x0989, 0x0969, 0x0969, 0x0989, 0x0989, 0x0989, 0x0989, 0x0989,
    0x0989, 0x0989, 0x0989, 0x0989, 0x098A, 0x09AA, 0x11AB, 0x11EB, 0x1A0C, 0x1A0C, 0x19EC, 0x11CB,
    0x118A, 0x0969, 0x0128, 0x0107, 0x0107, 0x0107, 0x0106, 0x0106, 0x0107, 0x0107, 0x0127, 0x0948,
    0x0969, 0x11AA, 0x11EB, 0x19EC, 0x19EC, 0x11EB, 0x11AB, 0x09AA, 0x098A, 0x0989, 0x0969, 0x0969,
    0x0969, 0x0969, 0x0989, 0x0989, 0x0989, 0x0989, 0x0989, 0x0989, 0x0989, 0x0989, 0x0989, 0x098A,
    0x11AA, 0x11CB, 0x11CB, 0x11EB, 0x11CB, 0x11AA, 0x0969, 0x0948, 0x0127, 0x0107, 0x0106, 0x0106,
    0x0106, 0x0106, 0x0106, 0x0106, 0x0106, 0x0107, 0x0107, 0x0127, 0x0127, 0x0128, 0x0148, 0x0148,
    0x0148, 0x0128, 0x0127, 0x0127, 0x0107, 0x0107, 0x0107, 0x0107, 0x0107, 0x0107, 0x0107, 0x0107,
    0x0127, 0x0128, 0x0969, 0x098A, 0x11CB, 0x11EB, 0x19EC, 0x11EB, 0x11AA, 0x0989, 0x0948, 0x0128,
    0x09AA, 0x11CB, 0x11EC, 0x1A2C, 0x1A2D, 0x1A0C, 0x11EC, 0x11EB, 0x11CB, 0x11CB, 0x11AA, 0x11AA,
    0x11AA, 0x11AA, 0x11AA, 0x11AA, 0x11AA, 0x11AA, 0x11AA, 0x11AA, 0x11AA, 0x11AA, 0x11CA, 0x11CB,
    0x19EB, 0x1A0C, 0x1A0C, 0x19EB, 0x11CB, 0x0989, 0x0948, 0x0127, 0x0107, 0x0107, 0x0107, 0x0106,
    0x0106, 0x0106, 0x0107, 0x0107, 0x0107, 0x0107, 0x0127, 0x0128, 0x0948, 0x0969, 0x0989, 0x0989,
    0x0969, 0x0148, 0x0128, 0x0127, 0x0107, 0x0107, 0x0107, 0x0107, 0x0107, 0x0107, 0x0107, 0x0107,
    0x0107, 0x0127, 0x0148, 0x0969, 0x11AA, 0x11CB, 0x11EB, 0x11EB, 0x11CB, 0x098A, 0x0968, 0x0128,
    0x0127, 0x0107, 0x0107, 0x0107, 0x0107, 0x0107, 0x0107, 0x0107, 0x0107, 0x0107, 0x0107, 0x0107,
    0x0107, 0x0107, 0x0107, 0x0107, 0x0107, 0x0107, 0x0107, 0x0107, 0x0107, 0x0107, 0x0107, 0x0107,
    0x0107, 0x0107, 0x0107, 0x0107, 0x0107, 0x0107, 0x0107, 0x0127, 0x0148, 0x0969, 0x09AA, 0x11CB,
    0x1A0C, 0x1A4D, 0x226E, 0x226E, 0x1A4E, 0x1A2D, 0x1A0C, 0x11CB, 0x11CA, 0x11AA, 0x11AA, 0x11AA,
    0x11AA, 0x11AA, 0x11AA, 0x11AA, 0x11AA, 0x11AA, 0x11AA, 0x11AA, 0x11AA, 0x11AB, 0x11CB, 0x11CB,
    0x11CB, 0x11CB, 0x11AB, 0x11CB, 0x11CB, 0x11AB, 0x11AB, 0x11CB, 0x11CB, 0x11CB, 0x11CB, 0x11CB,
    0x11CB, 0x11CB, 0x11CB, 0x11CB, 0x11CB, 0x11EB, 0x1A0C, 0x1A0C, 0x1A2C, 0x1A0C, 0x19EB, 0x11AA,
    0x0969, 0x0948, 0x0127, 0x0107, 0x0107, 0x0107, 0x0106, 0x0106, 0x0107, 0x0107, 0x0107, 0x0127,
    0x0948, 0x0989, 0x11CB, 0x19EC, 0x1A0C, 0x1A0C, 0x11EC, 0x11EB, 0x11CB, 0x11AA, 0x11AA, 0x11AA,
    0x11AA, 0x11AA, 0x11AA, 0x11AA, 0x11AA, 0x11AA, 0x11CA, 0x11CA, 0x11CA, 0x11CB, 0x11CB, 0x11CB,
    0x11EB, 0x11EC, 0x19EC, 0x19EC, 0x11CB, 0x118A, 0x0969, 0x0128, 0x0107, 0x0107, 0x0106, 0x0106,
    0x0106, 0x0106, 0x0106, 0x0106, 0x0106, 0x0107, 0x0107, 0x0127, 0x0148, 0x0969, 0x0969, 0x0969,
    0x0969, 0x0948, 0x0128, 0x0127, 0x0107, 0x0107, 0x0107, 0x0107, 0x0107, 0x0107, 0x0107, 0x0107,
    0x0107, 0x0127, 0x0148, 0x0969, 0x11AA, 0x11CB, 0x19EC, 0x19EB, 0x11CB, 0x11AA, 0x0969, 0x0948,
    0x0989, 0x11AA, 0x11EB, 0x1A2C, 0x1A4D, 0x1A4D, 0x1A2D, 0x1A2C, 0x120C, 0x11EC, 0x11EB, 0x11EB,
    0x11EB, 0x11CB, 0x11EB, 0x11EB, 0x11EB, 0x11EB, 0x11EB, 0x11CB, 0x11CB, 0x11CB, 0x11EB, 0x19EC,
    0x1A0C, 0x1A0C, 0x1A0C, 0x19EB, 0x11AA, 0x0989, 0x0948, 0x0127, 0x0107, 0x0107, 0x0107, 0x0106,
    0x0106, 0x0106, 0x0107, 0x0107, 0x0107, 0x0127, 0x0128, 0x0948, 0x0989, 0x11AA, 0x11CB, 0x11AA,
    0x09AA, 0x0969, 0x0148, 0x0128, 0x0107, 0x0107, 0x0107, 0x0107, 0x0107, 0x0107, 0x0107, 0x0107,
    0x0107, 0x0127, 0x0128, 0x0948, 0x0989, 0x11AA, 0x11EB, 0x19EB, 0x11CB, 0x11AA, 0x0969, 0x0948,
    0x0127, 0x0107, 0x0107, 0x0107, 0x0107, 0x0107, 0x0107, 0x0107, 0x0107, 0x0107, 0x0107, 0x0107,
    0x0107, 0x0107, 0x0107, 0x0107, 0x0107, 0x0107, 0x0107, 0x0107, 0x0107, 0x0107, 0x0107, 0x0107,
    0x0107, 0x0107, 0x0107, 0x0107, 0x0107, 0x0107, 0x0107, 0x0107, 0x0127, 0x0148, 0x0989, 0x11AA,
    0x1A0C, 0x1A2D, 0x226E, 0x226E, 0x224E, 0x1A2D, 0x1A0C, 0x11EB, 0x11CB, 0x11CB, 0x11CB, 0x11CB,
    0x11CB, 0x11CB, 0x11CB, 0x11CB, 0x11CB, 0x11CB, 0x11CB, 0x11EB, 0x11EC, 0x11EC, 0x11EC, 0x1A0C,
    0x1A0C, 0x120C, 0x11EC, 0x11EC, 0x11EC, 0x11EC, 0x11EC, 0x11EC, 0x11EC, 0x11EC, 0x11EC, 0x11EC,
    0x11EC, 0x11EC, 0x11EC, 0x120C, 0x1A0C, 0x1A2D, 0x1A2D, 0x1A4D, 0x1A2D, 0x1A0C, 0x11CB, 0x0989,
    0x0948, 0x0128, 0x0107, 0x0107, 0x0107, 0x0107, 0x0107, 0x0106, 0x0106, 0x0106, 0x0107, 0x0127,
    0x0948, 0x0989, 0x11CB, 0x1A0C, 0x1A2D, 0x1A2D, 0x1A2D, 0x1A0C, 0x11EC, 0x11EB, 0x11CB, 0x11CB,
    0x11CB, 0x11CB, 0x11EB, 0x11EB, 0x11EB, 0x11EB, 0x11EB, 0x11EB, 0x11EB, 0x11EB, 0x11EC, 0x11EC,
    0x1A0C, 0x1A0C, 0x1A0C, 0x19EC, 0x11CB, 0x098A, 0x0948, 0x0127, 0x0107, 0x0106, 0x0106, 0x0106,
    0x0106, 0x0106, 0x0106, 0x0106, 0x0107, 0x0107, 0x0127, 0x0948, 0x0969, 0x118A, 0x11AA, 0x11AA,
    0x118A, 0x0969, 0x0948, 0x0128, 0x0127, 0x0107, 0x0107, 0x0107, 0x0107, 0x0107, 0x0107, 0x0107,
    0x0107, 0x0127, 0x0128, 0x0148, 0x0989, 0x11AA, 0x11EB, 0x19EC, 0x11EB, 0x11CB, 0x098A, 0x0969,
    0x0969, 0x11AA, 0x11EB, 0x1A2D, 0x226D, 0x226E, 0x224E, 0x1A4D, 0x1A2C, 0x1A0C, 0x11EC, 0x11EB,
    0x11EB, 0x11EB, 0x11EB, 0x11EB, 0x11EB, 0x11EB, 0x11EB, 0x11CB, 0x11CB, 0x11CB, 0x11EB, 0x19EC,
    0x1A0C, 0x1A0C, 0x1A0C, 0x19EB, 0x11AA, 0x0969, 0x0948, 0x0127, 0x0107, 0x0107, 0x0107, 0x0106,
    0x0106, 0x0106, 0x0107, 0x0107, 0x0107, 0x0127, 0x0148, 0x0969, 0x11AA, 0x11EB, 0x1A0C, 0x19EC,
    0x11CB, 0x11AA, 0x0969, 0x0148, 0x0127, 0x0107, 0x0107, 0x0107, 0x0107, 0x0107, 0x0107, 0x0107,
    0x0107, 0x0107, 0x0127, 0x0148, 0x0969, 0x11AA, 0x11CB, 0x19EB, 0x11EB, 0x11CB, 0x098A, 0x0969,
    0x0148, 0x0127, 0x0107, 0x0107, 0x0107, 0x0107, 0x0107, 0x0107, 0x0107, 0x0107, 0x0107, 0x0107,
    0x0107, 0x0107, 0x0107, 0x0107, 0x0107, 0x0107, 0x0107, 0x0107, 0x0107, 0x0107, 0x0107, 0x0107,
    0x0107, 0x0107, 0x0107, 0x0107, 0x0107, 0x0107, 0x0107, 0x0107, 0x0127, 0x0128, 0x0969, 0x098A,
    0x11CB, 0x1A2C, 0x1A4E, 0x226E, 0x224E, 0x1A2D, 0x1A0C, 0x11EB, 0x11CB, 0x11CB, 0x11CB, 0x11CB,
    0x11CB, 0x11CB, 0x11CB, 0x11CB, 0x11CB, 0x11CB, 0x11EB, 0x11EC, 0x11EC, 0x1A0C, 0x1A2D, 0x1A2D,
    0x1A2D, 0x1A2D, 0x1A0D, 0x1A0C, 0x1A0C, 0x11EC, 0x11EC, 0x11EC, 0x11EC, 0x11EC, 0x11EC, 0x11EC,
    0x11EC, 0x1A0C, 0x1A0C, 0x1A0D, 0x1A2D, 0x1A4E, 0x224E, 0x224D, 0x1A2D, 0x11EC, 0x11AA, 0x0969,
    0x0128, 0x0127, 0x0107, 0x0107, 0x0107, 0x0107, 0x0107, 0x0106, 0x0106, 0x0106, 0x0107, 0x0127,
    0x0148, 0x0969, 0x11CB, 0x1A0C, 0x1A2D, 0x224E, 0x224D, 0x1A2D, 0x1A0C, 0x19EC, 0x11EB, 0x11EB,
    0x11EB, 0x11EB, 0x11EB, 0x11EB, 0x11EB, 0x11EB, 0x11EB, 0x11EB, 0x11EB, 0x11EC, 0x11EC, 0x120C,
    0x1A0C, 0x1A0C, 0x1A0C, 0x1A0C, 0x11CB, 0x098A, 0x0948, 0x0127, 0x0107, 0x0107, 0x0106, 0x0106,
    0x0106, 0x0106, 0x0106, 0x0106, 0x0107, 0x0127, 0x0128, 0x0969, 0x11AA, 0x11CB, 0x19EC, 0x19EC,
    0x11CB, 0x11AA, 0x0969, 0x0148, 0x0127, 0x0107, 0x0107, 0x0107, 0x0107, 0x0107, 0x0107, 0x0107,
    0x0107, 0x0107, 0x0127, 0x0128, 0x0969, 0x098A, 0x11CB, 0x19EB, 0x19EC, 0x11CB, 0x11AA, 0x098A,
    0x098A, 0x11AA, 0x11EC, 0x1A2D, 0x226E, 0x226E, 0x226E, 0x1A4D, 0x1A2C, 0x11EC, 0x11CB, 0x11CB,
    0x11CB, 0x11CA, 0x11CB, 0x11CA, 0x11CA, 0x11CA, 0x11CA, 0x11AA, 0x11AA, 0x11AA, 0x11CB, 0x11CB,
    0x19EB, 0x1A0C, 0x1A0C, 0x19EB, 0x11CB, 0x0989, 0x0948, 0x0128, 0x0107, 0x0107, 0x0107, 0x0107,
    0x0107, 0x0107, 0x0107, 0x0107, 0x0127, 0x0128, 0x0969, 0x09AA, 0x11CB, 0x1A0C, 0x1A2D, 0x1A2D,
    0x1A0C, 0x11CB, 0x098A, 0x0949, 0x0128, 0x0107, 0x0107, 0x0107, 0x0107, 0x0107, 0x0107, 0x0107,
    0x0107, 0x0107, 0x0107, 0x0128, 0x0948, 0x0989, 0x11AA, 0x11CB, 0x19EB, 0x11CB, 0x11AA, 0x0989,
    0x0948, 0x0128, 0x0127, 0x0107, 0x0107, 0x0107, 0x0107, 0x0107, 0x0107, 0x0107, 0x0107, 0x0107,
    0x0107, 0x0107, 0x0107, 0x0107, 0x0107, 0x0107, 0x0107, 0x0107, 0x0107, 0x0107, 0x0107, 0x0107,
    0x0107, 0x0107, 0x0107, 0x0107, 0x0107, 0x0107, 0x0107, 0x0107, 0x0107, 0x0127, 0x0148, 0x0969,
    0x11AA, 0x11EC, 0x1A2D, 0x1A4D, 0x1A4D, 0x1A0C, 0x19EC, 0x11CB, 0x11AA, 0x11AA, 0x11AA, 0x11AA,
    0x11AA, 0x11AA, 0x11AA, 0x11AA, 0x11AA, 0x11AA, 0x11CB, 0x11CB, 0x11CB, 0x11EC, 0x1A0D, 0x1A2D,
    0x1A4D, 0x1A2D, 0x1A2D, 0x1A0C, 0x11EC, 0x11EB, 0x11CB, 0x11CB, 0x11CB, 0x11CB, 0x11CB, 0x11CB,
    0x11CB, 0x11EB, 0x11EC, 0x1A0D, 0x1A2D, 0x224E, 0x226E, 0x224D, 0x1A0C, 0x11CB, 0x0989, 0x0948,
    0x0127, 0x0107, 0x0107, 0x0106, 0x0106, 0x0106, 0x0106, 0x0106, 0x0106, 0x0106, 0x0107, 0x0127,
    0x0948, 0x0989, 0x11CB, 0x1A0C, 0x224D, 0x224E, 0x224E, 0x1A4D, 0x1A0D, 0x19EC, 0x11CB, 0x11CB,
    0x11CB, 0x11CB, 0x11CB, 0x11CB, 0x11CB, 0x11CB, 0x11CB, 0x11CB, 0x11CB, 0x11CB, 0x11CB, 0x11EB,
    0x11EC, 0x1A0C, 0x1A0C, 0x19EC, 0x11CB, 0x098A, 0x0949, 0x0128, 0x0107, 0x0107, 0x0107, 0x0106,
    0x0106, 0x0106, 0x0107, 0x0107, 0x0107, 0x0128, 0x0948, 0x098A, 0x11CB, 0x1A0C, 0x1A0C, 0x1A2C,
    0x1A0C, 0x11CB, 0x098A, 0x0969, 0x0128, 0x0127, 0x0107, 0x0107, 0x0107, 0x0107, 0x0107, 0x0107,
    0x0107, 0x0107, 0x0107, 0x0127, 0x0148, 0x0969, 0x11AA, 0x11CB, 0x19EC, 0x19EC, 0x11EB, 0x11CB,
    0x11AA, 0x11CB, 0x1A0C, 0x1A2D, 0x224D, 0x224E, 0x224D, 0x1A2D, 0x1A0C, 0x11EB, 0x11AA, 0x098A,
    0x098A, 0x0989, 0x0989, 0x0989, 0x0989, 0x0989, 0x0989, 0x0989, 0x0989, 0x0989, 0x098A, 0x11AA,
    0x11AA, 0x11CB, 0x19EB, 0x19EB, 0x11CB, 0x11AA, 0x0969, 0x0148, 0x0127, 0x0107, 0x0107, 0x0107,
    0x0107, 0x0107, 0x0107, 0x0107, 0x0128, 0x0148, 0x098A, 0x11CB, 0x19EC, 0x1A2D, 0x1A4D, 0x1A2D,
    0x1A0C, 0x11EB, 0x11AA, 0x0969, 0x0148, 0x0127, 0x0107, 0x0107, 0x0107, 0x0107, 0x0107, 0x0107,
    0x0107, 0x0107, 0x0107, 0x0127, 0x0128, 0x0969, 0x098A, 0x11CB, 0x19EB, 0x19EB, 0x11CB, 0x11AA,
    0x0969, 0x0148, 0x0127, 0x0107, 0x0107, 0x0107, 0x0107, 0x0107, 0x0107, 0x0107, 0x0107, 0x0107,
    0x0107, 0x0107, 0x0107, 0x0107, 0x0107, 0x0107, 0x0107, 0x0107, 0x0107, 0x0107, 0x0107, 0x0107,
    0x0107, 0x0107, 0x0107, 0x0107, 0x0107, 0x0107, 0x0107, 0x0107, 0x0107, 0x0127, 0x0128, 0x0948,
    0x098A, 0x11CB, 0x1A0C, 0x1A2D, 0x1A2D, 0x1A0C, 0x11CB, 0x11AA, 0x0989, 0x0989, 0x0969, 0x0969,
    0x0969, 0x0969, 0x0969, 0x0969, 0x0969, 0x0989, 0x098A, 0x098A, 0x11AA, 0x11CB, 0x11EC, 0x1A2D,
    0x1A2D, 0x1A2D, 0x1A0C, 0x11EC, 0x11CB, 0x11AA, 0x09AA, 0x098A, 0x098A, 0x098A, 0x098A, 0x098A,
    0x09AA, 0x11AB, 0x11CB, 0x120C, 0x1A2D, 0x1A4E, 0x1A4E, 0x1A2D, 0x11EC, 0x11AA, 0x0969, 0x0128,
    0x0107, 0x0107, 0x0106, 0x0106, 0x0106, 0x0106, 0x0106, 0x0106, 0x0106, 0x0107, 0x0107, 0x0127,
    0x0968, 0x118A, 0x11CB, 0x1A0C, 0x222D, 0x224D, 0x224D, 0x1A2D, 0x1A0C, 0x11EB, 0x11AA, 0x11AA,
    0x098A, 0x098A, 0x0989, 0x098A, 0x098A, 0x098A, 0x098A, 0x098A, 0x098A, 0x098A, 0x098A, 0x09AA,
    0x11AB, 0x11CB, 0x11EC, 0x11EC, 0x11CB, 0x11AA, 0x0969, 0x0148, 0x0127, 0x0107, 0x0107, 0x0107,
    0x0107, 0x0107, 0x0107, 0x0107, 0x0127, 0x0148, 0x0969, 0x11AA, 0x11EB, 0x1A0C, 0x1A2D, 0x1A2D,
    0x1A0C, 0x19EC, 0x11AA, 0x0969, 0x0148, 0x0128, 0x0107, 0x0107, 0x0107, 0x0107, 0x0107, 0x0107,
    0x0107, 0x0107, 0x0107, 0x0107, 0x0128, 0x0948, 0x0989, 0x11AA, 0x19EB, 0x1A0C, 0x1A0C, 0x1A0C,
    0x11CB, 0x19EB, 0x1A0C, 0x1A2C, 0x1A2D, 0x1A2D, 0x1A2D, 0x1A0C, 0x19EB, 0x11CB, 0x098A, 0x0969,
    0x0949, 0x0948, 0x0148, 0x0148, 0x0148, 0x0148, 0x0148, 0x0948, 0x0948, 0x0948, 0x0948, 0x0969,
    0x0989, 0x11AA, 0x11CB, 0x11EB, 0x11EB, 0x11AA, 0x0989, 0x0948, 0x0128, 0x0107, 0x0107, 0x0107,
    0x0107, 0x0107, 0x0107, 0x0127, 0x0148, 0x0969, 0x09AA, 0x11CB, 0x1A0C, 0x1A2D, 0x1A2D, 0x1A2D,
    0x1A0C, 0x1A0C, 0x11CB, 0x098A, 0x0969, 0x0128, 0x0127, 0x0107, 0x0107, 0x0107, 0x0107, 0x0107,
    0x0107, 0x0107, 0x0107, 0x0107, 0x0127, 0x0148, 0x0969, 0x11AA, 0x11CB, 0x19EB, 0x11EB, 0x11CA,
    0x0989, 0x0969, 0x0128, 0x0127, 0x0107, 0x0107, 0x0107, 0x0107, 0x0107, 0x0107, 0x0107, 0x0107,
    0x0107, 0x0107, 0x0107, 0x0107, 0x0107, 0x0107, 0x0107, 0x0107, 0x0107, 0x0107, 0x0107, 0x0107,
    0x0107, 0x0107, 0x0107, 0x0107, 0x0107, 0x0107, 0x0107, 0x0107, 0x0107, 0x0107, 0x0127, 0x0148,
    0x0969, 0x09AA, 0x11CB, 0x1A0C, 0x1A0C, 0x19EB, 0x11CA, 0x0989, 0x0969, 0x0948, 0x0948, 0x0948,
    0x0948, 0x0948, 0x0948, 0x0948, 0x0948, 0x0948, 0x0948, 0x0949, 0x0969, 0x098A, 0x11CB, 0x11EC,
    0x1A0C, 0x1A0C, 0x120C, 0x11CB, 0x09AA, 0x0989, 0x0969, 0x0969, 0x0969, 0x0949, 0x0969, 0x0969,
    0x0969, 0x098A, 0x11AB, 0x11EC, 0x1A0D, 0x1A2D, 0x1A2D, 0x1A0C, 0x11AB, 0x0969, 0x0148, 0x0127,
    0x0107, 0x0107, 0x0106, 0x0106, 0x0106, 0x0106, 0x0106, 0x0106, 0x0107, 0x0107, 0x0127, 0x0948,
    0x0969, 0x11AA, 0x11EB, 0x1A0C, 0x1A2D, 0x1A2D, 0x1A2D, 0x1A0C, 0x19EC, 0x11CB, 0x118A, 0x0969,
    0x0969, 0x0948, 0x0948, 0x0948, 0x0948, 0x0949, 0x0949, 0x0949, 0x0949, 0x0949, 0x0969, 0x0969,
    0x098A, 0x11AA, 0x11CB, 0x11EB, 0x11CB, 0x11CB, 0x098A, 0x0969, 0x0128, 0x0127, 0x0107, 0x0107,
    0x0107, 0x0107, 0x0107, 0x0127, 0x0128, 0x0969, 0x098A, 0x11CB, 0x19EC, 0x1A0D, 0x1A2D, 0x1A2D,
    0x1A0C, 0x1A0C, 0x11CB, 0x098A, 0x0969, 0x0148, 0x0127, 0x0107, 0x0107, 0x0107, 0x0107, 0x0107,
    0x0107, 0x0107, 0x0107, 0x0107, 0x0127, 0x0148, 0x0969, 0x118A, 0x11CB, 0x1A0C, 0x1A0C, 0x1A2C,
    0x1A0C, 0x1A0C, 0x1A0C, 0x1A0C, 0x1A0C, 0x1A0C, 0x1A0C, 0x1A0C, 0x11EB, 0x11AA, 0x0989, 0x0948,
    0x0148, 0x0128, 0x0128, 0x0128, 0x0128, 0x0128, 0x0128, 0x0128, 0x0128, 0x0128, 0x0128, 0x0148,
    0x0949, 0x098A, 0x11AA, 0x11EB, 0x11EB, 0x11CB, 0x11AA, 0x0969, 0x0148, 0x0127, 0x0107, 0x0107,
    0x0107, 0x0107, 0x0107, 0x0128, 0x0949, 0x098A, 0x11CB, 0x11EC, 0x1A0C, 0x1A0C, 0x1A0C, 0x1A0C,
    0x1A0C, 0x1A0C, 0x11EB, 0x11AA, 0x0969, 0x0148, 0x0127, 0x0107, 0x0107, 0x0107, 0x0107, 0x0107,
    0x0107, 0x0107, 0x0107, 0x0107, 0x0107, 0x0128, 0x0948, 0x0989, 0x11AA, 0x11EB, 0x19EB, 0x11CB,
    0x11AA, 0x0969, 0x0148, 0x0127, 0x0107, 0x0107, 0x0107, 0x0107, 0x0107, 0x0107, 0x0107, 0x0107,
    0x0107, 0x0107, 0x0107, 0x0107, 0x0107, 0x0107, 0x0107, 0x0107, 0x0107, 0x0107, 0x0107, 0x0107,
    0x0107, 0x0107, 0x0107, 0x0107, 0x0107, 0x0107, 0x0107, 0x0107, 0x0107, 0x0107, 0x0107, 0x0128,
    0x0148, 0x0969, 0x11AA, 0x11EB, 0x19EB, 0x19EB, 0x11CA, 0x0989, 0x0948, 0x0128, 0x0127, 0x0107,
    0x0107, 0x0107, 0x0107, 0x0107, 0x0107, 0x0107, 0x0128, 0x0128, 0x0148, 0x0969, 0x098A, 0x11CB,
    0x11EC, 0x120C, 0x11EC, 0x11CB, 0x098A, 0x0969, 0x0148, 0x0128, 0x0128, 0x0128, 0x0128, 0x0148,
    0x0149, 0x0969, 0x09AA, 0x11EB, 0x1A0C, 0x1A0D, 0x1A0C, 0x11CB, 0x098A, 0x0949, 0x0128, 0x0107,
    0x0107, 0x0106, 0x0106, 0x0106, 0x0106, 0x0106, 0x0106, 0x0107, 0x0107, 0x0127, 0x0128, 0x0969,
    0x098A, 0x11CB, 0x19EB, 0x1A0C, 0x1A0C, 0x1A0C, 0x1A0C, 0x19EC, 0x19EB, 0x11CB, 0x098A, 0x0969,
    0x0148, 0x0128, 0x0128, 0x0128, 0x0128, 0x0128, 0x0128, 0x0128, 0x0128, 0x0128, 0x0128, 0x0148,
    0x0969, 0x0989, 0x11AA, 0x11CB, 0x11CB, 0x11CB, 0x11AA, 0x0989, 0x0949, 0x0128, 0x0127, 0x0107,
    0x0107, 0x0107, 0x0127, 0x0128, 0x0149, 0x0989, 0x11AB, 0x11EB, 0x19EC, 0x1A0C, 0x1A0C, 0x1A0C,
    0x1A0C, 0x1A0C, 0x11EB, 0x11AA, 0x0989, 0x0948, 0x0128, 0x0107, 0x0107, 0x0107, 0x0107, 0x0107,
    0x0107, 0x0107, 0x0107, 0x0107, 0x0107, 0x0127, 0x0948, 0x0969, 0x11AA, 0x19EB, 0x1A2C, 0x224D,
    0x1A2D, 0x1A2C, 0x1A0C, 0x11EB, 0x11CB, 0x11CB, 0x11EB, 0x19EB, 0x11CB, 0x11CA, 0x0989, 0x0968,
    0x0128, 0x0127, 0x0107, 0x0107, 0x0107, 0x0107, 0x0107, 0x0107, 0x0107, 0x0107, 0x0107, 0x0127,
    0x0148, 0x0969, 0x09AA, 0x11CB, 0x11EB, 0x11EB, 0x11CB, 0x098A, 0x0969, 0x0128, 0x0127, 0x0107,
    0x0107, 0x0107, 0x0127, 0x0148, 0x0969, 0x11AA, 0x11EB, 0x19EC, 0x19EC, 0x11EC, 0x11EB, 0x11CB,
    0x11EB, 0x11EB, 0x11EB, 0x11CB, 0x098A, 0x0969, 0x0128, 0x0127, 0x0107, 0x0107, 0x0107, 0x0107,
    0x0107, 0x0107, 0x0107, 0x0107, 0x0107, 0x0127, 0x0128, 0x0969, 0x11AA, 0x11CB, 0x19EB, 0x19EB,
    0x11CB, 0x098A, 0x0969, 0x0148, 0x0127, 0x0107, 0x0107, 0x0107, 0x0107, 0x0107, 0x0107, 0x0107,
    0x0107, 0x0107, 0x0107, 0x0107, 0x0107, 0x0107, 0x0107, 0x0107, 0x0107, 0x0107, 0x0107, 0x0107,
    0x0107, 0x0107, 0x0107, 0x0107, 0x0107, 0x0107, 0x0107, 0x0107, 0x0107, 0x0107, 0x0107, 0x0127,
    0x0128, 0x0969, 0x0989, 0x11CA, 0x11EB, 0x19EB, 0x11CA, 0x1189, 0x0948, 0x0128, 0x0107, 0x0107,
    0x0107, 0x0107, 0x0107, 0x0107, 0x0107, 0x0107, 0x0107, 0x0107, 0x0128, 0x0148, 0x0969, 0x09AA,
    0x11CB, 0x11EB, 0x11EC, 0x11CB, 0x09AA, 0x0969, 0x0148, 0x0128, 0x0127, 0x0127, 0x0127, 0x0128,
    0x0148, 0x0969, 0x11AA, 0x11EC, 0x1A0C, 0x1A0C, 0x11EB, 0x11AA, 0x0969, 0x0148, 0x0127, 0x0107,
    0x0107, 0x0106, 0x0106, 0x0106, 0x0106, 0x0107, 0x0107, 0x0107, 0x0107, 0x0127, 0x0948, 0x0989,
    0x11AA, 0x11CB, 0x19EB, 0x19EB, 0x11CB, 0x11CB, 0x11EB, 0x19EB, 0x19EB, 0x11CB, 0x118A, 0x0969,
    0x0148, 0x0127, 0x0107, 0x0107, 0x0107, 0x0107, 0x0107, 0x0107, 0x0107, 0x0107, 0x0127, 0x0128,
    0x0148, 0x0969, 0x098A, 0x11CA, 0x11CB, 0x11EB, 0x11CB, 0x11AA, 0x0969, 0x0148, 0x0128, 0x0127,
    0x0127, 0x0127, 0x0128, 0x0148, 0x0969, 0x11AA, 0x11CB, 0x19EC, 0x19EC, 0x11CC, 0x11CB, 0x11CB,
    0x11EB, 0x19EC, 0x19EC, 0x11CB, 0x11AA, 0x0969, 0x0148, 0x0127, 0x0107, 0x0107, 0x0107, 0x0107,
    0x0107, 0x0107, 0x0107, 0x0107, 0x0107, 0x0127, 0x0128, 0x0948, 0x098A, 0x11CB, 0x1A0C, 0x1A2D,
    0x222D, 0x1A0C, 0x19EB, 0x11AA, 0x11AA, 0x11AA, 0x11AA, 0x11CB, 0x11CB, 0x11CB, 0x11AA, 0x0969,
    0x0148, 0x0127, 0x0107, 0x0107, 0x0107, 0x0107, 0x0107, 0x0107, 0x0107, 0x0107, 0x0107, 0x0127,
    0x0128, 0x0948, 0x0989, 0x11AA, 0x11EB, 0x11EC, 0x11EB, 0x11AA, 0x0969, 0x0148, 0x0128, 0x0107,
    0x0107, 0x0107, 0x0128, 0x0949, 0x098A, 0x11CB, 0x11EC, 0x19EC, 0x11EB, 0x11CB, 0x11AA, 0x11AA,
    0x11AB, 0x11CB, 0x11EB, 0x11CB, 0x11AA, 0x0969, 0x0948, 0x0127, 0x0107, 0x0107, 0x0107, 0x0107,
    0x0107, 0x0107, 0x0107, 0x0107, 0x0107, 0x0107, 0x0127, 0x0948, 0x0969, 0x11AA, 0x11EB, 0x19EB,
    0x11EB, 0x11AA, 0x0989, 0x0948, 0x0128, 0x0107, 0x0107, 0x0107, 0x0107, 0x0107, 0x0107, 0x0107,
    0x0107, 0x0107, 0x0107, 0x0107, 0x0107, 0x0107, 0x0107, 0x0107, 0x0107, 0x0107, 0x0107, 0x0107,
    0x0107, 0x0107, 0x0107, 0x0107, 0x0107, 0x0107, 0x0107, 0x0107, 0x0107, 0x0107, 0x0107, 0x0107,
    0x0127, 0x0148, 0x0969, 0x11AA, 0x11CB, 0x11EB, 0x11CB, 0x11AA, 0x0969, 0x0948, 0x0127, 0x0107,
    0x0107, 0x0106, 0x0106, 0x0106, 0x0107, 0x0107, 0x0107, 0x0107, 0x0107, 0x0128, 0x0148, 0x0989,
    0x11AA, 0x11CB, 0x11EB, 0x11EB, 0x11AA, 0x0989, 0x0948, 0x0128, 0x0127, 0x0107, 0x0127, 0x0128,
    0x0949, 0x098A, 0x11CB, 0x19EC, 0x1A0C, 0x11EC, 0x11CB, 0x0989, 0x0948, 0x0127, 0x0107, 0x0107,
    0x0107, 0x0106, 0x0106, 0x0106, 0x0106, 0x0107, 0x0107, 0x0107, 0x0127, 0x0948, 0x0969, 0x11AA,
    0x11CB, 0x11EB, 0x11EB, 0x11CB, 0x11AA, 0x11AA, 0x11AA, 0x11CB, 0x11CB, 0x11CB, 0x11AA, 0x0969,
    0x0948, 0x0128, 0x0107, 0x0107, 0x0107, 0x0107, 0x0107, 0x0107, 0x0107, 0x0107, 0x0107, 0x0127,
    0x0128, 0x0148, 0x0969, 0x09AA, 0x11CB, 0x11EB, 0x11EB, 0x11CB, 0x098A, 0x0969, 0x0148, 0x0128,
    0x0128, 0x0128, 0x0148, 0x0969, 0x098A, 0x11CB, 0x11EC, 0x19EC, 0x11CB, 0x11AB, 0x11AA, 0x11AA,
    0x11AB, 0x11CB, 0x19EB, 0x11EB, 0x11CB, 0x0989, 0x0948, 0x0128, 0x0107, 0x0107, 0x0107, 0x0107,
    0x0107, 0x0107, 0x0107, 0x0107, 0x0107, 0x0107, 0x0127, 0x0148, 0x0969, 0x11AA, 0x11EB, 0x1A0C,
    0x1A2C, 0x19EC, 0x11CB, 0x098A, 0x0969, 0x0969, 0x098A, 0x11AA, 0x11CB, 0x11CB, 0x11CA, 0x0989,
    0x0969, 0x0128, 0x0127, 0x0107, 0x0107, 0x0107, 0x0107, 0x0107, 0x0107, 0x0107, 0x0107, 0x0107,
    0x0127, 0x0148, 0x0969, 0x09AA, 0x11CB, 0x11EC, 0x11EC, 0x11CB, 0x11AA, 0x0969, 0x0148, 0x0127,
    0x0127, 0x0128, 0x0148, 0x0969, 0x11AA, 0x11CB, 0x11EC, 0x11EC, 0x11CB, 0x098A, 0x0989, 0x0989,
    0x098A, 0x11AA, 0x11CB, 0x11EB, 0x11CB, 0x118A, 0x0969, 0x0128, 0x0107, 0x0107, 0x0107, 0x0107,
    0x0107, 0x0107, 0x0107, 0x0107, 0x0107, 0x0107, 0x0107, 0x0128, 0x0948, 0x0989, 0x11CB, 0x19EB,
    0x19EB, 0x11CB, 0x11AA, 0x0969, 0x0148, 0x0127, 0x0107, 0x0107, 0x0107, 0x0107, 0x0107, 0x0107,
    0x0107, 0x0107, 0x0107, 0x0107, 0x0107, 0x0107, 0x0107, 0x0107, 0x0107, 0x0107, 0x0107, 0x0107,
    0x0107, 0x0107, 0x0107, 0x0107, 0x0107, 0x0107, 0x0107, 0x0107, 0x0107, 0x0107, 0x0107, 0x0107,
    0x0127, 0x0128, 0x0948, 0x0989, 0x11AA, 0x11CB, 0x11EB, 0x11CA, 0x1189, 0x0968, 0x0128, 0x0107,
    0x0107, 0x0106, 0x0106, 0x0106, 0x0107, 0x0107, 0x0107, 0x0107, 0x0107, 0x0127, 0x0128, 0x0969,
    0x098A, 0x11CB, 0x11EB, 0x11EB, 0x11CB, 0x11AA, 0x0969, 0x0148, 0x0128, 0x0127, 0x0128, 0x0148,
    0x0969, 0x11AA, 0x11EB, 0x19EC, 0x19EC, 0x11CB, 0x098A, 0x0969, 0x0128, 0x0107, 0x0107, 0x0107,
    0x0107, 0x0107, 0x0107, 0x0107, 0x0107, 0x0107, 0x0107, 0x0107, 0x0128, 0x0968, 0x098A, 0x11CB,
    0x11EB, 0x11EB, 0x11CB, 0x11AA, 0x0989, 0x0969, 0x0989, 0x11AA, 0x11CB, 0x11CB, 0x11CA, 0x118A,
    0x0969, 0x0128, 0x0127, 0x0107, 0x0107, 0x0107, 0x0107, 0x0107, 0x0107, 0x0107, 0x0107, 0x0127,
    0x0127, 0x0148, 0x0169, 0x0989, 0x11AA, 0x11EB, 0x11EC, 0x11EB, 0x11CB, 0x098A, 0x0169, 0x0148,
    0x0148, 0x0148, 0x0169, 0x098A, 0x11AB, 0x11CB, 0x11EC, 0x11EC, 0x11AB, 0x098A, 0x0969, 0x0969,
    0x098A, 0x11AB, 0x11EB, 0x19EB, 0x11CB, 0x11AA, 0x0969, 0x0948, 0x0107, 0x0107, 0x0107, 0x0107,
    0x0107, 0x0107, 0x0107, 0x0107, 0x0107, 0x0107, 0x0107, 0x0128, 0x0948, 0x0989, 0x11AA, 0x11CB,
    0x19EB, 0x11CB, 0x118A, 0x0969, 0x0948, 0x0948, 0x0969, 0x118A, 0x11CA, 0x11CB, 0x11CB, 0x11AA,
    0x0969, 0x0948, 0x0127, 0x0107, 0x0107, 0x0107, 0x0107, 0x0107, 0x0107, 0x0107, 0x0107, 0x0107,
    0x0127, 0x0128, 0x0148, 0x0989, 0x11AA, 0x11EB, 0x11EC, 0x11EB, 0x11CB, 0x098A, 0x0949, 0x0128,
    0x0128, 0x0148, 0x0969, 0x098A, 0x11CB, 0x11EC, 0x11EC, 0x11CB, 0x11AA, 0x0969, 0x0948, 0x0948,
    0x0969, 0x118A, 0x11CA, 0x11CB, 0x11CB, 0x11AA, 0x0989, 0x0948, 0x0127, 0x0107, 0x0107, 0x0107,
    0x0107, 0x0107, 0x0107, 0x0107, 0x0107, 0x0107, 0x0107, 0x0127, 0x0148, 0x0969, 0x11AA, 0x11CB,
    0x19EB, 0x11EB, 0x11CA, 0x0989, 0x0968, 0x0128, 0x0127, 0x0107, 0x0107, 0x0107, 0x0107, 0x0107,
    0x0107, 0x0107, 0x0107, 0x0107, 0x0107, 0x0107, 0x0107, 0x0107, 0x0107, 0x0107, 0x0107, 0x0107,
    0x0107, 0x0107, 0x0107, 0x0107, 0x0107, 0x0107, 0x0107, 0x0107, 0x0107, 0x0107, 0x0107, 0x0107,
    0x0107, 0x0127, 0x0148, 0x0969, 0x118A, 0x11CA, 0x11EB, 0x11CB, 0x11AA, 0x0969, 0x0948, 0x0127,
    0x0107, 0x0107, 0x0106, 0x0106, 0x0107, 0x0107, 0x0107, 0x0107, 0x0107, 0x0127, 0x0128, 0x0148,
    0x0969, 0x11AA, 0x11CB, 0x11EB, 0x11EB, 0x11CA, 0x098A, 0x0969, 0x0148, 0x0128, 0x0148, 0x0969,
    0x098A, 0x11CB, 0x11EC, 0x19EC, 0x11EB, 0x11AA, 0x0969, 0x0148, 0x0127, 0x0107, 0x0107, 0x0107,
    0x0107, 0x0107, 0x0107, 0x0107, 0x0107, 0x0107, 0x0107, 0x0127, 0x0948, 0x0989, 0x11AA, 0x11EB,
    0x19EB, 0x11CB, 0x11AA, 0x0989, 0x0969, 0x0948, 0x0969, 0x0989, 0x11AA, 0x11CB, 0x11CB, 0x11AA,
    0x0969, 0x0948, 0x0127, 0x0107, 0x0107, 0x0107, 0x0107, 0x0107, 0x0107, 0x0107, 0x0107, 0x0107,
    0x0127, 0x0128, 0x0148, 0x0969, 0x09AA, 0x11CB, 0x11EC, 0x11EC, 0x11EB, 0x09AA, 0x0989, 0x0169,
    0x0148, 0x0169, 0x0969, 0x09AA, 0x11CB, 0x11EC, 0x11EC, 0x11CB, 0x118A, 0x0969, 0x0949, 0x0949,
    0x0969, 0x118A, 0x11CB, 0x19EB, 0x19EB, 0x11CA, 0x1189, 0x0948, 0x0127, 0x0107, 0x0107, 0x0107,
    0x0107, 0x0107, 0x0107, 0x0107, 0x0107, 0x0107, 0x0107, 0x0127, 0x0128, 0x0948, 0x0969, 0x098A,
    0x11AA, 0x118A, 0x0969, 0x0948, 0x0128, 0x0128, 0x0948, 0x0969, 0x11AA, 0x11CB, 0x11EB, 0x11CB,
    0x118A, 0x0969, 0x0128, 0x0127, 0x0107, 0x0107, 0x0107, 0x0107, 0x0107, 0x0107, 0x0107, 0x0107,
    0x0107, 0x0128, 0x0148, 0x0969, 0x098A, 0x11CB, 0x11EC, 0x11EC, 0x11CB, 0x11AA, 0x0969, 0x0149,
    0x0148, 0x0949, 0x0989, 0x11AA, 0x11CB, 0x11EC, 0x11CB, 0x11AA, 0x0989, 0x0148, 0x0128, 0x0128,
    0x0948, 0x0969, 0x11AA, 0x11CB, 0x11CB, 0x11CA, 0x118A, 0x0969, 0x0128, 0x0127, 0x0107, 0x0107,
    0x0107, 0x0107, 0x0107, 0x0107, 0x0107, 0x0106, 0x0107, 0x0107, 0x0127, 0x0948, 0x0989, 0x11CA,
    0x11EB, 0x19EB, 0x11CB, 0x11AA, 0x0969, 0x0148, 0x0127, 0x0107, 0x0107, 0x0107, 0x0107, 0x0107,
    0x0107, 0x0107, 0x0107, 0x0107, 0x0107, 0x0107, 0x0107, 0x0107, 0x0107, 0x0107, 0x0107, 0x0107,
    0x0107, 0x0107, 0x0107, 0x0107, 0x0107, 0x0107, 0x0107, 0x0107, 0x0107, 0x0107, 0x0107, 0x0107,
    0x0107, 0x0107, 0x0127, 0x0148, 0x0969, 0x11AA, 0x11CB, 0x11EB, 0x11CB, 0x11AA, 0x0969, 0x0148,
    0x0127, 0x0107, 0x0107, 0x0107, 0x0107, 0x0107, 0x0107, 0x0107, 0x0107, 0x0107, 0x0127, 0x0128,
    0x0148, 0x0989, 0x11AA, 0x11EB, 0x11EB, 0x11CB, 0x11AA, 0x0969, 0x0949, 0x0148, 0x0949, 0x0989,
    0x11AA, 0x11EB, 0x19EC, 0x11EB, 0x11CB, 0x098A, 0x0949, 0x0128, 0x0107, 0x0107, 0x0107, 0x0107,
    0x0107, 0x0107, 0x0107, 0x0107, 0x0107, 0x0107, 0x0127, 0x0148, 0x0969, 0x11AA, 0x11CB, 0x19EB,
    0x19EB, 0x11CB, 0x098A, 0x0969, 0x0148, 0x0128, 0x0948, 0x0969, 0x118A, 0x11AA, 0x11CB, 0x11CA,
    0x118A, 0x0969, 0x0948, 0x0127, 0x0107, 0x0107, 0x0106, 0x0106, 0x0106, 0x0107, 0x0107, 0x0107,
    0x0127, 0x0127, 0x0128, 0x0148, 0x0989, 0x11AA, 0x11EB, 0x120C, 0x11EC, 0x11CB, 0x09AA, 0x0969,
    0x0169, 0x0969, 0x098A, 0x11CB, 0x11EC, 0x11EC, 0x11CB, 0x11AA, 0x0969, 0x0949, 0x0128, 0x0128,
    0x0948, 0x0969, 0x11AA, 0x11CB, 0x19EB, 0x11CB, 0x11AA, 0x0969, 0x0948, 0x0127, 0x0107, 0x0107,
    0x0107, 0x0107, 0x0107, 0x0107, 0x0107, 0x0107, 0x0107, 0x0107, 0x0127, 0x0128, 0x0148, 0x0949,
    0x0969, 0x0969, 0x0948, 0x0127, 0x0107, 0x0127, 0x0128, 0x0968, 0x0989, 0x11CA, 0x11EB, 0x11CB,
    0x11AA, 0x0989, 0x0948, 0x0128, 0x0107, 0x0107, 0x0107, 0x0107, 0x0107, 0x0107, 0x0107, 0x0107,
    0x0107, 0x0127, 0x0128, 0x0148, 0x0989, 0x09AA, 0x11EB, 0x11EC, 0x11EC, 0x11CB, 0x09AA, 0x0969,
    0x0969, 0x0989, 0x09AA, 0x11CB, 0x11EB, 0x11EB, 0x11CB, 0x098A, 0x0969, 0x0128, 0x0127, 0x0127,
    0x0128, 0x0948, 0x0989, 0x11AA, 0x11CB, 0x11CB, 0x11AA, 0x0989, 0x0948, 0x0127, 0x0107, 0x0107,
    0x0107, 0x0107, 0x0107, 0x0107, 0x0106, 0x0106, 0x0106, 0x0107, 0x0107, 0x0128, 0x0969, 0x11AA,
    0x11CB, 0x19EB, 0x19EB, 0x11CB, 0x098A, 0x0969, 0x0148, 0x0127, 0x0107, 0x0107, 0x0107, 0x0107,
    0x0107, 0x0107, 0x0107, 0x0107, 0x0107, 0x0107, 0x0107, 0x0107, 0x0107, 0x0107, 0x0107, 0x0107,
    0x0107, 0x0107, 0x0107, 0x0107, 0x0107, 0x0107, 0x0107, 0x0107, 0x0107, 0x0107, 0x0107, 0x0107,
    0x0107, 0x0107, 0x0127, 0x0128, 0x0969, 0x098A, 0x11CA, 0x11EB, 0x11EB, 0x11CA, 0x098A, 0x0948,
    0x0128, 0x0107, 0x0107, 0x0107, 0x0107, 0x0107, 0x0107, 0x0107, 0x0107, 0x0107, 0x0107, 0x0127,
    0x0148, 0x0969, 0x098A, 0x11CB, 0x11EB, 0x11EB, 0x11CB, 0x11AA, 0x0969, 0x0969, 0x0969, 0x09AA,
    0x11CB, 0x11EB, 0x11EB, 0x11CB, 0x098A, 0x0969, 0x0128, 0x0127, 0x0107, 0x0107, 0x0107, 0x0107,
    0x0107, 0x0107, 0x0107, 0x0107, 0x0107, 0x0127, 0x0128, 0x0948, 0x0989, 0x11CA, 0x11EB, 0x19EB,
    0x11CB, 0x11AA, 0x0969, 0x0148, 0x0127, 0x0127, 0x0127, 0x0948, 0x0969, 0x11AA, 0x11CA, 0x11CB,
    0x11AA, 0x1189, 0x0948, 0x0127, 0x0107, 0x0107, 0x0106, 0x0106, 0x0106, 0x0106, 0x0107, 0x0107,
    0x0107, 0x0127, 0x0127, 0x0148, 0x0969, 0x098A, 0x11CB, 0x11EC, 0x120C, 0x11EC, 0x11CB, 0x09AA,
    0x098A, 0x098A, 0x09AB, 0x11EB, 0x11EC, 0x11EC, 0x11CB, 0x098A, 0x0949, 0x0128, 0x0107, 0x0107,
    0x0128, 0x0949, 0x0989, 0x11AA, 0x11CB, 0x19CB, 0x11AA, 0x1189, 0x0948, 0x0128, 0x0107, 0x0107,
    0x0107, 0x0107, 0x0107, 0x0107, 0x0107, 0x0107, 0x0107, 0x0107, 0x0107, 0x0127, 0x0128, 0x0128,
    0x0148, 0x0128, 0x0127, 0x0107, 0x0107, 0x0107, 0x0127, 0x0948, 0x0969, 0x11AA, 0x11CB, 0x11EB,
    0x11CB, 0x11AA, 0x0969, 0x0148, 0x0127, 0x0107, 0x0107, 0x0107, 0x0107, 0x0107, 0x0107, 0x0107,
    0x0107, 0x0107, 0x0128, 0x0148, 0x0969, 0x098A, 0x11CB, 0x11EC, 0x19EC, 0x11EC, 0x11CB, 0x09AA,
    0x098A, 0x09AA, 0x11CB, 0x11EB, 0x11EC, 0x11CB, 0x11AA, 0x0969, 0x0148, 0x0128, 0x0107, 0x0107,
    0x0127, 0x0128, 0x0969, 0x118A, 0x11AA, 0x11CB, 0x11CA, 0x11AA, 0x0969, 0x0948, 0x0127, 0x0107,
    0x0107, 0x0106, 0x0106, 0x0106, 0x0106, 0x0106, 0x0106, 0x0106, 0x0107, 0x0127, 0x0948, 0x0969,
    0x11AA, 0x11EB, 0x19EB, 0x11EB, 0x11AA, 0x0989, 0x0948, 0x0128, 0x0127, 0x0107, 0x0107, 0x0107,
    0x0107, 0x0107, 0x0107, 0x0107, 0x0107, 0x0107, 0x0107, 0x0107, 0x0107, 0x0107, 0x0107, 0x0107,
    0x0107, 0x0107, 0x0107, 0x0107, 0x0107, 0x0107, 0x0107, 0x0107, 0x0107, 0x0107, 0x0107, 0x0107,
    0x0107, 0x0107, 0x0107, 0x0127, 0x0148, 0x0969, 0x11AA, 0x11CB, 0x11EB, 0x11CB, 0x11AA, 0x0969,
    0x0948, 0x0128, 0x0107, 0x0107, 0x0107, 0x0107, 0x0107, 0x0107, 0x0107, 0x0107, 0x0107, 0x0107,
    0x0128, 0x0148, 0x0969, 0x11AA, 0x11CB, 0x19EB, 0x11CB, 0x11AB, 0x118A, 0x098A, 0x098A, 0x11AB,
    0x11CB, 0x11EB, 0x11CB, 0x11AA, 0x0969, 0x0148, 0x0127, 0x0107, 0x0107, 0x0107, 0x0107, 0x0107,
    0x0107, 0x0107, 0x0107, 0x0107, 0x0107, 0x0127, 0x0148, 0x0969, 0x11AA, 0x11EB, 0x19EC, 0x19EB,
    0x11CB, 0x0989, 0x0948, 0x0128, 0x0127, 0x0107, 0x0127, 0x0128, 0x0948, 0x1189, 0x11AA, 0x11CB,
    0x11CA, 0x11AA, 0x0969, 0x0948, 0x0127, 0x0107, 0x0106, 0x0106, 0x0106, 0x0106, 0x0106, 0x0107,
    0x0107, 0x0107, 0x0127, 0x0128, 0x0148, 0x0989, 0x09AA, 0x11EB, 0x120C, 0x120C, 0x11EC, 0x11CB,
    0x09AB, 0x11CB, 0x11CB, 0x11EC, 0x11EC, 0x11CB, 0x11AA, 0x0969, 0x0148, 0x0127, 0x0107, 0x0107,
    0x0107, 0x0128, 0x0969, 0x118A, 0x11CB, 0x19CB, 0x11CB, 0x11AA, 0x0969, 0x0948, 0x0127, 0x0107,
    0x0107, 0x0107, 0x0107, 0x0107, 0x0107, 0x0107, 0x0107, 0x0107, 0x0107, 0x0107, 0x0107, 0x0107,
    0x0127, 0x0107, 0x0107, 0x0107, 0x0107, 0x0107, 0x0107, 0x0127, 0x0948, 0x0989, 0x11AA, 0x11CB,
    0x11CB, 0x11AA, 0x0989, 0x0948, 0x0128, 0x0107, 0x0107, 0x0107, 0x0107, 0x0107, 0x0107, 0x0107,
    0x0107, 0x0107, 0x0127, 0x0128, 0x0148, 0x0969, 0x09AA, 0x11CB, 0x11EC, 0x19EC, 0x11EC, 0x11CB,
    0x11CB, 0x11CB, 0x11EC, 0x11EC, 0x11EB, 0x11CB, 0x098A, 0x0969, 0x0128, 0x0127, 0x0107, 0x0107,
    0x0107, 0x0127, 0x0948, 0x0969, 0x11AA, 0x11CB, 0x11CB, 0x11AA, 0x1189, 0x0968, 0x0128, 0x0107,
    0x0107, 0x0106, 0x0106, 0x0106, 0x0106, 0x0106, 0x0106, 0x0106, 0x0107, 0x0107, 0x0127, 0x0968,
    0x0989, 0x11CA, 0x19EB, 0x19EB, 0x11CB, 0x11AA, 0x0969, 0x0148, 0x0127, 0x0107, 0x0107, 0x0107,
    0x0107, 0x0107, 0x0107, 0x0107, 0x0107, 0x0107, 0x0107, 0x0107, 0x0107, 0x0107, 0x0107, 0x0107,
    0x0107, 0x0107, 0x0107, 0x0107, 0x0107, 0x0107, 0x0107, 0x0107, 0x0107, 0x0107, 0x0107, 0x0107,
    0x0107, 0x0107, 0x0107, 0x0127, 0x0128, 0x0948, 0x0989, 0x11CA, 0x11EB, 0x11EB, 0x11CB, 0x11AA,
    0x0969, 0x0148, 0x0127, 0x0107, 0x0107, 0x0107, 0x0107, 0x0107, 0x0107, 0x0107, 0x0107, 0x0107,
    0x0127, 0x0128, 0x0948, 0x0989, 0x11AA, 0x11CB, 0x19EB, 0x11CB, 0x11CB, 0x11AB, 0x11CB, 0x11CB,
    0x11EB, 0x11CB, 0x11AA, 0x0989, 0x0948, 0x0128, 0x0107, 0x0107, 0x0107, 0x0107, 0x0107, 0x0107,
    0x0107, 0x0107, 0x0107, 0x0107, 0x0127, 0x0148, 0x0969, 0x11AA, 0x11CB, 0x19EB, 0x19EC, 0x11CB,
    0x11AA, 0x0969, 0x0148, 0x0127, 0x0107, 0x0107, 0x0107, 0x0127, 0x0948, 0x0969, 0x11AA, 0x11CA,
    0x11CB, 0x11CA, 0x118A, 0x0968, 0x0128, 0x0107, 0x0106, 0x0106, 0x0106, 0x0106, 0x0106, 0x0107,
    0x0107, 0x0107, 0x0127, 0x0127, 0x0148, 0x0169, 0x098A, 0x11CB, 0x11EC, 0x120C, 0x120C, 0x11EC,
    0x11EC, 0x11EC, 0x11EC, 0x120C, 0x11EC, 0x11CB, 0x098A, 0x0949, 0x0128, 0x0127, 0x0107, 0x0107,
    0x0107, 0x0128, 0x0948, 0x0969, 0x11AA, 0x11CB, 0x19EB, 0x11CB, 0x118A, 0x0969, 0x0128, 0x0127,
    0x0107, 0x0107, 0x0107, 0x0107, 0x0107, 0x0107, 0x0107, 0x0107, 0x0107, 0x0107, 0x0107, 0x0107,
    0x0107, 0x0107, 0x0107, 0x0106, 0x0106, 0x0106, 0x0107, 0x0107, 0x0128, 0x0969, 0x11AA, 0x11CA,
    0x11CB, 0x11CB, 0x11AA, 0x0969, 0x0948, 0x0127, 0x0107, 0x0107, 0x0107, 0x0107, 0x0107, 0x0107,
    0x0107, 0x0107, 0x0127, 0x0128, 0x0148, 0x0169, 0x098A, 0x11AB, 0x11EC, 0x1A0C, 0x1A0C, 0x1A0C,
    0x1A0C, 0x1A0C, 0x1A0D, 0x1A0C, 0x11EB, 0x11AB, 0x0989, 0x0949, 0x0128, 0x0128, 0x0127, 0x0127,
    0x0127, 0x0127, 0x0948, 0x0969, 0x11AA, 0x11CB, 0x19EB, 0x11CB, 0x11AA, 0x0989, 0x0948, 0x0127,
    0x0107, 0x0107, 0x0106, 0x0106, 0x0106, 0x0106, 0x0106, 0x0106, 0x0106, 0x0107, 0x0127, 0x0948,
    0x0969, 0x11AA, 0x11CB, 0x19EB, 0x11EB, 0x11CA, 0x0989, 0x0948, 0x0128, 0x0127, 0x0107, 0x0107,
    0x0107, 0x0107, 0x0107, 0x0107, 0x0107, 0x0107, 0x0107, 0x0107, 0x0107, 0x0107, 0x0107, 0x0107,
    0x0107, 0x0107, 0x0107, 0x0107, 0x0107, 0x0107, 0x0107, 0x0107, 0x0107, 0x0107, 0x0107, 0x0107,
    0x0107, 0x0107, 0x0107, 0x0107, 0x0127, 0x0148, 0x0969, 0x11AA, 0x11CB, 0x11EB, 0x11EB, 0x11CB,
    0x098A, 0x0969, 0x0128, 0x0127, 0x0107, 0x0107, 0x0107, 0x0107, 0x0107, 0x0107, 0x0107, 0x0107,
    0x0107, 0x0127, 0x0148, 0x0969, 0x118A, 0x11CB, 0x19EB, 0x19EB, 0x19EB, 0x19EB, 0x11EB, 0x19EB,
    0x11EB, 0x11CB, 0x118A, 0x0969, 0x0128, 0x0127, 0x0107, 0x0107, 0x0107, 0x0107, 0x0107, 0x0107,
    0x0107, 0x0107, 0x0107, 0x0127, 0x0128, 0x0948, 0x098A, 0x11CB, 0x11EB, 0x19EC, 0x11EB, 0x11AA,
    0x0989, 0x0948, 0x0128, 0x0107, 0x0107, 0x0107, 0x0107, 0x0107, 0x0128, 0x0948, 0x0989, 0x11AA,
    0x11CB, 0x11CB, 0x11AA, 0x0989, 0x0948, 0x0127, 0x0107, 0x0106, 0x0106, 0x0106, 0x0106, 0x0107,
    0x0107, 0x0107, 0x0107, 0x0127, 0x0128, 0x0148, 0x0969, 0x09AA, 0x11CB, 0x120C, 0x1A0C, 0x1A0D,
    0x1A0D, 0x1A0D, 0x1A0D, 0x1A0C, 0x11EC, 0x11AB, 0x098A, 0x0949, 0x0128, 0x0127, 0x0127, 0x0127,
    0x0127, 0x0128, 0x0948, 0x0969, 0x11AA, 0x11CB, 0x19EB, 0x19EB, 0x11CB, 0x098A, 0x0949, 0x0128,
    0x0107, 0x0107, 0x0107, 0x0107, 0x0107, 0x0107, 0x0107, 0x0107, 0x0107, 0x0107, 0x0107, 0x0107,
    0x0107, 0x0107, 0x0106, 0x0106, 0x0106, 0x0106, 0x0107, 0x0107, 0x0127, 0x0948, 0x0989, 0x11AA,
    0x11CB, 0x11EB, 0x11CB, 0x118A, 0x0969, 0x0128, 0x0127, 0x0107, 0x0107, 0x0107, 0x0107, 0x0107,
    0x0107, 0x0127, 0x0127, 0x0127, 0x0128, 0x0148, 0x0969, 0x098A, 0x11CB, 0x11EC, 0x1A0D, 0x1A2D,
    0x1A2D, 0x1A2D, 0x1A2D, 0x1A0D, 0x11EC, 0x11AB, 0x098A, 0x0969, 0x0948, 0x0148, 0x0148, 0x0148,
    0x0148, 0x0948, 0x0948, 0x0969, 0x11AA, 0x11CB, 0x19EB, 0x19EC, 0x11CB, 0x11AA, 0x0969, 0x0148,
    0x0127, 0x0107, 0x0106, 0x0106, 0x0106, 0x0106, 0x0106, 0x0106, 0x0106, 0x0107, 0x0107, 0x0127,
    0x0948, 0x0989, 0x11CA, 0x11EB, 0x19EB, 0x11CB, 0x11AA, 0x0969, 0x0148, 0x0128, 0x0107, 0x0107,
    0x0107, 0x0107, 0x0107, 0x0107, 0x0107, 0x0107, 0x0107, 0x0107, 0x0107, 0x0107, 0x0107, 0x0107,
    0x0107, 0x0107, 0x0107, 0x0107, 0x0107, 0x0107, 0x0107, 0x0107, 0x0107, 0x0107, 0x0107, 0x0107,
    0x0107, 0x0107, 0x0107, 0x0107, 0x0127, 0x0128, 0x0948, 0x0989, 0x11AA, 0x11EB, 0x11EC, 0x11EB,
    0x11AA, 0x0989, 0x0948, 0x0128, 0x0127, 0x0107, 0x0107, 0x0107, 0x0107, 0x0107, 0x0107, 0x0107,
    0x0107, 0x0107, 0x0127, 0x0948, 0x0969, 0x11AA, 0x11CB, 0x19EC, 0x1A0C, 0x1A0C, 0x1A0C, 0x19EC,
    0x11CB, 0x11AA, 0x0969, 0x0948, 0x0127, 0x0107, 0x0107, 0x0107, 0x0107, 0x0107, 0x0107, 0x0107,
    0x0107, 0x0107, 0x0107, 0x0128, 0x0148, 0x0969, 0x11AA, 0x11EB, 0x19EC, 0x19EC, 0x11CB, 0x098A,
    0x0969, 0x0128, 0x0127, 0x0107, 0x0107, 0x0107, 0x0107, 0x0107, 0x0127, 0x0148, 0x0969, 0x11AA,
    0x11CA, 0x11CB, 0x11CB, 0x11AA, 0x0969, 0x0948, 0x0127, 0x0107, 0x0106, 0x0106, 0x0106, 0x0107,
    0x0107, 0x0107, 0x0107, 0x0107, 0x0127, 0x0128, 0x0148, 0x0989, 0x11AA, 0x11EC, 0x1A0C, 0x1A2D,
    0x1A2D, 0x1A4D, 0x1A2D, 0x1A0D, 0x11EC, 0x11AB, 0x098A, 0x0969, 0x0948, 0x0148, 0x0148, 0x0148,
    0x0148, 0x0948, 0x0949, 0x0969, 0x11AA, 0x11CB, 0x19EC, 0x1A0C, 0x11EB, 0x11AA, 0x0989, 0x0148,
    0x0127, 0x0107, 0x0107, 0x0107, 0x0107, 0x0107, 0x0107, 0x0107, 0x0107, 0x0107, 0x0107, 0x0107,
    0x0107, 0x0107, 0x0106, 0x0106, 0x0106, 0x0106, 0x0106, 0x0107, 0x0107, 0x0128, 0x0968, 0x0989,
    0x11CA, 0x11EB, 0x11CB, 0x11AA, 0x0989, 0x0948, 0x0128, 0x0107, 0x0107, 0x0107, 0x0107, 0x0107,
    0x0107, 0x0127, 0x0127, 0x0127, 0x0128, 0x0128, 0x0149, 0x0969, 0x09AA, 0x11EC, 0x1A0D, 0x1A4D,
    0x224E, 0x224E, 0x1A4E, 0x1A2D, 0x120C, 0x11CB, 0x11AA, 0x098A, 0x0989, 0x0969, 0x0969, 0x0969,
    0x0969, 0x0969, 0x0969, 0x098A, 0x11AA, 0x19EB, 0x1A0C, 0x1A0C, 0x1A0C, 0x11CB, 0x0989, 0x0948,
    0x0127, 0x0107, 0x0107, 0x0106, 0x0106, 0x0106, 0x0106, 0x0106, 0x0106, 0x0107, 0x0107, 0x0127,
    0x0148, 0x0969, 0x11AA, 0x11CB, 0x19EB, 0x11EB, 0x11CB, 0x098A, 0x0969, 0x0128, 0x0127, 0x0107,
    0x0107, 0x0107, 0x0107, 0x0107, 0x0107, 0x0107, 0x0107, 0x0107, 0x0107, 0x0107, 0x0107, 0x0107,
    0x0107, 0x0107, 0x0107, 0x0107, 0x0107, 0x0107, 0x0107, 0x0107, 0x0107, 0x0107, 0x0107, 0x0107,
    0x0107, 0x0107, 0x0107, 0x0107, 0x0107, 0x0127, 0x0148, 0x0969, 0x09AA, 0x11CB, 0x11EC, 0x11EC,
    0x11EB, 0x09AA, 0x0969, 0x0148, 0x0127, 0x0107, 0x0107, 0x0107, 0x0107, 0x0107, 0x0107, 0x0107,
    0x0107, 0x0107, 0x0127, 0x0128, 0x0948, 0x0989, 0x11AA, 0x19EB, 0x1A0C, 0x1A0C, 0x1A0C, 0x19EC,
    0x11CB, 0x0989, 0x0968, 0x0128, 0x0107, 0x0107, 0x0106, 0x0107, 0x0107, 0x0107, 0x0107, 0x0107,
    0x0107, 0x0107, 0x0127, 0x0128, 0x0969, 0x098A, 0x11CB, 0x19EC, 0x19EC, 0x11EB, 0x11AA, 0x0969,
    0x0148, 0x0127, 0x0107, 0x0107, 0x0107, 0x0107, 0x0107, 0x0107, 0x0107, 0x0127, 0x0948, 0x0989,
    0x11AA, 0x11CB, 0x11EB, 0x11CA, 0x1189, 0x0948, 0x0127, 0x0107, 0x0106, 0x0106, 0x0106, 0x0106,
    0x0107, 0x0107, 0x0107, 0x0107, 0x0107, 0x0127, 0x0148, 0x0969, 0x098A, 0x11CB, 0x1A0C, 0x1A2D,
    0x1A4E, 0x1A6E, 0x1A4E, 0x1A2D, 0x11EC, 0x11CB, 0x11AA, 0x098A, 0x0969, 0x0969, 0x0969, 0x0969,
    0x0969, 0x0969, 0x0989, 0x118A, 0x11CB, 0x19EC, 0x1A0C, 0x1A2D, 0x1A0C, 0x11EB, 0x11AA, 0x0969,
    0x0128, 0x0127, 0x0107, 0x0107, 0x0107, 0x0107, 0x0107, 0x0107, 0x0107, 0x0107, 0x0107, 0x0107,
    0x0107, 0x0107, 0x0107, 0x0106, 0x0106, 0x0106, 0x0106, 0x0107, 0x0107, 0x0127, 0x0148, 0x0969,
    0x11AA, 0x11CB, 0x11EB, 0x11CB, 0x11AA, 0x0969, 0x0948, 0x0127, 0x0107, 0x0107, 0x0107, 0x0107,
    0x0107, 0x0127, 0x0127, 0x0127, 0x0127, 0x0128, 0x0148, 0x0969, 0x098A, 0x11CB, 0x1A0C, 0x1A2D,
    0x226E, 0x226E, 0x224E, 0x1A2D, 0x1A0C, 0x11EB, 0x11CB, 0x11AA, 0x11AA, 0x11AA, 0x11AA, 0x11AA,
    0x11AA, 0x11AA, 0x11AA, 0x11AA, 0x11CB, 0x19EC, 0x1A2C, 0x1A2D, 0x1A2C, 0x19EC, 0x11AA, 0x0969,
    0x0148, 0x0127, 0x0107, 0x0106, 0x0106, 0x0106, 0x0106, 0x0106, 0x0107, 0x0107, 0x0107, 0x0107,
    0x0127, 0x0948, 0x0989, 0x11AA, 0x11EB, 0x19EB, 0x11CB, 0x11AA, 0x0969, 0x0148, 0x0128, 0x0107,
    0x0107, 0x0107, 0x0107, 0x0107, 0x0107, 0x0107, 0x0107, 0x0107, 0x0107, 0x0107, 0x0107, 0x0107,
    0x0107, 0x0107, 0x0107, 0x0107, 0x0107, 0x0107, 0x0107, 0x0107, 0x0107, 0x0107, 0x0107, 0x0107,
    0x0107, 0x0107, 0x0107, 0x0107, 0x0107, 0x0127, 0x0128, 0x0148, 0x0989, 0x11CA, 0x11EB, 0x1A0C,
    0x11EB, 0x11CB, 0x098A, 0x0969, 0x0128, 0x0127, 0x0107, 0x0107, 0x0107, 0x0107, 0x0107, 0x0107,
    0x0107, 0x0107, 0x0107, 0x0127, 0x0148, 0x0969, 0x11AA, 0x19CB, 0x1A0C, 0x1A2C, 0x1A0C, 0x19EB,
    0x11AA, 0x0969, 0x0948, 0x0127, 0x0107, 0x0107, 0x0106, 0x0107, 0x0107, 0x0107, 0x0107, 0x0107,
    0x0107, 0x0107, 0x0128, 0x0148, 0x0989, 0x11CA, 0x11EB, 0x19EC, 0x19EC, 0x11CB, 0x098A, 0x0969,
    0x0128, 0x0127, 0x0107, 0x0107, 0x0107, 0x0107, 0x0107, 0x0107, 0x0107, 0x0127, 0x0148, 0x0969,
    0x11AA, 0x11CA, 0x11EB, 0x11CB, 0x11AA, 0x0969, 0x0948, 0x0127, 0x0107, 0x0106, 0x0106, 0x0106,
    0x0107, 0x0107, 0x0107, 0x0107, 0x0107, 0x0107, 0x0127, 0x0148, 0x0969, 0x09AA, 0x11EC, 0x1A2D,
    0x1A4E, 0x226E, 0x224E, 0x1A2D, 0x1A0C, 0x11EC, 0x11CB, 0x11AA, 0x11AA, 0x11AA, 0x11AA, 0x11AA,
    0x11AA, 0x11AA, 0x11AA, 0x11CB, 0x11EB, 0x1A0C, 0x1A2D, 0x1A2D, 0x1A2D, 0x1A0C, 0x11CB, 0x098A,
    0x0948, 0x0128, 0x0107, 0x0107, 0x0107, 0x0107, 0x0107, 0x0107, 0x0107, 0x0107, 0x0107, 0x0107,
    0x0107, 0x0107, 0x0107, 0x0107, 0x0107, 0x0107, 0x0107, 0x0107, 0x0107, 0x0107, 0x0127, 0x0948,
    0x0989, 0x11CA, 0x11EB, 0x11EB, 0x11CB, 0x098A, 0x0969, 0x0148, 0x0127, 0x0107, 0x0107, 0x0107,
    0x0107, 0x0107, 0x0127, 0x0127, 0x0127, 0x0127, 0x0128, 0x0148, 0x0969, 0x09AA, 0x11EC, 0x1A2D,
    0x224E, 0x226E, 0x224E, 0x1A4D, 0x1A0C, 0x19EC, 0x11CB, 0x11CB, 0x11CB, 0x11CA, 0x11CA, 0x11CA,
    0x11CA, 0x11CA, 0x11CA, 0x11CB, 0x11EB, 0x1A0C, 0x1A2C, 0x1A2D, 0x1A2D, 0x1A0C, 0x11EB, 0x11AA,
    0x0969, 0x0148, 0x0127, 0x0107, 0x0107, 0x0106, 0x0106, 0x0106, 0x0107, 0x0107, 0x0107, 0x0107,
    0x0127, 0x0148, 0x0969, 0x09AA, 0x11CB, 0x11EB, 0x11EB, 0x11CB, 0x098A, 0x0969, 0x0148, 0x0127,
    0x0107, 0x0107, 0x0107, 0x0107, 0x0107, 0x0107, 0x0107, 0x0107, 0x0107, 0x0107, 0x0107, 0x0107,
    0x0107, 0x0107, 0x0107, 0x0107, 0x0107, 0x0107, 0x0107, 0x0107, 0x0107, 0x0107, 0x0107, 0x0107,
    0x0107, 0x0107, 0x0107, 0x0107, 0x0107, 0x0107, 0x0127, 0x0148, 0x0969, 0x09AA, 0x11CB, 0x11EC,
    0x1A0C, 0x11EB, 0x11AA, 0x0989, 0x0148, 0x0128, 0x0107, 0x0107, 0x0107, 0x0107, 0x0107, 0x0107,
    0x0107, 0x0107, 0x0107, 0x0107, 0x0127, 0x0948, 0x0989, 0x11AA, 0x19EB, 0x1A0C, 0x1A0C, 0x19EB,
    0x11AA, 0x0969, 0x0128, 0x0107, 0x0107, 0x0107, 0x0106, 0x0107, 0x0107, 0x0107, 0x0107, 0x0107,
    0x0107, 0x0127, 0x0148, 0x0969, 0x11AA, 0x11CB, 0x19EC, 0x19EC, 0x11CB, 0x11AA, 0x0969, 0x0148,
    0x0127, 0x0107, 0x0107, 0x0107, 0x0107, 0x0107, 0x0107, 0x0107, 0x0107, 0x0107, 0x0127, 0x0948,
    0x0989, 0x11AA, 0x11CB, 0x11EB, 0x11CA, 0x11AA, 0x0968, 0x0128, 0x0107, 0x0107, 0x0106, 0x0106,
    0x0107, 0x0107, 0x0107, 0x0107, 0x0107, 0x0107, 0x0127, 0x0128, 0x0148, 0x0989, 0x11CB, 0x1A0C,
    0x1A4D, 0x226E, 0x224E, 0x1A4D, 0x1A2D, 0x19EC, 0x11EB, 0x11CB, 0x11CB, 0x11CB, 0x11CB, 0x11CB,
    0x11CB, 0x11CB, 0x11CB, 0x11EB, 0x11EC, 0x1A0C, 0x1A2D, 0x1A2D, 0x1A2D, 0x1A2C, 0x11EC, 0x11AA,
    0x0969, 0x0148, 0x0127, 0x0107, 0x0107, 0x0107, 0x0107, 0x0107, 0x0107, 0x0107, 0x0107, 0x0107,
    0x0107, 0x0107, 0x0107, 0x0107, 0x0107, 0x0107, 0x0107, 0x0107, 0x0107, 0x0107, 0x0127, 0x0148,
    0x0969, 0x11AA, 0x11CB, 0x11EB, 0x11EB, 0x11AA, 0x0989, 0x0948, 0x0128, 0x0127, 0x0107, 0x0107,
    0x0107, 0x0107, 0x0107, 0x0107, 0x0127, 0x0127, 0x0127, 0x0128, 0x0148, 0x0989, 0x11AB, 0x19EC,
    0x1A2D, 0x224E, 0x224E, 0x1A2D, 0x1A0C, 0x11EB, 0x11CB, 0x11CB, 0x11CA, 0x11AA, 0x11CA, 0x11AA,
    0x11AA, 0x11AA, 0x11AA, 0x11CB, 0x11CB, 0x11EB, 0x1A0C, 0x1A0C, 0x1A2D, 0x1A0C, 0x19EC, 0x11CA,
    0x0989, 0x0948, 0x0127, 0x0107, 0x0107, 0x0107, 0x0107, 0x0107, 0x0107, 0x0107, 0x0107, 0x0107,
    0x0127, 0x0127, 0x0948, 0x0989, 0x11AA, 0x11EB, 0x11EB, 0x11EB, 0x11AA, 0x0989, 0x0948, 0x0128,
    0x0127, 0x0107, 0x0107, 0x0107, 0x0107, 0x0107, 0x0107, 0x0107, 0x0107, 0x0107, 0x0107, 0x0107,
    0x0107, 0x0107, 0x0107, 0x0107, 0x0107, 0x0107, 0x0107, 0x0107, 0x0107, 0x0107, 0x0107, 0x0107,
    0x0107, 0x0107, 0x0107, 0x0107, 0x0107, 0x0107, 0x0127, 0x0128, 0x0148, 0x0989, 0x11AA, 0x11EB,
    0x1A0C, 0x11EC, 0x11CB, 0x09AA, 0x0969, 0x0148, 0x0127, 0x0107, 0x0107, 0x0107, 0x0107, 0x0107,
    0x0107, 0x0107, 0x0107, 0x0107, 0x0127, 0x0128, 0x0969, 0x118A, 0x11CB, 0x19EC, 0x1A0C, 0x19CB,
    0x11AA, 0x0969, 0x0128, 0x0107, 0x0107, 0x0106, 0x0106, 0x0107, 0x0107, 0x0107, 0x0107, 0x0107,
    0x0107, 0x0128, 0x0948, 0x098A, 0x11CB, 0x19EC, 0x1A0C, 0x11EB, 0x11CB, 0x0989, 0x0948, 0x0128,
    0x0127, 0x0107, 0x0107, 0x0107, 0x0107, 0x0107, 0x0107, 0x0107, 0x0107, 0x0107, 0x0127, 0x0128,
    0x0969, 0x118A, 0x11CA, 0x11EB, 0x11EB, 0x11AA, 0x0989, 0x0948, 0x0127, 0x0107, 0x0107, 0x0106,
    0x0107, 0x0107, 0x0107, 0x0107, 0x0107, 0x0107, 0x0107, 0x0127, 0x0128, 0x0969, 0x098A, 0x11EB,
    0x1A0C, 0x1A4D, 0x1A4D, 0x1A2D, 0x1A0C, 0x19EC, 0x11CB, 0x11CB, 0x11CB, 0x11CB, 0x11CB, 0x11CB,
    0x11CB, 0x11CB, 0x11CB, 0x11CB, 0x11EB, 0x11EC, 0x1A0C, 0x1A2C, 0x1A2D, 0x1A2D, 0x1A0C, 0x11CB,
    0x098A, 0x0969, 0x0128, 0x0127, 0x0107, 0x0107, 0x0107, 0x0107, 0x0107, 0x0107, 0x0107, 0x0107,
    0x0107, 0x0107, 0x0107, 0x0107, 0x0107, 0x0107, 0x0107, 0x0107, 0x0107, 0x0107, 0x0107, 0x0128,
    0x0948, 0x0989, 0x11AA, 0x11EB, 0x11EB, 0x11CB, 0x11AA, 0x0969, 0x0148, 0x0128, 0x0127, 0x0127,
    0x0107, 0x0107, 0x0107, 0x0107, 0x0107, 0x0107, 0x0107, 0x0127, 0x0128, 0x0949, 0x098A, 0x11CB,
    0x1A0C, 0x1A2D, 0x1A2D, 0x1A0C, 0x19EC, 0x11CB, 0x11AA, 0x11AA, 0x118A, 0x1189, 0x1189, 0x1189,
    0x1189, 0x1189, 0x118A, 0x118A, 0x11AA, 0x11AA, 0x11CB, 0x11EB, 0x1A0C, 0x1A0C, 0x1A0C, 0x11EB,
    0x11AA, 0x0969, 0x0148, 0x0127, 0x0107, 0x0107, 0x0107, 0x0107, 0x0107, 0x0107, 0x0107, 0x0107,
    0x0107, 0x0127, 0x0148, 0x0968, 0x0989, 0x11CA, 0x11EB, 0x11EB, 0x11CB, 0x11AA, 0x0969, 0x0148,
    0x0127, 0x0107, 0x0107, 0x0107, 0x0107, 0x0107, 0x0107, 0x0107, 0x0107, 0x0107, 0x0107, 0x0107,
    0x0107, 0x0107, 0x0107, 0x0107, 0x0107, 0x0107, 0x0107, 0x0107, 0x0107, 0x0107, 0x0107, 0x0107,
    0x0107, 0x0107, 0x0107, 0x0107, 0x0107, 0x0107, 0x0127, 0x0127, 0x0148, 0x0969, 0x098A, 0x11CB,
    0x120C, 0x1A0C, 0x11EC, 0x11CB, 0x0989, 0x0948, 0x0128, 0x0107, 0x0107, 0x0107, 0x0107, 0x0107,
    0x0107, 0x0107, 0x0107, 0x0107, 0x0107, 0x0127, 0x0948, 0x0969, 0x11AA, 0x11EB, 0x19EB, 0x11CB,
    0x11AA, 0x0969, 0x0948, 0x0107, 0x0107, 0x0107, 0x0107, 0x0107, 0x0107, 0x0107, 0x0107, 0x0107,
    0x0127, 0x0148, 0x0969, 0x11AA, 0x11EB, 0x1A0C, 0x19EC, 0x11CB, 0x09AA, 0x0969, 0x0148, 0x0127,
    0x0107, 0x0107, 0x0107, 0x0107, 0x0107, 0x0107, 0x0107, 0x0107, 0x0107, 0x0107, 0x0107, 0x0127,
    0x0948, 0x0969, 0x11AA, 0x11CB, 0x11EB, 0x11CB, 0x11AA, 0x0969, 0x0148, 0x0127, 0x0107, 0x0107,
    0x0107, 0x0107, 0x0107, 0x0107, 0x0107, 0x0107, 0x0107, 0x0107, 0x0127, 0x0148, 0x0969, 0x11AA,
    0x11EB, 0x1A2C, 0x1A2D, 0x1A2C, 0x19EC, 0x11CB, 0x11CA, 0x11AA, 0x11AA, 0x11AA, 0x11AA, 0x11AA,
    0x11AA, 0x11AA, 0x11AA, 0x11AA, 0x11AA, 0x11CB, 0x11CB, 0x11EB, 0x1A0C, 0x1A0C, 0x1A0C, 0x11EB,
    0x11AA, 0x0969, 0x0148, 0x0128, 0x0127, 0x0107, 0x0107, 0x0107, 0x0107, 0x0107, 0x0107, 0x0107,
    0x0107, 0x0107, 0x0107, 0x0107, 0x0107, 0x0107, 0x0107, 0x0107, 0x0107, 0x0107, 0x0107, 0x0127,
    0x0148, 0x0969, 0x11AA, 0x11CB, 0x11EB, 0x11EB, 0x11CB, 0x098A, 0x0969, 0x0148, 0x0128, 0x0127,
    0x0107, 0x0107, 0x0107, 0x0107, 0x0107, 0x0107, 0x0107, 0x0107, 0x0127, 0x0148, 0x0969, 0x118A,
    0x11CB, 0x1A0C, 0x1A0C, 0x19EC, 0x11CB, 0x11AA, 0x0989, 0x0969, 0x0969, 0x0968, 0x0968, 0x0968,
    0x0968, 0x0968, 0x0969, 0x0969, 0x0969, 0x0969, 0x098A, 0x11AA, 0x11CB, 0x11EB, 0x1A0C, 0x11EB,
    0x11CB, 0x0989, 0x0968, 0x0128, 0x0127, 0x0107, 0x0107, 0x0107, 0x0107, 0x0107, 0x0107, 0x0107,
    0x0107, 0x0127, 0x0127, 0x0148, 0x0969, 0x11AA, 0x11CB, 0x11EB, 0x11EB, 0x11CB, 0x098A, 0x0949,
    0x0128, 0x0127, 0x0107, 0x0107, 0x0107, 0x0107, 0x0107, 0x0107, 0x0107, 0x0107, 0x0107, 0x0107,
    0x0107, 0x0107, 0x0107, 0x0107, 0x0107, 0x0107, 0x0107, 0x0107, 0x0107, 0x0107, 0x0107, 0x0107,
    0x0107, 0x0107, 0x0107, 0x0107, 0x0107, 0x0127, 0x0127, 0x0127, 0x0128, 0x0148, 0x0969, 0x11AA,
    0x11EB, 0x1A0C, 0x1A0C, 0x11EB, 0x09AA, 0x0969, 0x0148, 0x0127, 0x0107, 0x0107, 0x0107, 0x0107,
    0x0107, 0x0107, 0x0107, 0x0107, 0x0107, 0x0127, 0x0128, 0x0948, 0x0989, 0x11CA, 0x19CB, 0x19CB,
    0x11AA, 0x0989, 0x0948, 0x0127, 0x0107, 0x0107, 0x0107, 0x0107, 0x0107, 0x0107, 0x0107, 0x0127,
    0x0128, 0x0968, 0x098A, 0x11CB, 0x19EC, 0x1A0C, 0x11EB, 0x11AA, 0x0989, 0x0148, 0x0127, 0x0127,
    0x0107, 0x0107, 0x0107, 0x0107, 0x0107, 0x0107, 0x0107, 0x0107, 0x0107, 0x0107, 0x0107, 0x0127,
    0x0128, 0x0968, 0x0989, 0x11CA, 0x11EB, 0x11EB, 0x11CA, 0x0989, 0x0968, 0x0128, 0x0127, 0x0107,
    0x0107, 0x0107, 0x0107, 0x0107, 0x0107, 0x0107, 0x0107, 0x0107, 0x0107, 0x0128, 0x0948, 0x0989,
    0x11AA, 0x19EB, 0x1A0C, 0x1A0C, 0x11EB, 0x11AA, 0x098A, 0x0989, 0x0969, 0x0969, 0x0969, 0x0969,
    0x0969, 0x0969, 0x0969, 0x0969, 0x0989, 0x0989, 0x098A, 0x11AA, 0x11CB, 0x11EB, 0x19EC, 0x19EC,
    0x11CB, 0x11AA, 0x0969, 0x0148, 0x0127, 0x0107, 0x0107, 0x0107, 0x0107, 0x0107, 0x0107, 0x0107,
    0x0107, 0x0107, 0x0107, 0x0107, 0x0107, 0x0107, 0x0107, 0x0107, 0x0107, 0x0107, 0x0107, 0x0107,
    0x0128, 0x0148, 0x0989, 0x11AB, 0x11EB, 0x11EC, 0x11EB, 0x11CA, 0x0989, 0x0149, 0x0128, 0x0127,
    0x0127, 0x0127, 0x0107, 0x0107, 0x0107, 0x0107, 0x0107, 0x0107, 0x0107, 0x0127, 0x0148, 0x0969,
    0x11AA, 0x11CB, 0x19EB, 0x19EB, 0x11CB, 0x118A, 0x0969, 0x0948, 0x0128, 0x0127, 0x0127, 0x0127,
    0x0127, 0x0127, 0x0128, 0x0128, 0x0128, 0x0148, 0x0948, 0x0969, 0x098A, 0x11CB, 0x11EB, 0x19EC,
    0x11EB, 0x11AA, 0x0989, 0x0948, 0x0127, 0x0127, 0x0107, 0x0107, 0x0107, 0x0107, 0x0107, 0x0107,
    0x0107, 0x0107, 0x0127, 0x0128, 0x0948, 0x0989, 0x11AA, 0x11EB, 0x19EB, 0x11CB, 0x11AA, 0x0969,
    0x0148, 0x0127, 0x0107, 0x0107, 0x0107, 0x0107, 0x0107, 0x0107, 0x0107, 0x0107, 0x0107, 0x0107,
    0x0107, 0x0107, 0x0107, 0x0107, 0x0107, 0x0107, 0x0107, 0x0107, 0x0107, 0x0107, 0x0107, 0x0107,
    0x0107, 0x0107, 0x0107, 0x0107, 0x0107, 0x0127, 0x0127, 0x0127, 0x0127, 0x0148, 0x0969, 0x098A,
    0x11CB, 0x11EC, 0x1A0C, 0x120C, 0x11CB, 0x098A, 0x0969, 0x0128, 0x0127, 0x0107, 0x0107, 0x0107,
    0x0107, 0x0107, 0x0107, 0x0107, 0x0107, 0x0107, 0x0127, 0x0148, 0x0969, 0x11AA, 0x11CA, 0x11CB,
    0x11CA, 0x11A9, 0x0968, 0x0128, 0x0107, 0x0107, 0x0107, 0x0107, 0x0107, 0x0107, 0x0107, 0x0127,
    0x0148, 0x0969, 0x11AA, 0x11EB, 0x1A0C, 0x19EB, 0x11CB, 0x098A, 0x0969, 0x0128, 0x0127, 0x0107,
    0x0107, 0x0107, 0x0107, 0x0107, 0x0107, 0x0107, 0x0107, 0x0107, 0x0107, 0x0107, 0x0107, 0x0107,
    0x0127, 0x0148, 0x0969, 0x11AA, 0x11CB, 0x11EB, 0x11EB, 0x11AA, 0x0989, 0x0948, 0x0127, 0x0107,
    0x0107, 0x0107, 0x0107, 0x0107, 0x0107, 0x0107, 0x0107, 0x0107, 0x0107, 0x0107, 0x0128, 0x0968,
    0x098A, 0x11CB, 0x19EB, 0x19EB, 0x11CB, 0x11AA, 0x0969, 0x0948, 0x0948, 0x0148, 0x0148, 0x0148,
    0x0148, 0x0148, 0x0148, 0x0148, 0x0148, 0x0148, 0x0948, 0x0969, 0x098A, 0x11CB, 0x11EB, 0x19EC,
    0x11EB, 0x11CB, 0x098A, 0x0949, 0x0128, 0x0127, 0x0107, 0x0107, 0x0107, 0x0107, 0x0107, 0x0107,
    0x0107, 0x0107, 0x0107, 0x0107, 0x0107, 0x0107, 0x0107, 0x0107, 0x0107, 0x0107, 0x0107, 0x0107,
    0x0127, 0x0148, 0x0969, 0x09AA, 0x11CB, 0x11EC, 0x11EC, 0x11CB, 0x09AA, 0x0969, 0x0148, 0x0128,
    0x0127, 0x0127, 0x0107, 0x0107, 0x0107, 0x0107, 0x0107, 0x0107, 0x0107, 0x0107, 0x0127, 0x0948,
    0x0989, 0x11AA, 0x11CB, 0x11CB, 0x11CA, 0x1189, 0x0948, 0x0128, 0x0127, 0x0107, 0x0107, 0x0107,
    0x0107, 0x0107, 0x0107, 0x0107, 0x0107, 0x0127, 0x0128, 0x0148, 0x0969, 0x11AA, 0x11CB, 0x19EC,
    0x11EB, 0x11CB, 0x09AA, 0x0969, 0x0148, 0x0127, 0x0107, 0x0107, 0x0107, 0x0107, 0x0107, 0x0107,
    0x0107, 0x0107, 0x0107, 0x0127, 0x0148, 0x0969, 0x098A, 0x11CB, 0x19EB, 0x19EB, 0x11CB, 0x098A,
    0x0969, 0x0128, 0x0127, 0x0107, 0x0107, 0x0107, 0x0107, 0x0107, 0x0107, 0x0107, 0x0107, 0x0107,
    0x0107, 0x0107, 0x0107, 0x0107, 0x0107, 0x0107, 0x0107, 0x0107, 0x0107, 0x0107, 0x0107, 0x0107,
    0x0107, 0x0107, 0x0107, 0x0107, 0x0107, 0x0107, 0x0107, 0x0127, 0x0127, 0x0128, 0x0148, 0x0969,
    0x09AA, 0x11EB, 0x1A0C, 0x1A0C, 0x11EB, 0x11AA, 0x0989, 0x0148, 0x0128, 0x0107, 0x0107, 0x0107,
    0x0107, 0x0107, 0x0107, 0x0107, 0x0107, 0x0107, 0x0107, 0x0127, 0x0948, 0x0969, 0x11AA, 0x11CA,
    0x11CA, 0x11AA, 0x1189, 0x0948, 0x0127, 0x0107, 0x0107, 0x0107, 0x0107, 0x0107, 0x0127, 0x0128,
    0x0969, 0x098A, 0x11CB, 0x19EB, 0x19EC, 0x11CB, 0x11AA, 0x0969, 0x0148, 0x0127, 0x0107, 0x0107,
    0x0107, 0x0107, 0x0107, 0x0107, 0x0107, 0x0107, 0x0107, 0x0107, 0x0107, 0x0107, 0x0107, 0x0107,
    0x0127, 0x0128, 0x0948, 0x0989, 0x11CA, 0x11EB, 0x11EB, 0x11CB, 0x11AA, 0x0969, 0x0148, 0x0127,
    0x0107, 0x0107, 0x0107, 0x0107, 0x0107, 0x0107, 0x0107, 0x0107, 0x0107, 0x0107, 0x0127, 0x0948,
    0x0969, 0x118A, 0x11CA, 0x11CB, 0x11CA, 0x11AA, 0x0969, 0x0948, 0x0127, 0x0127, 0x0127, 0x0127,
    0x0127, 0x0127, 0x0127, 0x0127, 0x0127, 0x0127, 0x0128, 0x0148, 0x0969, 0x098A, 0x11CB, 0x11EB,
    0x11EC, 0x11CB, 0x11AA, 0x0969, 0x0148, 0x0128, 0x0127, 0x0107, 0x0107, 0x0107, 0x0107, 0x0107,
    0x0107, 0x0107, 0x0107, 0x0107, 0x0107, 0x0107, 0x0107, 0x0107, 0x0107, 0x0107, 0x0107, 0x0107,
    0x0107, 0x0128, 0x0148, 0x0989, 0x11CA, 0x11EB, 0x1A0C, 0x11EC, 0x11CB, 0x098A, 0x0969, 0x0148,
    0x0127, 0x0127, 0x0107, 0x0107, 0x0107, 0x0107, 0x0106, 0x0106, 0x0107, 0x0107, 0x0107, 0x0128,
    0x0968, 0x1189, 0x11CA, 0x11CB, 0x11CA, 0x11AA, 0x0969, 0x0948, 0x0127, 0x0107, 0x0106, 0x0106,
    0x0106, 0x0106, 0x0107, 0x0107, 0x0107, 0x0107, 0x0107, 0x0128, 0x0948, 0x0989, 0x11CB, 0x11EB,
    0x1A0C, 0x11EB, 0x11CA, 0x0989, 0x0968, 0x0128, 0x0127, 0x0107, 0x0107, 0x0107, 0x0107, 0x0107,
    0x0107, 0x0107, 0x0107, 0x0107, 0x0127, 0x0148, 0x0969, 0x11AA, 0x11CB, 0x19EB, 0x11EB, 0x11AA,
    0x0989, 0x0948, 0x0127, 0x0107, 0x0107, 0x0107, 0x0107, 0x0107, 0x0107, 0x0107, 0x0107, 0x0107,
    0x0107, 0x0107, 0x0107, 0x0107, 0x0107, 0x0107, 0x0107, 0x0107, 0x0107, 0x0107, 0x0107, 0x0107,
    0x0107, 0x0107, 0x0107, 0x0107, 0x0107, 0x0107, 0x0107, 0x0107, 0x0127, 0x0127, 0x0128, 0x0169,
    0x098A, 0x11CB, 0x11EC, 0x1A0C, 0x1A0C, 0x11CB, 0x09AA, 0x0969, 0x0128, 0x0127, 0x0107, 0x0107,
    0x0107, 0x0107, 0x0107, 0x0107, 0x0106, 0x0106, 0x0107, 0x0107, 0x0127, 0x0948, 0x1189, 0x11AA,
    0x11CA, 0x11CA, 0x1189, 0x0969, 0x0928, 0x0127, 0x0107, 0x0106, 0x0107, 0x0107, 0x0127, 0x0948,
    0x0989, 0x11AA, 0x11EB, 0x19EB, 0x11EB, 0x11CA, 0x0989, 0x0948, 0x0128, 0x0127, 0x0107, 0x0107,
    0x0107, 0x0107, 0x0107, 0x0107, 0x0107, 0x0107, 0x0107, 0x0107, 0x0107, 0x0107, 0x0107, 0x0107,
    0x0127, 0x0127, 0x0148, 0x0969, 0x09AA, 0x11CB, 0x11EB, 0x11EB, 0x11CA, 0x0989, 0x0948, 0x0128,
    0x0127, 0x0107, 0x0107, 0x0107, 0x0107, 0x0107, 0x0107, 0x0107, 0x0107, 0x0107, 0x0107, 0x0127,
    0x0948, 0x0969, 0x11AA, 0x11CA, 0x11CA, 0x11AA, 0x0969, 0x0948, 0x0127, 0x0107, 0x0107, 0x0107,
    0x0107, 0x0107, 0x0107, 0x0107, 0x0107, 0x0107, 0x0127, 0x0127, 0x0148, 0x0969, 0x11AA, 0x11CB,
    0x11EC, 0x11EB, 0x11CB, 0x098A, 0x0969, 0x0148, 0x0127, 0x0127, 0x0107, 0x0107, 0x0107, 0x0107,
    0x0107, 0x0107, 0x0107, 0x0107, 0x0107, 0x0107, 0x0107, 0x0107, 0x0107, 0x0107, 0x0107, 0x0107,
    0x0107, 0x0127, 0x0148, 0x0969, 0x09AA, 0x11CB, 0x11EC, 0x1A0C, 0x11EB, 0x11AA, 0x0989, 0x0148,
    0x0128, 0x0127, 0x0107, 0x0107, 0x0107, 0x0106, 0x0106, 0x0106, 0x0106, 0x0106, 0x0107, 0x0127,
    0x0948, 0x0969, 0x11AA, 0x11CA, 0x11CA, 0x11AA, 0x1189, 0x0948, 0x0127, 0x0107, 0x0106, 0x0106,
    0x0106, 0x0106, 0x0106, 0x0107, 0x0107, 0x0107, 0x0107, 0x0127, 0x0148, 0x0969, 0x09AA, 0x11CB,
    0x11EC, 0x1A0C, 0x11EB, 0x11AA, 0x0969, 0x0148, 0x0127, 0x0127, 0x0107, 0x0107, 0x0107, 0x0107,
    0x0107, 0x0107, 0x0107, 0x0107, 0x0127, 0x0128, 0x0969, 0x0989, 0x11CA, 0x11EB, 0x11EB, 0x11CB,
    0x11AA, 0x0969, 0x0148, 0x0127, 0x0107, 0x0107, 0x0107, 0x0107, 0x0107, 0x0107, 0x0107, 0x0107,
    0x0107, 0x0107, 0x0107, 0x0107, 0x0107, 0x0107, 0x0107, 0x0107, 0x0107, 0x0107, 0x0107, 0x0107,
    0x0107, 0x0107, 0x0107, 0x0107, 0x0107, 0x0107, 0x0107, 0x0107, 0x0107, 0x0127, 0x0127, 0x0148,
    0x0969, 0x09AA, 0x11CB, 0x1A0C, 0x1A0C, 0x11EB, 0x11AA, 0x0969, 0x0148, 0x0127, 0x0107, 0x0107,
    0x0107, 0x0107, 0x0107, 0x0106, 0x0106, 0x0106, 0x0106, 0x0107, 0x0127, 0x0948, 0x0968, 0x1189,
    0x11CA, 0x11CA, 0x11AA, 0x1189, 0x0948, 0x0127, 0x0107, 0x0107, 0x0107, 0x0107, 0x0128, 0x0969,
    0x11AA, 0x11CB, 0x19EB, 0x19EB, 0x11CB, 0x11AA, 0x0969, 0x0148, 0x0127, 0x0107, 0x0107, 0x0107,
    0x0107, 0x0107, 0x0107, 0x0107, 0x0107, 0x0107, 0x0107, 0x0107, 0x0107, 0x0107, 0x0107, 0x0107,
    0x0107, 0x0127, 0x0128, 0x0948, 0x0989, 0x11AA, 0x11EB, 0x11EB, 0x11CB, 0x11AA, 0x0969, 0x0948,
    0x0127, 0x0107, 0x0107, 0x0107, 0x0107, 0x0107, 0x0107, 0x0107, 0x0107, 0x0107, 0x0107, 0x0107,
    0x0128, 0x0948, 0x1189, 0x11AA, 0x11CA, 0x11AA, 0x1189, 0x0969, 0x0928, 0x0127, 0x0107, 0x0107,
    0x0107, 0x0107, 0x0107, 0x0107, 0x0107, 0x0107, 0x0107, 0x0127, 0x0128, 0x0948, 0x0989, 0x11CB,
    0x11EB, 0x19EC, 0x11EB, 0x11CB, 0x0989, 0x0949, 0x0128, 0x0127, 0x0107, 0x0107, 0x0107, 0x0107,
    0x0107, 0x0107, 0x0107, 0x0107, 0x0107, 0x0107, 0x0107, 0x0107, 0x0107, 0x0107, 0x0107, 0x0107,
    0x0107, 0x0127, 0x0128, 0x0148, 0x0989, 0x11AA, 0x11EB, 0x1A0C, 0x11EC, 0x11CB, 0x09AA, 0x0969,
    0x0148, 0x0127, 0x0107, 0x0107, 0x0107, 0x0106, 0x0106, 0x0106, 0x0106, 0x0106, 0x0106, 0x0107,
    0x0127, 0x0948, 0x1189, 0x11AA, 0x11CA, 0x11CA, 0x11AA, 0x0969, 0x0948, 0x0127, 0x0107, 0x0106,
    0x0106, 0x0106, 0x0106, 0x0107, 0x0107, 0x0107, 0x0107, 0x0127, 0x0128, 0x0148, 0x0989, 0x11CA,
    0x11EB, 0x1A0C, 0x11EC, 0x11CB, 0x098A, 0x0969, 0x0148, 0x0127, 0x0107, 0x0107, 0x0107, 0x0107,
    0x0107, 0x0107, 0x0107, 0x0107, 0x0107, 0x0127, 0x0148, 0x0969, 0x11AA, 0x11CB, 0x11EB, 0x11EB,
    0x11AA, 0x0989, 0x0948, 0x0128, 0x0127, 0x0107, 0x0107, 0x0107, 0x0107, 0x0107, 0x0107, 0x0107,
    0x0107, 0x0107, 0x0107, 0x0107, 0x0107, 0x0107, 0x0107, 0x0107, 0x0107, 0x0107, 0x0107, 0x0107,
    0x0107, 0x0107, 0x0107, 0x0107, 0x0107, 0x0107, 0x0107, 0x0107, 0x0107, 0x0107, 0x0127, 0x0128,
    0x0148, 0x0989, 0x11AA, 0x11EB, 0x1A0C, 0x19EC, 0x11CB, 0x098A, 0x0969, 0x0128, 0x0127, 0x0107,
    0x0107, 0x0106, 0x0106, 0x0106, 0x0106, 0x0106, 0x0106, 0x0106, 0x0107, 0x0127, 0x0948, 0x0989,
    0x11AA, 0x11CA, 0x11CA, 0x11AA, 0x0969, 0x0948, 0x0127, 0x0107, 0x0107, 0x0127, 0x0948, 0x0989,
    0x11AA, 0x11EB, 0x19EB, 0x11CB, 0x11AA, 0x0969, 0x0148, 0x0127, 0x0127, 0x0107, 0x0107, 0x0107,
    0x0107, 0x0107, 0x0107, 0x0107, 0x0107, 0x0107, 0x0107, 0x0107, 0x0107, 0x0107, 0x0127, 0x0127,
    0x0127, 0x0127, 0x0127, 0x0148, 0x0969, 0x098A, 0x11CB, 0x11EB, 0x11EB, 0x11CB, 0x098A, 0x0969,
    0x0128, 0x0127, 0x0107, 0x0107, 0x0107, 0x0107, 0x0107, 0x0107, 0x0107, 0x0106, 0x0107, 0x0107,
    0x0127, 0x0948, 0x0969, 0x11AA, 0x11CA, 0x11CA, 0x11AA, 0x0989, 0x0948, 0x0127, 0x0107, 0x0107,
    0x0107, 0x0107, 0x0107, 0x0107, 0x0107, 0x0107, 0x0107, 0x0107, 0x0127, 0x0148, 0x0969, 0x09AA,
    0x11CB, 0x11EC, 0x11EC, 0x11CB, 0x09AA, 0x0969, 0x0148, 0x0128, 0x0127, 0x0107, 0x0107, 0x0107,
    0x0107, 0x0107, 0x0107, 0x0107, 0x0107, 0x0107, 0x0107, 0x0107, 0x0107, 0x0107, 0x0107, 0x0107,
    0x0107, 0x0127, 0x0127, 0x0148, 0x0969, 0x098A, 0x11CB, 0x11EB, 0x1A0C, 0x11EB, 0x11AA, 0x0989,
    0x0148, 0x0128, 0x0107, 0x0107, 0x0106, 0x0106, 0x0106, 0x0106, 0x0106, 0x0106, 0x0106, 0x0107,
    0x0127, 0x0948, 0x0969, 0x11AA, 0x11CA, 0x11CA, 0x11CA, 0x1189, 0x0968, 0x0127, 0x0107, 0x0107,
    0x0106, 0x0106, 0x0106, 0x0107, 0x0107, 0x0127, 0x0127, 0x0127, 0x0128, 0x0148, 0x0969, 0x09AA,
    0x11CB, 0x11EC, 0x120C, 0x11EB, 0x11CA, 0x0989, 0x0148, 0x0128, 0x0127, 0x0107, 0x0107, 0x0107,
    0x0107, 0x0107, 0x0107, 0x0107, 0x0107, 0x0127, 0x0128, 0x0948, 0x0989, 0x11AA, 0x11CB, 0x19EB,
    0x11CB, 0x11AA, 0x0969, 0x0148, 0x0127, 0x0107, 0x0107, 0x0107, 0x0107, 0x0107, 0x0107, 0x0107,
    0x0107, 0x0107, 0x0107, 0x0107, 0x0107, 0x0107, 0x0107, 0x0107, 0x0107, 0x0107, 0x0107, 0x0107,
    0x0107, 0x0107, 0x0107, 0x0107, 0x0107, 0x0107, 0x0107, 0x0107, 0x0107, 0x0107, 0x0107, 0x0127,
    0x0128, 0x0969, 0x098A, 0x11CB, 0x11EB, 0x19EC, 0x11EB, 0x11AA, 0x0989, 0x0948, 0x0127, 0x0107,
    0x0107, 0x0106, 0x0106, 0x0106, 0x0106, 0x0106, 0x0106, 0x0106, 0x0107, 0x0107, 0x0947, 0x0968,
    0x1189, 0x11CA, 0x11CA, 0x11AA, 0x1189, 0x0968, 0x0128, 0x0107, 0x0127, 0x0128, 0x0969, 0x11AA,
    0x11CB, 0x19EB, 0x11EB, 0x11CA, 0x0989, 0x0968, 0x0128, 0x0127, 0x0107, 0x0107, 0x0107, 0x0107,
    0x0107, 0x0107, 0x0107, 0x0107, 0x0107, 0x0107, 0x0107, 0x0107, 0x0127, 0x0127, 0x0127, 0x0127,
    0x0127, 0x0107, 0x0127, 0x0128, 0x0148, 0x0969, 0x11AA, 0x11CB, 0x11EB, 0x11EB, 0x11AA, 0x0989,
    0x0948, 0x0127, 0x0107, 0x0107, 0x0107, 0x0107, 0x0107, 0x0107, 0x0107, 0x0106, 0x0106, 0x0107,
    0x0107, 0x0127, 0x0948, 0x1189, 0x11AA, 0x11CA, 0x11CA, 0x11AA, 0x0969, 0x0948, 0x0127, 0x0107,
    0x0107, 0x0107, 0x0107, 0x0107, 0x0107, 0x0107, 0x0107, 0x0107, 0x0127, 0x0128, 0x0948, 0x0989,
    0x11AA, 0x11EB, 0x11EC, 0x11EC, 0x11CB, 0x098A, 0x0969, 0x0148, 0x0127, 0x0107, 0x0107, 0x0107,
    0x0107, 0x0107, 0x0107, 0x0107, 0x0107, 0x0107, 0x0107, 0x0107, 0x0107, 0x0107, 0x0107, 0x0107,
    0x0107, 0x0107, 0x0127, 0x0128, 0x0148, 0x0969, 0x09AA, 0x11CB, 0x11EB, 0x11EB, 0x11CB, 0x098A,
    0x0969, 0x0128, 0x0127, 0x0107, 0x0106, 0x0106, 0x0106, 0x0106, 0x0106, 0x0106, 0x0106, 0x0107,
    0x0107, 0x0127, 0x0948, 0x0989, 0x11AA, 0x11CA, 0x11CA, 0x11AA, 0x0989, 0x0948, 0x0127, 0x0107,
    0x0107, 0x0106, 0x0107, 0x0107, 0x0107, 0x0127, 0x0127, 0x0127, 0x0127, 0x0128, 0x0149, 0x0989,
    0x11AA, 0x11EB, 0x120C, 0x11EC, 0x11CB, 0x09AA, 0x0969, 0x0148, 0x0127, 0x0107, 0x0107, 0x0107,
    0x0107, 0x0107, 0x0107, 0x0107, 0x0107, 0x0107, 0x0127, 0x0148, 0x0969, 0x118A, 0x11CB, 0x11EB,
    0x11EB, 0x11CA, 0x098A, 0x0949, 0x0128, 0x0127, 0x0107, 0x0107, 0x0107, 0x0107, 0x0107, 0x0107,
    0x0107, 0x0107, 0x0107, 0x0107, 0x0107, 0x0107, 0x0107, 0x0107, 0x0107, 0x0107, 0x0107, 0x0107,
    0x0107, 0x0107, 0x0107, 0x0107, 0x0107, 0x0107, 0x0107, 0x0107, 0x0107, 0x0107, 0x0107, 0x0107,
    0x0127, 0x0148, 0x0969, 0x11AA, 0x11CB, 0x19EB, 0x19EB, 0x11CB, 0x118A, 0x0969, 0x0148, 0x0127,
    0x0107, 0x0107, 0x0106, 0x0106, 0x0106, 0x0106, 0x0106, 0x0106, 0x0106, 0x0107, 0x0127, 0x0948,
    0x0969, 0x11AA, 0x11CA, 0x11CA, 0x11AA, 0x0989, 0x0948, 0x0128, 0x0128, 0x0948, 0x0989, 0x11AA,
    0x11EB, 0x19EB, 0x11CB, 0x11AA, 0x0969, 0x0148, 0x0127, 0x0107, 0x0107, 0x0107, 0x0107, 0x0107,
    0x0107, 0x0107, 0x0107, 0x0107, 0x0107, 0x0107, 0x0107, 0x0127, 0x0127, 0x0127, 0x0127, 0x0127,
    0x0127, 0x0107, 0x0127, 0x0127, 0x0148, 0x0969, 0x0989, 0x11CA, 0x11EB, 0x11EB, 0x11CB, 0x11AA,
    0x0969, 0x0148, 0x0127, 0x0107, 0x0107, 0x0107, 0x0107, 0x0107, 0x0106, 0x0106, 0x0106, 0x0106,
    0x0107, 0x0127, 0x0948, 0x0969, 0x11AA, 0x11CA, 0x11CB, 0x11AA, 0x1189, 0x0968, 0x0128, 0x0127,
    0x0107, 0x0107, 0x0107, 0x0107, 0x0107, 0x0107, 0x0107, 0x0107, 0x0107, 0x0127, 0x0148, 0x0969,
    0x098A, 0x11CB, 0x11EC, 0x11EC, 0x11EB, 0x11AA, 0x0969, 0x0148, 0x0128, 0x0127, 0x0107, 0x0107,
    0x0107, 0x0107, 0x0107, 0x0107, 0x0107, 0x0107, 0x0107, 0x0107, 0x0107, 0x0107, 0x0107, 0x0107,
    0x0107, 0x0107, 0x0127, 0x0127, 0x0148, 0x0948, 0x0989, 0x11CA, 0x11EB, 0x11EB, 0x11EB, 0x11AA,
    0x0969, 0x0948, 0x0127, 0x0107, 0x0107, 0x0106, 0x0106, 0x0106, 0x0106, 0x0106, 0x0106, 0x0107,
    0x0107, 0x0127, 0x0948, 0x0969, 0x11AA, 0x11CA, 0x11CB, 0x11CA, 0x11AA, 0x0969, 0x0148, 0x0127,
    0x0107, 0x0107, 0x0107, 0x0107, 0x0107, 0x0127, 0x0127, 0x0127, 0x0127, 0x0128, 0x0148, 0x0969,
    0x098A, 0x11CB, 0x11EC, 0x1A0C, 0x11EB, 0x11CA, 0x0989, 0x0948, 0x0128, 0x0107, 0x0107, 0x0107,
    0x0107, 0x0107, 0x0107, 0x0107, 0x0107, 0x0107, 0x0107, 0x0127, 0x0148, 0x0969, 0x11AA, 0x11CB,
    0x11EB, 0x11CB, 0x11AA, 0x0969, 0x0948, 0x0128, 0x0107, 0x0107, 0x0107, 0x0107, 0x0107, 0x0107,
    0x0107, 0x0107, 0x0107, 0x0107, 0x0107, 0x0107, 0x0107, 0x0107, 0x0107, 0x0107, 0x0107, 0x0107,
    0x0107, 0x0107, 0x0107, 0x0107, 0x0107, 0x0107, 0x0107, 0x0107, 0x0107, 0x0107, 0x0107, 0x0107,
    0x0127, 0x0128, 0x0148, 0x0989, 0x11AA, 0x11EB, 0x19EB, 0x11EB, 0x11CA, 0x0989, 0x0948, 0x0127,
    0x0107, 0x0107, 0x0107, 0x0107, 0x0107, 0x0107, 0x0106, 0x0106, 0x0107, 0x0107, 0x0127, 0x0128,
    0x0968, 0x1189, 0x11CA, 0x11CB, 0x11CA, 0x11AA, 0x0969, 0x0948, 0x0948, 0x0969, 0x11AA, 0x11CB,
    0x19EB, 0x11CB, 0x11AA, 0x0989, 0x0948, 0x0127, 0x0107, 0x0107, 0x0107, 0x0107, 0x0107, 0x0107,
    0x0107, 0x0107, 0x0107, 0x0107, 0x0107, 0x0107, 0x0107, 0x0127, 0x0127, 0x0127, 0x0107, 0x0127,
    0x0127, 0x0127, 0x0127, 0x0127, 0x0128, 0x0148, 0x0969, 0x11AA, 0x11CB, 0x11EB, 0x11EB, 0x11CA,
    0x0989, 0x0948, 0x0127, 0x0107, 0x0107, 0x0107, 0x0107, 0x0107, 0x0106, 0x0106, 0x0106, 0x0106,
    0x0107, 0x0107, 0x0127, 0x0948, 0x1189, 0x11AA, 0x11CB, 0x11CB, 0x11AA, 0x0989, 0x0948, 0x0127,
    0x0127, 0x0107, 0x0107, 0x0107, 0x0107, 0x0107, 0x0107, 0x0107, 0x0107, 0x0127, 0x0128, 0x0148,
    0x0989, 0x11AA, 0x11EB, 0x11EC, 0x11EC, 0x11CB, 0x098A, 0x0969, 0x0148, 0x0127, 0x0107, 0x0107,
    0x0107, 0x0107, 0x0107, 0x0107, 0x0107, 0x0107, 0x0107, 0x0107, 0x0107, 0x0107, 0x0107, 0x0107,
    0x0107, 0x0107, 0x0107, 0x0127, 0x0127, 0x0148, 0x0969, 0x098A, 0x11CA, 0x11EB, 0x11EB, 0x11CB,
    0x098A, 0x0969, 0x0128, 0x0127, 0x0107, 0x0106, 0x0106, 0x0106, 0x0106, 0x0107, 0x0107, 0x0107,
    0x0107, 0x0127, 0x0127, 0x0948, 0x0989, 0x11AA, 0x11CB, 0x11CB, 0x11CA, 0x0989, 0x0968, 0x0128,
    0x0127, 0x0107, 0x0107, 0x0107, 0x0107, 0x0127, 0x0127, 0x0127, 0x0127, 0x0127, 0x0128, 0x0148,
    0x0969, 0x09AA, 0x11CB, 0x120C, 0x120C, 0x11EB, 0x11AA, 0x0969, 0x0148, 0x0127, 0x0107, 0x0107,
    0x0107, 0x0107, 0x0107, 0x0107, 0x0107, 0x0107, 0x0107, 0x0127, 0x0128, 0x0968, 0x0989, 0x11CA,
    0x11EB, 0x11EB, 0x11CB, 0x118A, 0x0969, 0x0148, 0x0127, 0x0107, 0x0107, 0x0107, 0x0107, 0x0107,
    0x0107, 0x0107, 0x0107, 0x0107, 0x0107, 0x0107, 0x0107, 0x0107, 0x0107, 0x0107, 0x0107, 0x0107,
    0x0107, 0x0107, 0x0107, 0x0107, 0x0107, 0x0107, 0x0107, 0x0107, 0x0107, 0x0107, 0x0107, 0x0107,
    0x0107, 0x0127, 0x0128, 0x0968, 0x098A, 0x11CB, 0x11EB, 0x19EB, 0x11EB, 0x11AA, 0x0969, 0x0148,
    0x0127, 0x0107, 0x0107, 0x0107, 0x0107, 0x0107, 0x0107, 0x0107, 0x0107, 0x0107, 0x0127, 0x0127,
    0x0948, 0x0989, 0x11AA, 0x11CA, 0x11CB, 0x11CA, 0x11AA, 0x0989, 0x0989, 0x11AA, 0x11CB, 0x19EB,
    0x19EB, 0x11CA, 0x098A, 0x0969, 0x0128, 0x0127, 0x0107, 0x0107, 0x0107, 0x0107, 0x0107, 0x0107,
    0x0107, 0x0107, 0x0107, 0x0107, 0x0107, 0x0107, 0x0107, 0x0107, 0x0107, 0x0107, 0x0107, 0x0127,
    0x0127, 0x0127, 0x0127, 0x0127, 0x0127, 0x0128, 0x0148, 0x0989, 0x11AA, 0x11EB, 0x11EB, 0x11CB,
    0x11AA, 0x0969, 0x0148, 0x0127, 0x0107, 0x0107, 0x0107, 0x0107, 0x0107, 0x0107, 0x0107, 0x0107,
    0x0107, 0x0107, 0x0127, 0x0148, 0x0969, 0x11AA, 0x11CA, 0x11CB, 0x11CA, 0x11AA, 0x0969, 0x0148,
    0x0127, 0x0107, 0x0107, 0x0107, 0x0107, 0x0107, 0x0107, 0x0107, 0x0107, 0x0107, 0x0127, 0x0128,
    0x0968, 0x0989, 0x11CB, 0x11EB, 0x19EC, 0x11EB, 0x11AA, 0x0989, 0x0148, 0x0128, 0x0127, 0x0107,
    0x0107, 0x0107, 0x0107, 0x0107, 0x0107, 0x0107, 0x0107, 0x0107, 0x0107, 0x0107, 0x0107, 0x0107,
    0x0107, 0x0107, 0x0107, 0x0127, 0x0127, 0x0128, 0x0148, 0x0969, 0x09AA, 0x11CB, 0x11EB, 0x11CB,
    0x11AA, 0x0989, 0x0948, 0x0127, 0x0107, 0x0107, 0x0107, 0x0107, 0x0107, 0x0107, 0x0107, 0x0107,
    0x0107, 0x0127, 0x0127, 0x0948, 0x0969, 0x11AA, 0x11CB, 0x11EB, 0x11CB, 0x11AA, 0x0989, 0x0948,
    0x0128, 0x0127, 0x0127, 0x0107, 0x0107, 0x0127, 0x0127, 0x0127, 0x0127, 0x0127, 0x0128, 0x0148,
    0x0169, 0x098A, 0x11CA, 0x11EB, 0x1A0C, 0x11EB, 0x11CB, 0x0989, 0x0948, 0x0128, 0x0107, 0x0107,
    0x0107, 0x0107, 0x0107, 0x0107, 0x0107, 0x0107, 0x0107, 0x0107, 0x0127, 0x0148, 0x0969, 0x11AA,
    0x11CB, 0x11EB, 0x11CB, 0x11CB, 0x098A, 0x0969, 0x0128, 0x0128, 0x0127, 0x0127, 0x0107, 0x0107,
    0x0107, 0x0107, 0x0107, 0x0107, 0x0107, 0x0107, 0x0107, 0x0107, 0x0107, 0x0107, 0x0107, 0x0107,
    0x0107, 0x0107, 0x0107, 0x0107, 0x0107, 0x0107, 0x0107, 0x0107, 0x0107, 0x0107, 0x0107, 0x0107,
    0x0107, 0x0127, 0x0127, 0x0948, 0x0969, 0x11AA, 0x11EB, 0x1A0C, 0x1A0C, 0x11CB, 0x09AA, 0x0969,
    0x0148, 0x0127, 0x0127, 0x0127, 0x0127, 0x0127, 0x0127, 0x0127, 0x0127, 0x0127, 0x0127, 0x0127,
    0x0148, 0x0969, 0x11AA, 0x11CA, 0x11EB, 0x11EB, 0x11CB, 0x11AB, 0x11AB, 0x11CB, 0x19EB, 0x19EB,
    0x11CB, 0x11AA, 0x0969, 0x0948, 0x0127, 0x0107, 0x0107, 0x0107, 0x0107, 0x0107, 0x0107, 0x0107,
    0x0107, 0x0107, 0x0107, 0x0107, 0x0107, 0x0107, 0x0107, 0x0107, 0x0107, 0x0107, 0x0107, 0x0127,
    0x0127, 0x0127, 0x0127, 0x0127, 0x0107, 0x0127, 0x0148, 0x0969, 0x098A, 0x11CB, 0x11EB, 0x11EB,
    0x11CA, 0x098A, 0x0969, 0x0128, 0x0127, 0x0127, 0x0107, 0x0107, 0x0107, 0x0107, 0x0107, 0x0107,
    0x0107, 0x0107, 0x0127, 0x0128, 0x0968, 0x1189, 0x11AA, 0x19CB, 0x11CB, 0x11CA, 0x098A, 0x0969,
    0x0148, 0x0127, 0x0107, 0x0107, 0x0107, 0x0107, 0x0107, 0x0107, 0x0107, 0x0107, 0x0127, 0x0127,
    0x0148, 0x0969, 0x09AA, 0x11CB, 0x11EB, 0x11EB, 0x11CB, 0x09AA, 0x0969, 0x0148, 0x0127, 0x0107,
    0x0107, 0x0107, 0x0107, 0x0107, 0x0107, 0x0107, 0x0107, 0x0107, 0x0107, 0x0107, 0x0107, 0x0107,
    0x0107, 0x0107, 0x0107, 0x0127, 0x0127, 0x0127, 0x0148, 0x0968, 0x0989, 0x11AA, 0x11CB, 0x11CB,
    0x11CB, 0x11AA, 0x0969, 0x0948, 0x0128, 0x0127, 0x0127, 0x0127, 0x0127, 0x0127, 0x0127, 0x0127,
    0x0127, 0x0128, 0x0148, 0x0948, 0x0969, 0x11AA, 0x11CB, 0x19EB, 0x19EB, 0x11CB, 0x11AA, 0x0969,
    0x0148, 0x0127, 0x0127, 0x0127, 0x0127, 0x0127, 0x0127, 0x0127, 0x0127, 0x0127, 0x0127, 0x0128,
    0x0148, 0x0969, 0x09AA, 0x11CB, 0x11EB, 0x11EB, 0x11CB, 0x11AA, 0x0969, 0x0148, 0x0127, 0x0107,
    0x0107, 0x0107, 0x0107, 0x0107, 0x0107, 0x0107, 0x0107, 0x0107, 0x0107, 0x0128, 0x0948, 0x0989,
    0x11CA, 0x11EB, 0x11EB, 0x11EB, 0x11AA, 0x0989, 0x0969, 0x0148, 0x0148, 0x0128, 0x0128, 0x0128,
    0x0128, 0x0128, 0x0128, 0x0128, 0x0128, 0x0128, 0x0128, 0x0128, 0x0128, 0x0128, 0x0128, 0x0128,
    0x0128, 0x0128, 0x0128, 0x0128, 0x0128, 0x0128, 0x0128, 0x0128, 0x0128, 0x0128, 0x0128, 0x0128,
    0x0127, 0x0127, 0x0128, 0x0948, 0x0969, 0x11AA, 0x11EB, 0x1A0C, 0x1A0C, 0x11EC, 0x11CB, 0x098A,
    0x0969, 0x0148, 0x0148, 0x0128, 0x0148, 0x0148, 0x0148, 0x0148, 0x0128, 0x0148, 0x0128, 0x0148,
    0x0948, 0x0969, 0x098A, 0x11CA, 0x19EB, 0x19EC, 0x1A0C, 0x19EC, 0x19EC, 0x19EC, 0x19EC, 0x11EB,
    0x11AA, 0x0989, 0x0948, 0x0128, 0x0127, 0x0107, 0x0107, 0x0107, 0x0107, 0x0107, 0x0107, 0x0107,
    0x0107, 0x0107, 0x0107, 0x0107, 0x0107, 0x0107, 0x0107, 0x0107, 0x0107, 0x0107, 0x0107, 0x0107,
    0x0127, 0x0127, 0x0127, 0x0107, 0x0107, 0x0127, 0x0127, 0x0148, 0x0969, 0x11AA, 0x11CB, 0x11EB,
    0x11EB, 0x11AA, 0x0989, 0x0969, 0x0148, 0x0128, 0x0127, 0x0127, 0x0127, 0x0127, 0x0127, 0x0127,
    0x0127, 0x0127, 0x0127, 0x0148, 0x0968, 0x0989, 0x11AA, 0x19EB, 0x19EB, 0x11EB, 0x11AA, 0x0989,
    0x0948, 0x0128, 0x0127, 0x0107, 0x0107, 0x0107, 0x0107, 0x0107, 0x0107, 0x0107, 0x0107, 0x0127,
    0x0127, 0x0148, 0x0989, 0x11AA, 0x11EB, 0x11EB, 0x11EB, 0x11AA, 0x0989, 0x0948, 0x0128, 0x0127,
    0x0107, 0x0107, 0x0107, 0x0107, 0x0107, 0x0107, 0x0107, 0x0107, 0x0107, 0x0107, 0x0107, 0x0107,
    0x0107, 0x0107, 0x0107, 0x0107, 0x0127, 0x0127, 0x0127, 0x0148, 0x0969, 0x0989, 0x11CA, 0x11CB,
    0x11EB, 0x11CB, 0x11AA, 0x0989, 0x0969, 0x0948, 0x0948, 0x0948, 0x0948, 0x0948, 0x0948, 0x0968,
    0x0968, 0x0968, 0x0969, 0x0969, 0x0989, 0x11AA, 0x11EB, 0x1A0C, 0x1A0C, 0x1A0C, 0x11CB, 0x09AA,
    0x0969, 0x0148, 0x0127, 0x0127, 0x0127, 0x0127, 0x0127, 0x0127, 0x0127, 0x0127, 0x0127, 0x0127,
    0x0128, 0x0148, 0x0969, 0x11AA, 0x11CB, 0x11EB, 0x11EB, 0x11CA, 0x0989, 0x0968, 0x0128, 0x0127,
    0x0107, 0x0107, 0x0107, 0x0107, 0x0107, 0x0107, 0x0107, 0x0107, 0x0107, 0x0127, 0x0148, 0x0969,
    0x09AA, 0x11CB, 0x11EC, 0x19EC, 0x11EB, 0x11CB, 0x098A, 0x0969, 0x0969, 0x0969, 0x0969, 0x0969,
    0x0969, 0x0969, 0x0969, 0x0969, 0x0969, 0x0969, 0x0969, 0x0969, 0x0969, 0x0969, 0x0969, 0x0969,
    0x0969, 0x0949, 0x0949, 0x0949, 0x0948, 0x0948, 0x0948, 0x0948, 0x0948, 0x0948, 0x0948, 0x0948,
    0x0948, 0x0948, 0x0948, 0x0969, 0x0989, 0x11AA, 0x11EB, 0x1A0C, 0x1A2D, 0x1A2C, 0x120C, 0x11CB,
    0x09AA, 0x0989, 0x0969, 0x0969, 0x0969, 0x0969, 0x0969, 0x0969, 0x0969, 0x0969, 0x0969, 0x0969,
    0x0969, 0x0989, 0x11AA, 0x11CB, 0x1A0C, 0x1A2C, 0x1A2D, 0x1A2D, 0x1A2D, 0x1A0C, 0x1A0C, 0x11CB,
    0x11AA, 0x0969, 0x0148, 0x0127, 0x0107, 0x0107, 0x0107, 0x0107, 0x0107, 0x0107, 0x0107, 0x0107,
    0x0107, 0x0107, 0x0107, 0x0107, 0x0107, 0x0107, 0x0107, 0x0107, 0x0107, 0x0107, 0x0107, 0x0107,
    0x0127, 0x0127, 0x0107, 0x0107, 0x0107, 0x0107, 0x0127, 0x0128, 0x0968, 0x0989, 0x11CA, 0x11EB,
    0x19EB, 0x11EB, 0x11CA, 0x098A, 0x0969, 0x0969, 0x0968, 0x0968, 0x0948, 0x0948, 0x0948, 0x0948,
    0x0948, 0x0948, 0x0968, 0x0969, 0x0969, 0x118A, 0x11CB, 0x19EC, 0x1A0C, 0x1A0C, 0x11EB, 0x11AA,
    0x0969, 0x0148, 0x0127, 0x0107, 0x0107, 0x0107, 0x0107, 0x0107, 0x0107, 0x0107, 0x0107, 0x0107,
    0x0127, 0x0148, 0x0969, 0x098A, 0x11CA, 0x11EB, 0x11EB, 0x11CB, 0x11AA, 0x0969, 0x0148, 0x0127,
    0x0107, 0x0107, 0x0107, 0x0107, 0x0107, 0x0107, 0x0107, 0x0107, 0x0107, 0x0107, 0x0107, 0x0107,
    0x0107, 0x0107, 0x0107, 0x0107, 0x0107, 0x0107, 0x0127, 0x0127, 0x0148, 0x0969, 0x11AA, 0x11CB,
    0x19EB, 0x11EB, 0x11CB, 0x11AA, 0x118A, 0x0989, 0x0989, 0x0989, 0x0989, 0x0989, 0x0989, 0x0989,
    0x0989, 0x0989, 0x098A, 0x11AA, 0x11AA, 0x11CB, 0x1A0C, 0x1A2D, 0x1A4D, 0x1A2D, 0x1A0C, 0x11CB,
    0x098A, 0x0968, 0x0148, 0x0127, 0x0127, 0x0127, 0x0127, 0x0127, 0x0127, 0x0127, 0x0127, 0x0127,
    0x0127, 0x0148, 0x0968, 0x0989, 0x11AA, 0x11EB, 0x11EB, 0x11CB, 0x11AA, 0x0969, 0x0148, 0x0127,
    0x0107, 0x0107, 0x0107, 0x0107, 0x0107, 0x0107, 0x0107, 0x0107, 0x0107, 0x0107, 0x0128, 0x0149,
    0x098A, 0x11CB, 0x11EC, 0x1A0C, 0x1A0C, 0x11EC, 0x11CB, 0x11AB, 0x11AA, 0x09AA, 0x09AA, 0x09AA,
    0x09AA, 0x09AA, 0x09AA, 0x09AA, 0x09AA, 0x098A, 0x098A, 0x098A, 0x098A, 0x098A, 0x098A, 0x098A,
    0x098A, 0x098A, 0x098A, 0x098A, 0x098A, 0x098A, 0x098A, 0x098A, 0x098A, 0x098A, 0x098A, 0x0989,
    0x0989, 0x0989, 0x0989, 0x0989, 0x11AA, 0x11CB, 0x11EC, 0x1A2D, 0x1A4D, 0x1A4D, 0x1A2D, 0x1A0C,
    0x11EB, 0x11CA, 0x11AA, 0x11AA, 0x11AA, 0x11AA, 0x11AA, 0x11AA, 0x11AA, 0x11AA, 0x11AA, 0x11AA,
    0x11AA, 0x11AA, 0x11CB, 0x11EB, 0x1A2C, 0x1A4D, 0x224E, 0x224E, 0x224D, 0x1A2D, 0x19EC, 0x11AA,
    0x0989, 0x0948, 0x0127, 0x0107, 0x0107, 0x0107, 0x0107, 0x0107, 0x0107, 0x0107, 0x0107, 0x0107,
    0x0107, 0x0107, 0x0107, 0x0107, 0x0107, 0x0107, 0x0107, 0x0107, 0x0107, 0x0107, 0x0107, 0x0107,
    0x0107, 0x0107, 0x0107, 0x0107, 0x0107, 0x0107, 0x0107, 0x0127, 0x0148, 0x0969, 0x11AA, 0x11CB,
    0x1A0C, 0x1A0C, 0x19EB, 0x11CB, 0x11AA, 0x11AA, 0x11AA, 0x118A, 0x118A, 0x118A, 0x1189, 0x1189,
    0x1189, 0x1189, 0x0989, 0x098A, 0x11AA, 0x11CA, 0x11EB, 0x1A0C, 0x1A2D, 0x1A2D, 0x1A0C, 0x11EB,
    0x09AA, 0x0969, 0x0148, 0x0127, 0x0107, 0x0107, 0x0107, 0x0107, 0x0107, 0x0107, 0x0107, 0x0107,
    0x0127, 0x0127, 0x0148, 0x0969, 0x11AA, 0x11CB, 0x11EB, 0x11CB, 0x11AA, 0x0989, 0x0948, 0x0148,
    0x0107, 0x0107, 0x0107, 0x0107, 0x0107, 0x0107, 0x0107, 0x0107, 0x0107, 0x0107, 0x0107, 0x0107,
    0x0107, 0x0107, 0x0107, 0x0107, 0x0107, 0x0107, 0x0107, 0x0127, 0x0148, 0x0969, 0x09AA, 0x11CB,
    0x1A0C, 0x1A0C, 0x19EC, 0x11EB, 0x11CB, 0x11CA, 0x11AA, 0x11AA, 0x11AA, 0x11AA, 0x11CA, 0x11CA,
    0x11CA, 0x11CA, 0x11CA, 0x11CB, 0x11EB, 0x11EC, 0x1A2C, 0x1A4D, 0x226E, 0x224E, 0x1A2D, 0x120C,
    0x11AA, 0x0989, 0x0148, 0x0128, 0x0127, 0x0127, 0x0127, 0x0107, 0x0107, 0x0107, 0x0127, 0x0127,
    0x0107, 0x0127, 0x0148, 0x0969, 0x0989, 0x11CA, 0x11EB, 0x11EB, 0x11CA, 0x0989, 0x0969, 0x0128,
    0x0127, 0x0107, 0x0107, 0x0107, 0x0107, 0x0107, 0x0107, 0x0107, 0x0107, 0x0107, 0x0128, 0x0148,
    0x0969, 0x11AB, 0x11EC, 0x1A2D, 0x1A2D, 0x1A2D, 0x1A0C, 0x11EC, 0x11EB, 0x11CB, 0x11CB, 0x11CB,
    0x11CB, 0x11CB, 0x11CB, 0x11CB, 0x11CB, 0x11CB, 0x11CB, 0x11CB, 0x11CB, 0x11CB, 0x11CB, 0x11CB,
    0x11CB, 0x11CB, 0x11CB, 0x11CB, 0x11CB, 0x11CA, 0x11CA, 0x11CA, 0x11CA, 0x11CA, 0x11CA, 0x11CA,
    0x11AA, 0x11AA, 0x11AA, 0x11CA, 0x11CB, 0x11EB, 0x1A0C, 0x1A2D, 0x224E, 0x226E, 0x1A4E, 0x1A2D,
    0x1A0C, 0x11EB, 0x11EB, 0x11CB, 0x11CB, 0x11CB, 0x11EB, 0x11EB, 0x11CB, 0x11CB, 0x11CB, 0x11CB,
    0x11CB, 0x11EB, 0x11EB, 0x1A0C, 0x1A2D, 0x226E, 0x226E, 0x226E, 0x224E, 0x1A2D, 0x11EB, 0x09AA,
    0x0969, 0x0128, 0x0127, 0x0107, 0x0107, 0x0107, 0x0107, 0x0107, 0x0107, 0x0107, 0x0107, 0x0107,
    0x0107, 0x0107, 0x0107, 0x0107, 0x0107, 0x0107, 0x0107, 0x0107, 0x0107, 0x0107, 0x0107, 0x0107,
    0x0107, 0x0107, 0x0107, 0x0107, 0x0107, 0x0107, 0x0107, 0x0127, 0x0128, 0x0969, 0x098A, 0x11CB,
    0x1A0C, 0x1A2C, 0x1A2C, 0x1A0C, 0x19EB, 0x11EB, 0x11CB, 0x11CB, 0x11CB, 0x11CB, 0x11CB, 0x11CB,
    0x11CB, 0x11CA, 0x11CA, 0x11CB, 0x11CB, 0x11EB, 0x1A0C, 0x1A2D, 0x224D, 0x224E, 0x1A4D, 0x1A0C,
    0x11CB, 0x0989, 0x0148, 0x0127, 0x0127, 0x0107, 0x0107, 0x0107, 0x0107, 0x0107, 0x0107, 0x0107,
    0x0107, 0x0127, 0x0128, 0x0948, 0x0989, 0x11AA, 0x11CB, 0x11EB, 0x11CB, 0x11AA, 0x0969, 0x0948,
    0x0107, 0x0107, 0x0107, 0x0107, 0x0107, 0x0107, 0x0107, 0x0107, 0x0107, 0x0107, 0x0107, 0x0107,
    0x0107, 0x0107, 0x0107, 0x0107, 0x0107, 0x0107, 0x0107, 0x0127, 0x0128, 0x0968, 0x09AA, 0x11CB,
    0x1A0C, 0x1A0C, 0x1A0C, 0x19EC, 0x11EB, 0x11CB, 0x11CB, 0x11CB, 0x11CB, 0x11CB, 0x11CB, 0x11CB,
    0x11CB, 0x11CB, 0x11EB, 0x11EB, 0x11EB, 0x1A0C, 0x1A2D, 0x1A4E, 0x226E, 0x228E, 0x226E, 0x1A2D,
    0x11EB, 0x09AA, 0x0969, 0x0148, 0x0127, 0x0127, 0x0107, 0x0107, 0x0107, 0x0107, 0x0107, 0x0107,
    0x0107, 0x0107, 0x0127, 0x0148, 0x0969, 0x11AA, 0x11CB, 0x11EB, 0x11CB, 0x11AA, 0x0989, 0x0948,
    0x0127, 0x0107, 0x0107, 0x0107, 0x0107, 0x0107, 0x0107, 0x0107, 0x0107, 0x0107, 0x0128, 0x0148,
    0x0969, 0x11AA, 0x11EC, 0x1A2D, 0x1A2D, 0x1A2D, 0x1A2D, 0x1A0C, 0x11EC, 0x11EC, 0x11EB, 0x11EB,
    0x11EB, 0x11EB, 0x11EB, 0x11EB, 0x11EB, 0x11EB, 0x11EB, 0x11EB, 0x11EB, 0x11EB, 0x11EB, 0x11EB,
    0x11EB, 0x11CB, 0x11CB, 0x11CB, 0x11CB, 0x11CB, 0x11CB, 0x11CB, 0x11CB, 0x11CB, 0x11CB, 0x11CB,
    0x11CB, 0x11CB, 0x11CB, 0x11CB, 0x11EB, 0x19EB, 0x1A0C, 0x1A4D, 0x226E, 0x226E, 0x226E, 0x1A4D,
    0x1A2C, 0x1A0C, 0x19EB, 0x11EB, 0x11EB, 0x19EB, 0x11EB, 0x19EB, 0x19EB, 0x11EB, 0x11EB, 0x11EB,
    0x11EB, 0x11EB, 0x1A0C, 0x1A2C, 0x1A4D, 0x226E, 0x228E, 0x226E, 0x1A4D, 0x1A0C, 0x11CB, 0x0989,
    0x0148, 0x0127, 0x0107, 0x0107, 0x0107, 0x0107, 0x0107, 0x0107, 0x0107, 0x0107, 0x0107, 0x0107,
    0x0107, 0x0107, 0x0107, 0x0107, 0x0107, 0x0107, 0x0107, 0x0107, 0x0107, 0x0107, 0x0107, 0x0107,
    0x0107, 0x0107, 0x0107, 0x0107, 0x0107, 0x0107, 0x0107, 0x0127, 0x0128, 0x0948, 0x098A, 0x11CB,
    0x1A0C, 0x1A2D, 0x1A2D, 0x1A2C, 0x1A0C, 0x19EC, 0x19EB, 0x19EB, 0x11EB, 0x19EB, 0x19EB, 0x19EB,
    0x19EB, 0x11EB, 0x11EB, 0x11EB, 0x11EB, 0x19EC, 0x1A0C, 0x1A2D, 0x224E, 0x226E, 0x226E, 0x1A4D,
    0x11EC, 0x11AA, 0x0969, 0x0148, 0x0127, 0x0107, 0x0107, 0x0107, 0x0107, 0x0107, 0x0107, 0x0107,
    0x0107, 0x0107, 0x0127, 0x0148, 0x0968, 0x0989, 0x11CA, 0x11CB, 0x11CB, 0x11CA, 0x098A, 0x0969,
    0x0107, 0x0107, 0x0107, 0x0107, 0x0107, 0x0107, 0x0107, 0x0107, 0x0107, 0x0107, 0x0107, 0x0107,
    0x0107, 0x0107, 0x0106, 0x0106, 0x0107, 0x0107, 0x0107, 0x0127, 0x0148, 0x0969, 0x11AA, 0x11EB,
    0x1A0C, 0x1A0C, 0x1A0C, 0x11EC, 0x11CB, 0x11CB, 0x11CA, 0x11CA, 0x11CA, 0x11CA, 0x11CA, 0x11CA,
    0x11CB, 0x11CB, 0x11CB, 0x11CB, 0x11EB, 0x120C, 0x1A2D, 0x1A4E, 0x228E, 0x228F, 0x228E, 0x224D,
    0x1A0C, 0x11CB, 0x0989, 0x0148, 0x0127, 0x0127, 0x0107, 0x0107, 0x0107, 0x0107, 0x0107, 0x0107,
    0x0107, 0x0107, 0x0107, 0x0127, 0x0948, 0x0989, 0x11AA, 0x11CB, 0x11EB, 0x11CB, 0x09AA, 0x0969,
    0x0148, 0x0127, 0x0107, 0x0107, 0x0107, 0x0107, 0x0107, 0x0107, 0x0107, 0x0107, 0x0128, 0x0148,
    0x0969, 0x11AB, 0x11EC, 0x1A2D, 0x1A2D, 0x1A2D, 0x1A0C, 0x11EC, 0x11EB, 0x11CB, 0x11CB, 0x11CB,
    0x11CB, 0x11CB, 0x11CB, 0x11CB, 0x11CB, 0x11CB, 0x11CB, 0x11CB, 0x11CB, 0x11CB, 0x11CB, 0x11CB,
    0x11CB, 0x11CB, 0x11CB, 0x11CB, 0x11CB, 0x11CB, 0x11CB, 0x11CB, 0x11CB, 0x11CB, 0x11CB, 0x11CB,
    0x11CA, 0x11CA, 0x11CA, 0x11CB, 0x11CB, 0x11EB, 0x1A0C, 0x1A2D, 0x1A4D, 0x224E, 0x1A4D, 0x1A2D,
    0x1A0C, 0x11EB, 0x11EB, 0x11EB, 0x11EB, 0x11EB, 0x11EB, 0x11EB, 0x11EB, 0x11EB, 0x11EB, 0x11EB,
    0x11EB, 0x11EB, 0x120C, 0x1A2C, 0x1A4D, 0x226E, 0x226E, 0x226E, 0x1A2D, 0x11EB, 0x098A, 0x0969,
    0x0128, 0x0127, 0x0107, 0x0107, 0x0107, 0x0107, 0x0107, 0x0107, 0x0107, 0x0107, 0x0107, 0x0107,
    0x0107, 0x0107, 0x0107, 0x0107, 0x0107, 0x0107, 0x0107, 0x0107, 0x0107, 0x0107, 0x0107, 0x0107,
    0x0107, 0x0107, 0x0107, 0x0107, 0x0107, 0x0107, 0x0107, 0x0127, 0x0128, 0x0969, 0x098A, 0x11CB,
    0x1A0C, 0x1A2D, 0x1A2D, 0x1A0C, 0x1A0C, 0x11EB, 0x11CB, 0x11CB, 0x11CB, 0x11CB, 0x11CB, 0x11CB,
    0x11CB, 0x11CB, 0x11CB, 0x11CB, 0x11EB, 0x11EB, 0x1A0C, 0x1A2D, 0x226E, 0x226E, 0x228E, 0x226E,
    0x1A2C, 0x11CB, 0x0989, 0x0948, 0x0127, 0x0127, 0x0107, 0x0107, 0x0107, 0x0107, 0x0107, 0x0107,
    0x0107, 0x0107, 0x0127, 0x0127, 0x0148, 0x0969, 0x11AA, 0x11CB, 0x11EB, 0x11CB, 0x11CA, 0x11AA,
    0x0107, 0x0107, 0x0107, 0x0107, 0x0107, 0x0107, 0x0107, 0x0107, 0x0107, 0x0107, 0x0107, 0x0107,
    0x0107, 0x0107, 0x0106, 0x0106, 0x0107, 0x0107, 0x0107, 0x0127, 0x0148, 0x0989, 0x11AA, 0x11EB,
    0x1A0C, 0x1A0C, 0x11EB, 0x11CB, 0x11AA, 0x09AA, 0x09AA, 0x09AA, 0x09AA, 0x09AA, 0x09AA, 0x09AA,
    0x11AA, 0x11AA, 0x11AA, 0x11AA, 0x11CB, 0x11EB, 0x1A0C, 0x1A4E, 0x228E, 0x228F, 0x228F, 0x226E,
    0x1A2D, 0x11EB, 0x09AA, 0x0969, 0x0148, 0x0127, 0x0107, 0x0107, 0x0107, 0x0107, 0x0107, 0x0106,
    0x0106, 0x0106, 0x0107, 0x0127, 0x0127, 0x0968, 0x098A, 0x11CA, 0x11EB, 0x11EB, 0x11AA, 0x0989,
    0x0948, 0x0128, 0x0127, 0x0107, 0x0107, 0x0107, 0x0107, 0x0107, 0x0107, 0x0107, 0x0128, 0x0148,
    0x098A, 0x11CB, 0x11EC, 0x1A0C, 0x1A0C, 0x1A0C, 0x11EB, 0x11CB, 0x11AB, 0x11AA, 0x11AA, 0x11AA,
    0x11AA, 0x11AA, 0x11AA, 0x11AA, 0x11AA, 0x11AA, 0x11AA, 0x11AA, 0x11AA, 0x11AA, 0x11AA, 0x11AA,
    0x11AA, 0x11AA, 0x09AA, 0x09AA, 0x11AA, 0x118A, 0x098A, 0x09AA, 0x11AA, 0x11AA, 0x118A, 0x118A,
    0x118A, 0x118A, 0x11AA, 0x11AA, 0x11AA, 0x11CB, 0x11EB, 0x1A0C, 0x1A2D, 0x1A2D, 0x1A2D, 0x1A0C,
    0x11EB, 0x11CA, 0x11AA, 0x11AA, 0x11AA, 0x11AA, 0x11AA, 0x11AA, 0x11AA, 0x11AA, 0x11AA, 0x11AA,
    0x11AA, 0x11CB, 0x11EB, 0x120C, 0x1A2D, 0x1A4D, 0x224E, 0x1A2D, 0x1A0C, 0x11AB, 0x0969, 0x0148,
    0x0127, 0x0107, 0x0107, 0x0107, 0x0107, 0x0107, 0x0107, 0x0107, 0x0107, 0x0107, 0x0107, 0x0107,
    0x0107, 0x0107, 0x0107, 0x0107, 0x0107, 0x0107, 0x0107, 0x0107, 0x0107, 0x0107, 0x0107, 0x0107,
    0x0107, 0x0107, 0x0107, 0x0107, 0x0107, 0x0107, 0x0107, 0x0127, 0x0148, 0x0969, 0x11AA, 0x11EB,
    0x1A0C, 0x1A0C, 0x1A0C, 0x11EB, 0x11CB, 0x11AB, 0x11AA, 0x11AA, 0x11AA, 0x11AA, 0x11AA, 0x11AA,
    0x11AA, 0x11AA, 0x11AA, 0x11AA, 0x11AA, 0x11CB, 0x11EC, 0x1A2D, 0x224E, 0x226E, 0x228E, 0x226E,
    0x1A2D, 0x19EC, 0x11AA, 0x0969, 0x0148, 0x0127, 0x0107, 0x0107, 0x0107, 0x0107, 0x0107, 0x0107,
    0x0107, 0x0107, 0x0107, 0x0127, 0x0128, 0x0948, 0x0989, 0x11AA, 0x11CB, 0x11EB, 0x11EB, 0x11CB,
    0x0107, 0x0107, 0x0107, 0x0107, 0x0107, 0x0107, 0x0107, 0x0107, 0x0107, 0x0107, 0x0107, 0x0107,
    0x0107, 0x0107, 0x0106, 0x0106, 0x0107, 0x0107, 0x0127, 0x0128, 0x0969, 0x098A, 0x11CB, 0x19EB,
    0x19EC, 0x11EB, 0x11CB, 0x09AA, 0x0989, 0x0969, 0x0969, 0x0969, 0x0969, 0x0969, 0x0969, 0x0969,
    0x0969, 0x0969, 0x0969, 0x0989, 0x09AA, 0x11CB, 0x1A0C, 0x1A4D, 0x226E, 0x228F, 0x228F, 0x226E,
    0x1A4D, 0x1A0C, 0x11CA, 0x0989, 0x0148, 0x0127, 0x0107, 0x0107, 0x0107, 0x0107, 0x0106, 0x0106,
    0x0106, 0x0106, 0x0106, 0x0107, 0x0127, 0x0948, 0x0969, 0x11AA, 0x11CB, 0x11EB, 0x11CB, 0x11AA,
    0x0969, 0x0148, 0x0127, 0x0107, 0x0107, 0x0107, 0x0107, 0x0107, 0x0107, 0x0127, 0x0128, 0x0969,
    0x098A, 0x11CB, 0x11EC, 0x1A0C, 0x11EC, 0x11CB, 0x09AA, 0x098A, 0x0969, 0x0969, 0x0969, 0x0969,
    0x0969, 0x0969, 0x0969, 0x0969, 0x0969, 0x0969, 0x0969, 0x0969, 0x0969, 0x0969, 0x0969, 0x0969,
    0x0969, 0x0969, 0x0969, 0x0969, 0x0969, 0x0969, 0x0969, 0x0969, 0x0969, 0x0969, 0x0969, 0x0969,
    0x0969, 0x0969, 0x0969, 0x0969, 0x0989, 0x11AA, 0x11CB, 0x1A0C, 0x1A0C, 0x1A0C, 0x11EB, 0x11CB,
    0x09AA, 0x0989, 0x0969, 0x0969, 0x0969, 0x0969, 0x0969, 0x0969, 0x0969, 0x0969, 0x0969, 0x0989,
    0x0989, 0x098A, 0x11CA, 0x11EB, 0x1A0C, 0x1A2D, 0x1A2D, 0x1A0C, 0x11CB, 0x098A, 0x0969, 0x0128,
    0x0127, 0x0107, 0x0107, 0x0107, 0x0107, 0x0107, 0x0107, 0x0107, 0x0107, 0x0107, 0x0107, 0x0107,
    0x0107, 0x0107, 0x0107, 0x0107, 0x0107, 0x0107, 0x0107, 0x0107, 0x0107, 0x0107, 0x0107, 0x0107,
    0x0107, 0x0107, 0x0107, 0x0107, 0x0107, 0x0107, 0x0107, 0x0128, 0x0948, 0x0989, 0x11CB, 0x19EC,
    0x1A0C, 0x1A0C, 0x11EB, 0x11AA, 0x098A, 0x0989, 0x0969, 0x0969, 0x0969, 0x0969, 0x0969, 0x0969,
    0x0969, 0x0969, 0x0969, 0x0969, 0x0989, 0x11AA, 0x11EB, 0x1A0C, 0x1A4D, 0x226E, 0x226E, 0x226E,
    0x1A4D, 0x1A0C, 0x11CB, 0x0989, 0x0948, 0x0128, 0x0127, 0x0107, 0x0107, 0x0107, 0x0107, 0x0107,
    0x0107, 0x0107, 0x0107, 0x0107, 0x0127, 0x0148, 0x0969, 0x11AA, 0x11CB, 0x19EB, 0x1A0C, 0x1A0C,
    0x0107, 0x0107, 0x0107, 0x0107, 0x0107, 0x0107, 0x0107, 0x0107, 0x0107, 0x0107, 0x0107, 0x0107,
    0x0107, 0x0107, 0x0107, 0x0107, 0x0107, 0x0107, 0x0127, 0x0948, 0x0989, 0x11AA, 0x11CB, 0x19EB,
    0x11EB, 0x11CB, 0x098A, 0x0969, 0x0148, 0x0148, 0x0148, 0x0148, 0x0148, 0x0148, 0x0148, 0x0148,
    0x0148, 0x0148, 0x0148, 0x0969, 0x098A, 0x11CB, 0x1A0C, 0x1A2D, 0x224E, 0x226E, 0x226E, 0x224E,
    0x1A2D, 0x1A0C, 0x11CB, 0x09AA, 0x0969, 0x0128, 0x0127, 0x0107, 0x0107, 0x0107, 0x0106, 0x0106,
    0x0106, 0x0106, 0x0106, 0x0106, 0x0107, 0x0127, 0x0948, 0x0989, 0x11CA, 0x11EB, 0x11EB, 0x11CA,
    0x098A, 0x0969, 0x0128, 0x0127, 0x0107, 0x0107, 0x0107, 0x0107, 0x0107, 0x0128, 0x0148, 0x0969,
    0x11AA, 0x11CB, 0x11EC, 0x11EB, 0x11CB, 0x098A, 0x0969, 0x0148, 0x0148, 0x0148, 0x0148, 0x0148,
    0x0148, 0x0148, 0x0128, 0x0128, 0x0128, 0x0148, 0x0148, 0x0128, 0x0128, 0x0128, 0x0128, 0x0128,
    0x0128, 0x0128, 0x0128, 0x0128, 0x0128, 0x0128, 0x0128, 0x0128, 0x0128, 0x0128, 0x0128, 0x0128,
    0x0128, 0x0128, 0x0148, 0x0948, 0x0969, 0x11AA, 0x11CB, 0x19EB, 0x19EC, 0x11EB, 0x11CA, 0x0989,
    0x0969, 0x0148, 0x0148, 0x0128, 0x0128, 0x0128, 0x0148, 0x0148, 0x0148, 0x0148, 0x0148, 0x0148,
    0x0969, 0x0989, 0x09AA, 0x11EB, 0x1A0C, 0x1A2C, 0x1A0C, 0x11EB, 0x11AA, 0x0969, 0x0148, 0x0127,
    0x0107, 0x0107, 0x0107, 0x0107, 0x0107, 0x0107, 0x0107, 0x0107, 0x0107, 0x0107, 0x0107, 0x0107,
    0x0107, 0x0107, 0x0107, 0x0107, 0x0107, 0x0107, 0x0107, 0x0107, 0x0107, 0x0107, 0x0107, 0x0107,
    0x0107, 0x0107, 0x0107, 0x0107, 0x0107, 0x0107, 0x0127, 0x0148, 0x0969, 0x11AA, 0x11CB, 0x19EC,
    0x19EC, 0x11CB, 0x11AA, 0x0989, 0x0969, 0x0148, 0x0148, 0x0148, 0x0128, 0x0148, 0x0148, 0x0148,
    0x0148, 0x0148, 0x0148, 0x0148, 0x0969, 0x09AA, 0x11CB, 0x1A0C, 0x1A2D, 0x1A4D, 0x1A4D, 0x1A4D,
    0x1A2D, 0x1A0C, 0x11EB, 0x11AA, 0x0969, 0x0148, 0x0127, 0x0107, 0x0107, 0x0107, 0x0107, 0x0107,
    0x0107, 0x0107, 0x0107, 0x0107, 0x0127, 0x0127, 0x0948, 0x0989, 0x11AA, 0x19EB, 0x1A0C, 0x1A2C,
    0x0107, 0x0107, 0x0107, 0x0107, 0x0107, 0x0107, 0x0107, 0x0107, 0x0107, 0x0107, 0x0107, 0x0107,
    0x0107, 0x0107, 0x0107, 0x0107, 0x0107, 0x0127, 0x0148, 0x0969, 0x11AA, 0x11CB, 0x19EB, 0x11EB,
    0x11CB, 0x098A, 0x0969, 0x0148, 0x0128, 0x0127, 0x0127, 0x0127, 0x0127, 0x0127, 0x0127, 0x0127,
    0x0127, 0x0128, 0x0148, 0x0969, 0x098A, 0x11CB, 0x1A0C, 0x1A2D, 0x1A4D, 0x1A2D, 0x1A2D, 0x1A2D,
    0x1A2D, 0x1A0C, 0x19EB, 0x11CA, 0x0989, 0x0948, 0x0127, 0x0107, 0x0107, 0x0107, 0x0106, 0x0106,
    0x0106, 0x0106, 0x0106, 0x0106, 0x0107, 0x0127, 0x0148, 0x0969, 0x11AA, 0x11CB, 0x11EB, 0x11CB,
    0x11AA, 0x0969, 0x0148, 0x0128, 0x0107, 0x0107, 0x0107, 0x0107, 0x0127, 0x0148, 0x0969, 0x098A,
    0x11CB, 0x11EB, 0x11CB, 0x11CB, 0x098A, 0x0969, 0x0148, 0x0128, 0x0127, 0x0127, 0x0127, 0x0127,
    0x0127, 0x0127, 0x0127, 0x0127, 0x0127, 0x0127, 0x0127, 0x0127, 0x0127, 0x0127, 0x0127, 0x0127,
    0x0127, 0x0127, 0x0127, 0x0127, 0x0127, 0x0127, 0x0127, 0x0127, 0x0127, 0x0127, 0x0127, 0x0127,
    0x0127, 0x0127, 0x0128, 0x0148, 0x0969, 0x11AA, 0x11CB, 0x19EB, 0x11EB, 0x11CA, 0x0989, 0x0969,
    0x0148, 0x0127, 0x0127, 0x0107, 0x0127, 0x0127, 0x0127, 0x0127, 0x0127, 0x0127, 0x0128, 0x0128,
    0x0148, 0x0969, 0x11AA, 0x11EB, 0x1A0C, 0x1A0C, 0x11EB, 0x11AA, 0x0989, 0x0148, 0x0128, 0x0127,
    0x0107, 0x0107, 0x0107, 0x0107, 0x0107, 0x0107, 0x0107, 0x0107, 0x0107, 0x0107, 0x0107, 0x0107,
    0x0107, 0x0107, 0x0107, 0x0107, 0x0107, 0x0107, 0x0107, 0x0107, 0x0107, 0x0107, 0x0107, 0x0107,
    0x0107, 0x0107, 0x0107, 0x0107, 0x0107, 0x0127, 0x0128, 0x0948, 0x0989, 0x11CA, 0x11EB, 0x19EC,
    0x11EB, 0x11AA, 0x0989, 0x0948, 0x0128, 0x0127, 0x0127, 0x0127, 0x0127, 0x0127, 0x0127, 0x0127,
    0x0127, 0x0127, 0x0128, 0x0148, 0x0969, 0x09AA, 0x11CB, 0x1A0C, 0x1A2C, 0x1A2D, 0x1A0C, 0x1A0C,
    0x1A0C, 0x1A0C, 0x19EC, 0x11CB, 0x0989, 0x0968, 0x0128, 0x0127, 0x0107, 0x0107, 0x0107, 0x0107,
    0x0107, 0x0107, 0x0107, 0x0107, 0x0107, 0x0127, 0x0128, 0x0969, 0x118A, 0x11CB, 0x1A0C, 0x1A2C,
    0x0107, 0x0107, 0x0107, 0x0107, 0x0107, 0x0107, 0x0107, 0x0107, 0x0107, 0x0107, 0x0107, 0x0107,
    0x0107, 0x0107, 0x0107, 0x0107, 0x0107, 0x0128, 0x0948, 0x0989, 0x11AA, 0x11EB, 0x19EB, 0x11CB,
    0x11AA, 0x0969, 0x0148, 0x0128, 0x0127, 0x0107, 0x0107, 0x0107, 0x0107, 0x0107, 0x0107, 0x0107,
    0x0107, 0x0127, 0x0148, 0x0969, 0x11AA, 0x11EB, 0x1A0C, 0x1A2D, 0x1A2D, 0x1A0C, 0x11EC, 0x11EC,
    0x1A0C, 0x1A0C, 0x1A0C, 0x11CB, 0x11AA, 0x0969, 0x0148, 0x0127, 0x0107, 0x0107, 0x0106, 0x0106,
    0x0106, 0x0106, 0x0106, 0x0106, 0x0106, 0x0107, 0x0127, 0x0948, 0x0989, 0x11AA, 0x11CB, 0x11CB,
    0x11CB, 0x118A, 0x0969, 0x0148, 0x0127, 0x0107, 0x0107, 0x0127, 0x0128, 0x0948, 0x0989, 0x11AA,
    0x11CB, 0x11CB, 0x11CB, 0x09AA, 0x0969, 0x0148, 0x0127, 0x0127, 0x0107, 0x0107, 0x0107, 0x0107,
    0x0107, 0x0107, 0x0107, 0x0107, 0x0107, 0x0107, 0x0107, 0x0107, 0x0107, 0x0107, 0x0107, 0x0107,
    0x0107, 0x0107, 0x0107, 0x0107, 0x0107, 0x0107, 0x0107, 0x0107, 0x0107, 0x0107, 0x0107, 0x0107,
    0x0127, 0x0127, 0x0128, 0x0968, 0x0989, 0x11AA, 0x11EB, 0x11EB, 0x11CB, 0x11AA, 0x0969, 0x0148,
    0x0127, 0x0107, 0x0107, 0x0107, 0x0107, 0x0107, 0x0107, 0x0107, 0x0107, 0x0127, 0x0127, 0x0128,
    0x0148, 0x0989, 0x11AA, 0x11EB, 0x1A0C, 0x19EC, 0x11CB, 0x098A, 0x0969, 0x0148, 0x0127, 0x0107,
    0x0107, 0x0107, 0x0107, 0x0107, 0x0107, 0x0107, 0x0107, 0x0107, 0x0107, 0x0107, 0x0107, 0x0107,
    0x0107, 0x0107, 0x0107, 0x0107, 0x0107, 0x0107, 0x0107, 0x0107, 0x0107, 0x0107, 0x0107, 0x0107,
    0x0107, 0x0107, 0x0107, 0x0107, 0x0107, 0x0127, 0x0148, 0x0969, 0x11AA, 0x11CB, 0x19EB, 0x19EB,
    0x11CB, 0x098A, 0x0969, 0x0128, 0x0127, 0x0107, 0x0107, 0x0107, 0x0107, 0x0107, 0x0107, 0x0107,
    0x0107, 0x0127, 0x0128, 0x0148, 0x0989, 0x11AA, 0x11EB, 0x1A0C, 0x1A0C, 0x19EC, 0x11EB, 0x11EB,
    0x11EB, 0x1A0C, 0x1A0C, 0x11EB, 0x11AA, 0x0989, 0x0948, 0x0127, 0x0107, 0x0107, 0x0107, 0x0107,
    0x0107, 0x0107, 0x0107, 0x0107, 0x0107, 0x0107, 0x0127, 0x0948, 0x0969, 0x11AA, 0x19EB, 0x1A0C,
    0x0107, 0x0107, 0x0107, 0x0107, 0x0107, 0x0107, 0x0107, 0x0107, 0x0107, 0x0107, 0x0107, 0x0107,
    0x0107, 0x0107, 0x0107, 0x0107, 0x0127, 0x0148, 0x0969, 0x11AA, 0x11CB, 0x19EB, 0x11EB, 0x11AA,
    0x0989, 0x0968, 0x0128, 0x0127, 0x0107, 0x0107, 0x0107, 0x0107, 0x0107, 0x0107, 0x0107, 0x0107,
    0x0127, 0x0128, 0x0948, 0x0989, 0x11CB, 0x1A0C, 0x1A2C, 0x1A0C, 0x19EC, 0x11CB, 0x11AA, 0x11CB,
    0x11CB, 0x19EB, 0x1A0C, 0x19EB, 0x11CB, 0x0989, 0x0948, 0x0127, 0x0107, 0x0107, 0x0107, 0x0107,
    0x0107, 0x0106, 0x0106, 0x0106, 0x0106, 0x0107, 0x0127, 0x0128, 0x0969, 0x0989, 0x11CA, 0x11CB,
    0x11CB, 0x11AA, 0x0989, 0x0948, 0x0128, 0x0127, 0x0127, 0x0127, 0x0148, 0x0969, 0x11AA, 0x11CA,
    0x11CB, 0x11CB, 0x11AA, 0x0989, 0x0948, 0x0128, 0x0127, 0x0107, 0x0107, 0x0107, 0x0107, 0x0107,
    0x0107, 0x0107, 0x0107, 0x0107, 0x0107, 0x0107, 0x0107, 0x0107, 0x0107, 0x0107, 0x0107, 0x0107,
    0x0107, 0x0107, 0x0107, 0x0107, 0x0107, 0x0107, 0x0107, 0x0107, 0x0107, 0x0107, 0x0107, 0x0107,
    0x0127, 0x0128, 0x0148, 0x0969, 0x11AA, 0x11CB, 0x11EB, 0x11CB, 0x11AA, 0x0989, 0x0948, 0x0127,
    0x0107, 0x0107, 0x0107, 0x0107, 0x0107, 0x0107, 0x0107, 0x0107, 0x0107, 0x0107, 0x0127, 0x0148,
    0x0969, 0x09AA, 0x11CB, 0x19EB, 0x19EC, 0x11CB, 0x11AA, 0x0969, 0x0148, 0x0127, 0x0127, 0x0107,
    0x0107, 0x0107, 0x0107, 0x0107, 0x0107, 0x0107, 0x0107, 0x0107, 0x0107, 0x0107, 0x0107, 0x0107,
    0x0107, 0x0107, 0x0107, 0x0107, 0x0107, 0x0107, 0x0107, 0x0107, 0x0107, 0x0107, 0x0107, 0x0107,
    0x0107, 0x0107, 0x0107, 0x0107, 0x0127, 0x0148, 0x0969, 0x098A, 0x11CB, 0x19EB, 0x19EB, 0x11CB,
    0x11AA, 0x0969, 0x0148, 0x0127, 0x0127, 0x0107, 0x0107, 0x0107, 0x0107, 0x0107, 0x0107, 0x0107,
    0x0107, 0x0127, 0x0148, 0x0969, 0x09AA, 0x11CB, 0x19EC, 0x1A0C, 0x11EB, 0x11CB, 0x11AA, 0x11AA,
    0x11CB, 0x11EB, 0x19EC, 0x19EB, 0x11CB, 0x098A, 0x0969, 0x0148, 0x0127, 0x0107, 0x0107, 0x0107,
    0x0107, 0x0107, 0x0107, 0x0107, 0x0107, 0x0107, 0x0127, 0x0128, 0x0968, 0x0989, 0x11CA, 0x11EB,
    0x0107, 0x0107, 0x0107, 0x0107, 0x0107, 0x0107, 0x0107, 0x0107, 0x0107, 0x0107, 0x0107, 0x0107,
    0x0107, 0x0107, 0x0107, 0x0127, 0x0148, 0x0969, 0x098A, 0x11CB, 0x19EB, 0x19EB, 0x11CB, 0x09AA,
    0x0969, 0x0148, 0x0127, 0x0107, 0x0107, 0x0107, 0x0107, 0x0107, 0x0107, 0x0107, 0x0107, 0x0107,
    0x0127, 0x0148, 0x0969, 0x11AA, 0x11EB, 0x1A0C, 0x1A2C, 0x1A0C, 0x11CB, 0x11AA, 0x0989, 0x0989,
    0x11AA, 0x11EB, 0x19EB, 0x1A0C, 0x11EB, 0x11AA, 0x0969, 0x0148, 0x0127, 0x0107, 0x0107, 0x0107,
    0x0107, 0x0107, 0x0107, 0x0107, 0x0107, 0x0107, 0x0107, 0x0127, 0x0148, 0x0969, 0x11AA, 0x11CB,
    0x11CB, 0x11CB, 0x11AA, 0x0969, 0x0148, 0x0128, 0x0127, 0x0148, 0x0948, 0x0989, 0x11AA, 0x11CB,
    0x11CB, 0x11AA, 0x0989, 0x0968, 0x0148, 0x0127, 0x0107, 0x0107, 0x0107, 0x0107, 0x0107, 0x0107,
    0x0107, 0x0107, 0x0107, 0x0107, 0x0107, 0x0107, 0x0107, 0x0107, 0x0107, 0x0107, 0x0107, 0x0107,
    0x0107, 0x0107, 0x0107, 0x0107, 0x0107, 0x0107, 0x0107, 0x0107, 0x0107, 0x0107, 0x0107, 0x0107,
    0x0127, 0x0148, 0x0969, 0x098A, 0x11CB, 0x11EB, 0x11EB, 0x11CB, 0x098A, 0x0969, 0x0128, 0x0127,
    0x0107, 0x0107, 0x0107, 0x0107, 0x0107, 0x0107, 0x0107, 0x0107, 0x0107, 0x0107, 0x0128, 0x0948,
    0x0989, 0x11AA, 0x11EB, 0x19EC, 0x11EB, 0x11CA, 0x0989, 0x0948, 0x0128, 0x0127, 0x0107, 0x0107,
    0x0107, 0x0107, 0x0107, 0x0107, 0x0107, 0x0107, 0x0107, 0x0107, 0x0107, 0x0107, 0x0107, 0x0107,
    0x0107, 0x0107, 0x0107, 0x0107, 0x0107, 0x0107, 0x0107, 0x0107, 0x0107, 0x0107, 0x0107, 0x0107,
    0x0107, 0x0107, 0x0107, 0x0107, 0x0128, 0x0948, 0x0989, 0x11AA, 0x11EB, 0x19EB, 0x11EB, 0x11AA,
    0x0989, 0x0948, 0x0128, 0x0127, 0x0107, 0x0107, 0x0107, 0x0107, 0x0107, 0x0107, 0x0107, 0x0107,
    0x0127, 0x0128, 0x0948, 0x0989, 0x11CA, 0x11EB, 0x1A0C, 0x19EB, 0x11CB, 0x09AA, 0x0989, 0x0969,
    0x098A, 0x11CA, 0x19EB, 0x1A0B, 0x11EB, 0x11CA, 0x0989, 0x0948, 0x0127, 0x0127, 0x0107, 0x0107,
    0x0107, 0x0107, 0x0107, 0x0107, 0x0107, 0x0107, 0x0107, 0x0127, 0x0148, 0x0969, 0x0989, 0x11AA,
    0x0107, 0x0107, 0x0107, 0x0107, 0x0107, 0x0107, 0x0107, 0x0107, 0x0107, 0x0107, 0x0107, 0x0107,
    0x0107, 0x0107, 0x0127, 0x0128, 0x0948, 0x0989, 0x11AA, 0x11EB, 0x19EB, 0x11CB, 0x11AA, 0x0989,
    0x0148, 0x0128, 0x0127, 0x0107, 0x0107, 0x0107, 0x0107, 0x0107, 0x0107, 0x0107, 0x0107, 0x0127,
    0x0128, 0x0949, 0x098A, 0x11CB, 0x1A0C, 0x1A0C, 0x1A0C, 0x11EB, 0x11AA, 0x0969, 0x0949, 0x0969,
    0x0989, 0x11CA, 0x11EB, 0x1A0C, 0x19EB, 0x11CB, 0x098A, 0x0969, 0x0128, 0x0127, 0x0107, 0x0107,
    0x0107, 0x0107, 0x0107, 0x0107, 0x0107, 0x0107, 0x0107, 0x0127, 0x0128, 0x0969, 0x0989, 0x11AA,
    0x11CB, 0x11CB, 0x11CA, 0x0989, 0x0969, 0x0148, 0x0148, 0x0948, 0x0969, 0x11AA, 0x11CB, 0x11CB,
    0x11CA, 0x118A, 0x0969, 0x0148, 0x0127, 0x0107, 0x0107, 0x0107, 0x0107, 0x0107, 0x0107, 0x0107,
    0x0107, 0x0107, 0x0107, 0x0107, 0x0107, 0x0107, 0x0107, 0x0107, 0x0107, 0x0107, 0x0107, 0x0107,
    0x0107, 0x0107, 0x0107, 0x0107, 0x0107, 0x0107, 0x0107, 0x0107, 0x0107, 0x0107, 0x0107, 0x0127,
    0x0128, 0x0948, 0x0989, 0x11CA, 0x11EB, 0x19EB, 0x11EB, 0x11AA, 0x0969, 0x0148, 0x0127, 0x0107,
    0x0107, 0x0107, 0x0107, 0x0107, 0x0106, 0x0107, 0x0107, 0x0107, 0x0107, 0x0127, 0x0148, 0x0969,
    0x11AA, 0x11CB, 0x19EB, 0x19EB, 0x11CB, 0x098A, 0x0969, 0x0148, 0x0127, 0x0107, 0x0107, 0x0107,
    0x0107, 0x0107, 0x0107, 0x0107, 0x0107, 0x0107, 0x0107, 0x0107, 0x0107, 0x0107, 0x0107, 0x0107,
    0x0107, 0x0107, 0x0107, 0x0107, 0x0107, 0x0107, 0x0107, 0x0107, 0x0107, 0x0107, 0x0107, 0x0107,
    0x0107, 0x0107, 0x0107, 0x0127, 0x0148, 0x0969, 0x11AA, 0x11CB, 0x19EB, 0x19EB, 0x11CB, 0x098A,
    0x0969, 0x0148, 0x0127, 0x0107, 0x0107, 0x0107, 0x0107, 0x0107, 0x0107, 0x0107, 0x0107, 0x0107,
    0x0127, 0x0148, 0x0969, 0x11AA, 0x11CB, 0x19EC, 0x19EC, 0x11CB, 0x11AA, 0x0969, 0x0948, 0x0948,
    0x0969, 0x11AA, 0x11CB, 0x19EB, 0x19EB, 0x11CB, 0x11AA, 0x0969, 0x0148, 0x0127, 0x0107, 0x0107,
    0x0107, 0x0107, 0x0107, 0x0107, 0x0107, 0x0107, 0x0107, 0x0127, 0x0127, 0x0148, 0x0969, 0x0969,
    0x0107, 0x0107, 0x0107, 0x0107, 0x0107, 0x0107, 0x0107, 0x0107, 0x0107, 0x0107, 0x0107, 0x0107,
    0x0107, 0x0107, 0x0127, 0x0148, 0x0969, 0x11AA, 0x11CB, 0x19EB, 0x19EB, 0x11CA, 0x098A, 0x0969,
    0x0128, 0x0127, 0x0107, 0x0107, 0x0107, 0x0107, 0x0107, 0x0107, 0x0107, 0x0107, 0x0107, 0x0127,
    0x0148, 0x0969, 0x11AA, 0x11EB, 0x1A0C, 0x1A0C, 0x19EB, 0x11AA, 0x0989, 0x0948, 0x0148, 0x0148,
    0x0969, 0x098A, 0x11CB, 0x19EB, 0x1A0C, 0x19EB, 0x11CA, 0x0989, 0x0948, 0x0128, 0x0127, 0x0107,
    0x0107, 0x0107, 0x0107, 0x0107, 0x0107, 0x0107, 0x0107, 0x0127, 0x0127, 0x0148, 0x0969, 0x11AA,
    0x11CB, 0x11CB, 0x11CB, 0x11AA, 0x0969, 0x0969, 0x0948, 0x0969, 0x098A, 0x11AA, 0x11CB, 0x11CB,
    0x11AA, 0x0989, 0x0948, 0x0127, 0x0127, 0x0107, 0x0107, 0x0107, 0x0107, 0x0107, 0x0107, 0x0107,
    0x0107, 0x0107, 0x0107, 0x0107, 0x0107, 0x0107, 0x0107, 0x0107, 0x0107, 0x0107, 0x0107, 0x0107,
    0x0107, 0x0107, 0x0107, 0x0107, 0x0107, 0x0107, 0x0107, 0x0107, 0x0107, 0x0107, 0x0127, 0x0127,
    0x0148, 0x0969, 0x11AA, 0x11CB, 0x19EC, 0x19EB, 0x11CB, 0x098A, 0x0968, 0x0128, 0x0127, 0x0107,
    0x0107, 0x0107, 0x0107, 0x0106, 0x0106, 0x0106, 0x0107, 0x0107, 0x0107, 0x0128, 0x0948, 0x0989,
    0x11CA, 0x11EB, 0x19EB, 0x11EB, 0x11AA, 0x0969, 0x0148, 0x0127, 0x0107, 0x0107, 0x0107, 0x0107,
    0x0107, 0x0107, 0x0107, 0x0107, 0x0107, 0x0107, 0x0107, 0x0107, 0x0107, 0x0107, 0x0107, 0x0107,
    0x0107, 0x0107, 0x0107, 0x0107, 0x0107, 0x0107, 0x0107, 0x0107, 0x0107, 0x0107, 0x0107, 0x0107,
    0x0107, 0x0107, 0x0127, 0x0128, 0x0948, 0x0989, 0x11CA, 0x11EB, 0x19EB, 0x11CB, 0x11AA, 0x0969,
    0x0148, 0x0127, 0x0107, 0x0107, 0x0107, 0x0107, 0x0107, 0x0107, 0x0107, 0x0107, 0x0107, 0x0127,
    0x0128, 0x0948, 0x0989, 0x11CB, 0x11EB, 0x19EC, 0x11EB, 0x11CA, 0x0989, 0x0948, 0x0128, 0x0128,
    0x0948, 0x0989, 0x11AA, 0x11EB, 0x19EB, 0x19EB, 0x11CA, 0x0989, 0x0968, 0x0128, 0x0127, 0x0107,
    0x0107, 0x0107, 0x0107, 0x0107, 0x0107, 0x0107, 0x0107, 0x0107, 0x0127, 0x0127, 0x0148, 0x0148,
    0x0107, 0x0107, 0x0107, 0x0107, 0x0107, 0x0107, 0x0107, 0x0107, 0x0107, 0x0107, 0x0107, 0x0107,
    0x0107, 0x0127, 0x0128, 0x0969, 0x0989, 0x11CB, 0x11EB, 0x19EB, 0x11CB, 0x11AA, 0x0969, 0x0148,
    0x0127, 0x0107, 0x0107, 0x0107, 0x0107, 0x0107, 0x0107, 0x0107, 0x0107, 0x0107, 0x0127, 0x0128,
    0x0969, 0x098A, 0x11CB, 0x1A0C, 0x1A0C, 0x1A0C, 0x11CB, 0x098A, 0x0969, 0x0148, 0x0127, 0x0128,
    0x0148, 0x0969, 0x11AA, 0x11EB, 0x1A0C, 0x1A0C, 0x11EB, 0x11AA, 0x0969, 0x0148, 0x0127, 0x0107,
    0x0107, 0x0107, 0x0107, 0x0107, 0x0107, 0x0107, 0x0107, 0x0127, 0x0127, 0x0148, 0x0969, 0x0989,
    0x11AA, 0x11CB, 0x11CB, 0x11CB, 0x118A, 0x0989, 0x0989, 0x098A, 0x11AA, 0x11CB, 0x11CB, 0x11AA,
    0x0989, 0x0968, 0x0128, 0x0127, 0x0107, 0x0107, 0x0107, 0x0107, 0x0107, 0x0107, 0x0107, 0x0107,
    0x0107, 0x0107, 0x0107, 0x0107, 0x0107, 0x0107, 0x0107, 0x0107, 0x0107, 0x0107, 0x0107, 0x0107,
    0x0107, 0x0107, 0x0107, 0x0107, 0x0107, 0x0107, 0x0107, 0x0107, 0x0107, 0x0107, 0x0127, 0x0148,
    0x0969, 0x098A, 0x11CB, 0x11EC, 0x19EC, 0x11EB, 0x11AA, 0x0969, 0x0148, 0x0127, 0x0107, 0x0107,
    0x0107, 0x0107, 0x0107, 0x0106, 0x0106, 0x0106, 0x0107, 0x0107, 0x0127, 0x0148, 0x0969, 0x11AA,
    0x11CB, 0x19EB, 0x19EB, 0x11CA, 0x0989, 0x0948, 0x0128, 0x0127, 0x0107, 0x0107, 0x0107, 0x0107,
    0x0107, 0x0107, 0x0107, 0x0107, 0x0107, 0x0107, 0x0107, 0x0107, 0x0107, 0x0107, 0x0107, 0x0107,
    0x0107, 0x0107, 0x0107, 0x0107, 0x0107, 0x0107, 0x0107, 0x0107, 0x0107, 0x0107, 0x0107, 0x0107,
    0x0107, 0x0107, 0x0128, 0x0148, 0x0969, 0x11AA, 0x11CB, 0x19EB, 0x11EB, 0x11CB, 0x098A, 0x0969,
    0x0128, 0x0127, 0x0107, 0x0107, 0x0107, 0x0107, 0x0107, 0x0107, 0x0107, 0x0107, 0x0107, 0x0127,
    0x0148, 0x0969, 0x11AA, 0x11CB, 0x19EC, 0x19EB, 0x11CB, 0x098A, 0x0969, 0x0148, 0x0127, 0x0127,
    0x0128, 0x0968, 0x0989, 0x11CB, 0x19EB, 0x19EB, 0x11EB, 0x11AA, 0x0969, 0x0148, 0x0127, 0x0127,
    0x0107, 0x0107, 0x0107, 0x0107, 0x0107, 0x0107, 0x0107, 0x0107, 0x0107, 0x0127, 0x0127, 0x0128,
    0x0107, 0x0107, 0x0107, 0x0107, 0x0107, 0x0107, 0x0107, 0x0107, 0x0107, 0x0107, 0x0107, 0x0107,
    0x0107, 0x0128, 0x0148, 0x0989, 0x11AA, 0x11EB, 0x19EB, 0x11EB, 0x11CA, 0x0989, 0x0948, 0x0128,
    0x0127, 0x0107, 0x0107, 0x0107, 0x0107, 0x0107, 0x0107, 0x0107, 0x0107, 0x0107, 0x0127, 0x0148,
    0x0969, 0x11AA, 0x19EB, 0x1A0C, 0x1A0C, 0x11EB, 0x11AA, 0x0969, 0x0148, 0x0127, 0x0127, 0x0127,
    0x0128, 0x0968, 0x0989, 0x11CB, 0x19EB, 0x1A0C, 0x19EC, 0x11CB, 0x098A, 0x0969, 0x0148, 0x0128,
    0x0127, 0x0127, 0x0127, 0x0127, 0x0127, 0x0127, 0x0127, 0x0127, 0x0127, 0x0128, 0x0148, 0x0969,
    0x09AA, 0x11CB, 0x11EB, 0x11CB, 0x11CB, 0x11AA, 0x11AA, 0x11AA, 0x11CB, 0x11CB, 0x11CB, 0x11AA,
    0x0969, 0x0948, 0x0127, 0x0107, 0x0107, 0x0107, 0x0107, 0x0107, 0x0107, 0x0107, 0x0107, 0x0107,
    0x0107, 0x0107, 0x0107, 0x0107, 0x0107, 0x0107, 0x0107, 0x0107, 0x0107, 0x0107, 0x0107, 0x0107,
    0x0107, 0x0107, 0x0107, 0x0107, 0x0107, 0x0107, 0x0107, 0x0107, 0x0107, 0x0127, 0x0128, 0x0148,
    0x0989, 0x11AA, 0x11EB, 0x1A0C, 0x11EB, 0x11CB, 0x098A, 0x0948, 0x0128, 0x0107, 0x0107, 0x0107,
    0x0107, 0x0107, 0x0107, 0x0106, 0x0106, 0x0106, 0x0107, 0x0107, 0x0127, 0x0948, 0x0989, 0x11CA,
    0x11EB, 0x19EB, 0x11CB, 0x11AA, 0x0969, 0x0148, 0x0127, 0x0107, 0x0107, 0x0107, 0x0107, 0x0107,
    0x0107, 0x0107, 0x0107, 0x0107, 0x0107, 0x0107, 0x0107, 0x0107, 0x0107, 0x0107, 0x0107, 0x0107,
    0x0107, 0x0107, 0x0107, 0x0107, 0x0107, 0x0107, 0x0107, 0x0107, 0x0107, 0x0107, 0x0107, 0x0107,
    0x0107, 0x0127, 0x0128, 0x0969, 0x098A, 0x11CB, 0x19EB, 0x19EC, 0x11EB, 0x11AA, 0x0969, 0x0148,
    0x0127, 0x0107, 0x0107, 0x0107, 0x0107, 0x0107, 0x0107, 0x0107, 0x0107, 0x0107, 0x0127, 0x0128,
    0x0948, 0x0989, 0x11CA, 0x11EB, 0x19EB, 0x11CB, 0x11AA, 0x0969, 0x0148, 0x0127, 0x0107, 0x0107,
    0x0127, 0x0148, 0x0969, 0x11AA, 0x11CB, 0x19EB, 0x19EB, 0x11CB, 0x09AA, 0x0969, 0x0148, 0x0127,
    0x0127, 0x0107, 0x0107, 0x0107, 0x0107, 0x0107, 0x0107, 0x0107, 0x0107, 0x0107, 0x0127, 0x0127,
    0x0107, 0x0107, 0x0107, 0x0107, 0x0107, 0x0107, 0x0107, 0x0107, 0x0107, 0x0107, 0x0107, 0x0107,
    0x0127, 0x0148, 0x0969, 0x09AA, 0x11CB, 0x19EB, 0x19EB, 0x11CB, 0x11AA, 0x0969, 0x0148, 0x0127,
    0x0107, 0x0107, 0x0107, 0x0107, 0x0107, 0x0107, 0x0107, 0x0107, 0x0107, 0x0127, 0x0148, 0x0969,
    0x098A, 0x11CB, 0x19EC, 0x1A0C, 0x19EB, 0x11CA, 0x0989, 0x0948, 0x0128, 0x0127, 0x0107, 0x0107,
    0x0127, 0x0148, 0x0969, 0x11AA, 0x11EB, 0x1A0C, 0x1A0C, 0x19EB, 0x11AA, 0x0989, 0x0149, 0x0148,
    0x0128, 0x0128, 0x0128, 0x0128, 0x0128, 0x0128, 0x0128, 0x0128, 0x0128, 0x0128, 0x0148, 0x0969,
    0x098A, 0x11CB, 0x11EB, 0x11EC, 0x11EB, 0x11CB, 0x11CB, 0x11EB, 0x11EB, 0x11EB, 0x11CB, 0x098A,
    0x0969, 0x0148, 0x0127, 0x0127, 0x0107, 0x0107, 0x0107, 0x0107, 0x0127, 0x0127, 0x0127, 0x0127,
    0x0127, 0x0127, 0x0107, 0x0107, 0x0107, 0x0107, 0x0107, 0x0107, 0x0107, 0x0107, 0x0107, 0x0127,
    0x0127, 0x0127, 0x0127, 0x0127, 0x0127, 0x0127, 0x0127, 0x0127, 0x0127, 0x0128, 0x0148, 0x0969,
    0x09AA, 0x11CB, 0x19EC, 0x1A0C, 0x11EB, 0x11AA, 0x0969, 0x0148, 0x0127, 0x0107, 0x0107, 0x0107,
    0x0107, 0x0107, 0x0107, 0x0107, 0x0107, 0x0107, 0x0107, 0x0127, 0x0148, 0x0969, 0x11AA, 0x11CB,
    0x19EB, 0x11EB, 0x11AA, 0x0989, 0x0948, 0x0128, 0x0107, 0x0107, 0x0107, 0x0107, 0x0107, 0x0107,
    0x0107, 0x0107, 0x0107, 0x0107, 0x0107, 0x0107, 0x0107, 0x0107, 0x0107, 0x0107, 0x0107, 0x0107,
    0x0107, 0x0107, 0x0107, 0x0107, 0x0107, 0x0107, 0x0107, 0x0107, 0x0107, 0x0107, 0x0107, 0x0107,
    0x0107, 0x0128, 0x0948, 0x0989, 0x11AA, 0x11EB, 0x19EC, 0x11EB, 0x11CA, 0x0989, 0x0948, 0x0128,
    0x0107, 0x0107, 0x0107, 0x0107, 0x0107, 0x0107, 0x0107, 0x0107, 0x0107, 0x0107, 0x0127, 0x0148,
    0x0969, 0x11AA, 0x11CB, 0x19EB, 0x11EB, 0x11CA, 0x0989, 0x0968, 0x0128, 0x0127, 0x0107, 0x0107,
    0x0107, 0x0127, 0x0948, 0x0989, 0x11CA, 0x11EB, 0x19EB, 0x11EB, 0x11CA, 0x0989, 0x0949, 0x0148,
    0x0128, 0x0127, 0x0127, 0x0127, 0x0127, 0x0127, 0x0107, 0x0107, 0x0127, 0x0127, 0x0127, 0x0127,
    0x0107, 0x0107, 0x0107, 0x0107, 0x0107, 0x0107, 0x0107, 0x0107, 0x0107, 0x0107, 0x0107, 0x0107,
    0x0128, 0x0948, 0x0989, 0x11CA, 0x11EB, 0x1A0C, 0x11EB, 0x11AA, 0x0989, 0x0948, 0x0128, 0x0127,
    0x0107, 0x0107, 0x0107, 0x0107, 0x0107, 0x0107, 0x0107, 0x0107, 0x0107, 0x0128, 0x0948, 0x0989,
    0x11CA, 0x19EB, 0x1A0C, 0x19EC, 0x11CB, 0x098A, 0x0969, 0x0128, 0x0127, 0x0107, 0x0107, 0x0107,
    0x0127, 0x0128, 0x0948, 0x0989, 0x11CA, 0x19EB, 0x1A0C, 0x1A0C, 0x11EB, 0x11AA, 0x098A, 0x0969,
    0x0149, 0x0148, 0x0148, 0x0148, 0x0148, 0x0148, 0x0148, 0x0148, 0x0148, 0x0148, 0x0169, 0x0969,
    0x098A, 0x11CB, 0x11EC, 0x1A0C, 0x1A0C, 0x1A0C, 0x1A0C, 0x1A0C, 0x1A0C, 0x11EC, 0x11CB, 0x098A,
    0x0969, 0x0948, 0x0128, 0x0128, 0x0127, 0x0127, 0x0127, 0x0127, 0x0128, 0x0128, 0x0128, 0x0128,
    0x0128, 0x0128, 0x0128, 0x0128, 0x0128, 0x0128, 0x0128, 0x0128, 0x0128, 0x0128, 0x0128, 0x0128,
    0x0128, 0x0148, 0x0148, 0x0148, 0x0128, 0x0128, 0x0128, 0x0148, 0x0148, 0x0148, 0x0969, 0x09AA,
    0x11CB, 0x11EC, 0x1A0C, 0x11EC, 0x11CB, 0x098A, 0x0948, 0x0128, 0x0107, 0x0107, 0x0107, 0x0107,
    0x0107, 0x0107, 0x0107, 0x0107, 0x0107, 0x0107, 0x0107, 0x0128, 0x0968, 0x098A, 0x11CB, 0x19EB,
    0x11EB, 0x11CB, 0x098A, 0x0969, 0x0128, 0x0127, 0x0107, 0x0107, 0x0107, 0x0107, 0x0107, 0x0107,
    0x0107, 0x0107, 0x0107, 0x0107, 0x0107, 0x0107, 0x0107, 0x0107, 0x0107, 0x0107, 0x0107, 0x0107,
    0x0107, 0x0107, 0x0107, 0x0107, 0x0107, 0x0107, 0x0107, 0x0107, 0x0107, 0x0107, 0x0107, 0x0107,
    0x0127, 0x0148, 0x0969, 0x11AA, 0x11CB, 0x19EC, 0x19EC, 0x11CB, 0x11AA, 0x0969, 0x0148, 0x0127,
    0x0107, 0x0107, 0x0107, 0x0107, 0x0107, 0x0107, 0x0107, 0x0107, 0x0107, 0x0127, 0x0128, 0x0948,
    0x0989, 0x11CA, 0x19EB, 0x19EB, 0x11CB, 0x11AA, 0x0969, 0x0148, 0x0127, 0x0107, 0x0107, 0x0107,
    0x0107, 0x0127, 0x0148, 0x0969, 0x11AA, 0x11CB, 0x11EB, 0x11EC, 0x11EB, 0x11AA, 0x0989, 0x0969,
    0x0148, 0x0148, 0x0128, 0x0128, 0x0128, 0x0128, 0x0128, 0x0128, 0x0128, 0x0128, 0x0128, 0x0148,
    0x0107, 0x0107, 0x0107, 0x0107, 0x0107, 0x0107, 0x0107, 0x0107, 0x0107, 0x0107, 0x0107, 0x0127,
    0x0148, 0x0969, 0x11AA, 0x11CB, 0x1A0C, 0x19EB, 0x11CB, 0x09AA, 0x0969, 0x0148, 0x0127, 0x0107,
    0x0107, 0x0107, 0x0107, 0x0107, 0x0107, 0x0107, 0x0107, 0x0107, 0x0127, 0x0148, 0x0969, 0x11AA,
    0x11EB, 0x19EC, 0x19EC, 0x11EB, 0x11AA, 0x0969, 0x0148, 0x0127, 0x0107, 0x0107, 0x0107, 0x0107,
    0x0107, 0x0127, 0x0148, 0x0969, 0x118A, 0x11CB, 0x1A0C, 0x1A0C, 0x1A0C, 0x11EB, 0x11AB, 0x09AA,
    0x098A, 0x098A, 0x0989, 0x0989, 0x0989, 0x0989, 0x0989, 0x0989, 0x0989, 0x0989, 0x098A, 0x098A,
    0x11AA, 0x11CB, 0x11EC, 0x1A2D, 0x1A2D, 0x1A4D, 0x1A4D, 0x1A2D, 0x1A2D, 0x1A0C, 0x11CB, 0x11AA,
    0x0989, 0x0969, 0x0969, 0x0968, 0x0968, 0x0968, 0x0968, 0x0968, 0x0968, 0x0969, 0x0969, 0x0969,
    0x0969, 0x0969, 0x0969, 0x0969, 0x0969, 0x0969, 0x0969, 0x0969, 0x0969, 0x0969, 0x0969, 0x0969,
    0x0969, 0x0969, 0x0969, 0x0969, 0x0969, 0x0969, 0x0969, 0x0969, 0x0969, 0x098A, 0x09AA, 0x11CB,
    0x120C, 0x1A0C, 0x1A0C, 0x11EB, 0x09AA, 0x0969, 0x0148, 0x0127, 0x0107, 0x0107, 0x0107, 0x0107,
    0x0107, 0x0107, 0x0107, 0x0107, 0x0107, 0x0107, 0x0127, 0x0948, 0x0969, 0x11AA, 0x11EB, 0x19EB,
    0x11CB, 0x11AA, 0x0969, 0x0148, 0x0127, 0x0107, 0x0107, 0x0107, 0x0107, 0x0107, 0x0107, 0x0107,
    0x0107, 0x0107, 0x0107, 0x0107, 0x0107, 0x0107, 0x0107, 0x0107, 0x0107, 0x0107, 0x0107, 0x0107,
    0x0107, 0x0107, 0x0107, 0x0107, 0x0107, 0x0107, 0x0107, 0x0107, 0x0107, 0x0107, 0x0107, 0x0127,
    0x0128, 0x0949, 0x098A, 0x11CB, 0x19EB, 0x1A0C, 0x11EB, 0x11AA, 0x0989, 0x0948, 0x0128, 0x0127,
    0x0107, 0x0107, 0x0107, 0x0107, 0x0107, 0x0107, 0x0107, 0x0107, 0x0107, 0x0127, 0x0948, 0x0969,
    0x11AA, 0x11CB, 0x19EB, 0x11CB, 0x11AA, 0x0969, 0x0948, 0x0127, 0x0127, 0x0107, 0x0107, 0x0107,
    0x0107, 0x0107, 0x0127, 0x0948, 0x0989, 0x11AA, 0x11EB, 0x1A0C, 0x120C, 0x11EB, 0x11AB, 0x098A,
    0x0989, 0x0969, 0x0969, 0x0969, 0x0969, 0x0969, 0x0969, 0x0969, 0x0969, 0x0969, 0x0969, 0x0969,
    0x0107, 0x0107, 0x0107, 0x0107, 0x0107, 0x0107, 0x0107, 0x0107, 0x0107, 0x0107, 0x0127, 0x0128,
    0x0969, 0x098A, 0x11CB, 0x19EB, 0x1A0C, 0x11EB, 0x11AA, 0x0989, 0x0948, 0x0127, 0x0127, 0x0107,
    0x0107, 0x0107, 0x0107, 0x0107, 0x0107, 0x0107, 0x0107, 0x0127, 0x0128, 0x0948, 0x098A, 0x11CB,
    0x19EB, 0x1A0C, 0x19EB, 0x11CB, 0x0989, 0x0948, 0x0128, 0x0107, 0x0107, 0x0107, 0x0107, 0x0107,
    0x0107, 0x0107, 0x0128, 0x0948, 0x0969, 0x11AA, 0x19EC, 0x1A0C, 0x1A2D, 0x1A0C, 0x11EC, 0x11CB,
    0x11CB, 0x11CB, 0x11CB, 0x11CB, 0x11CB, 0x11AB, 0x11CB, 0x11CB, 0x11CB, 0x11CB, 0x11CB, 0x11CB,
    0x11EB, 0x11EC, 0x1A0D, 0x1A2D, 0x224E, 0x226E, 0x226E, 0x224E, 0x1A4D, 0x1A0C, 0x19EC, 0x11CB,
    0x11AA, 0x11AA, 0x11AA, 0x11AA, 0x118A, 0x11AA, 0x11AA, 0x11AA, 0x11AA, 0x11AA, 0x11AA, 0x11AA,
    0x11AA, 0x11AA, 0x11AA, 0x11AA, 0x11AA, 0x11AA, 0x11AA, 0x11AA, 0x11AA, 0x11AA, 0x11AA, 0x11AA,
    0x11AA, 0x11AA, 0x11AA, 0x11AA, 0x11AA, 0x11AA, 0x11AA, 0x11AA, 0x11AB, 0x11CB, 0x11EC, 0x1A0C,
    0x1A2D, 0x1A2D, 0x120C, 0x11CB, 0x098A, 0x0969, 0x0128, 0x0127, 0x0107, 0x0107, 0x0107, 0x0107,
    0x0107, 0x0107, 0x0107, 0x0107, 0x0107, 0x0127, 0x0148, 0x0969, 0x11AA, 0x11CB, 0x11EB, 0x11EB,
    0x11CA, 0x0989, 0x0948, 0x0128, 0x0127, 0x0107, 0x0107, 0x0107, 0x0107, 0x0107, 0x0107, 0x0107,
    0x0107, 0x0107, 0x0107, 0x0107, 0x0107, 0x0107, 0x0107, 0x0107, 0x0107, 0x0107, 0x0107, 0x0107,
    0x0107, 0x0107, 0x0107, 0x0107, 0x0107, 0x0107, 0x0107, 0x0107, 0x0107, 0x0107, 0x0107, 0x0128,
    0x0148, 0x0969, 0x11AA, 0x11EB, 0x1A0C, 0x19EC, 0x11CB, 0x098A, 0x0969, 0x0148, 0x0127, 0x0107,
    0x0107, 0x0107, 0x0107, 0x0107, 0x0107, 0x0107, 0x0107, 0x0107, 0x0127, 0x0148, 0x0969, 0x118A,
    0x11CA, 0x19EB, 0x11EB, 0x11AA, 0x0989, 0x0968, 0x0128, 0x0127, 0x0107, 0x0107, 0x0107, 0x0107,
    0x0107, 0x0107, 0x0127, 0x0128, 0x0969, 0x09AA, 0x11CB, 0x1A0C, 0x1A0C, 0x1A0C, 0x11EC, 0x11CB,
    0x11CB, 0x11AA, 0x11AA, 0x11AA, 0x11AA, 0x11AA, 0x11AA, 0x11AA, 0x11AA, 0x11AA, 0x11AA, 0x11AA,
    0x0107, 0x0107, 0x0107, 0x0107, 0x0107, 0x0107, 0x0107, 0x0107, 0x0107, 0x0107, 0x0128, 0x0148,
    0x0969, 0x11AA, 0x11EB, 0x19EC, 0x19EB, 0x11CB, 0x098A, 0x0969, 0x0148, 0x0127, 0x0107, 0x0107,
    0x0107, 0x0107, 0x0107, 0x0107, 0x0107, 0x0107, 0x0107, 0x0127, 0x0148, 0x0969, 0x11AA, 0x11EB,
    0x1A0C, 0x19EC, 0x11CB, 0x118A, 0x0969, 0x0128, 0x0107, 0x0107, 0x0107, 0x0107, 0x0107, 0x0107,
    0x0107, 0x0107, 0x0127, 0x0128, 0x0969, 0x09AA, 0x11EB, 0x1A0C, 0x1A2D, 0x1A2D, 0x1A2D, 0x1A0C,
    0x11EC, 0x11EC, 0x11EC, 0x11EC, 0x11EC, 0x11EC, 0x11EC, 0x11EC, 0x11EC, 0x11EC, 0x11EC, 0x11EC,
    0x1A0C, 0x1A0C, 0x1A2D, 0x1A4E, 0x226E, 0x226E, 0x226E, 0x226E, 0x1A4D, 0x1A2D, 0x1A0C, 0x19EC,
    0x19EB, 0x11CB, 0x11CB, 0x11CB, 0x11CB, 0x11CB, 0x11CB, 0x11CB, 0x11CB, 0x11CB, 0x11CB, 0x11EB,
    0x11EB, 0x11EC, 0x19EC, 0x19EC, 0x11EC, 0x19EC, 0x11EB, 0x11EB, 0x11CB, 0x11CB, 0x11CB, 0x11EB,
    0x11EB, 0x11EB, 0x11EB, 0x11EB, 0x11EB, 0x11EB, 0x11EB, 0x19EC, 0x19EC, 0x1A0C, 0x1A2D, 0x1A2D,
    0x1A4D, 0x1A2D, 0x120C, 0x11CB, 0x0989, 0x0148, 0x0128, 0x0107, 0x0107, 0x0107, 0x0107, 0x0107,
    0x0107, 0x0107, 0x0107, 0x0107, 0x0107, 0x0128, 0x0948, 0x0989, 0x11CA, 0x11EB, 0x11EB, 0x11CB,
    0x11AA, 0x0969, 0x0148, 0x0127, 0x0107, 0x0107, 0x0107, 0x0107, 0x0107, 0x0107, 0x0107, 0x0107,
    0x0107, 0x0107, 0x0107, 0x0107, 0x0107, 0x0107, 0x0107, 0x0107, 0x0107, 0x0107, 0x0107, 0x0107,
    0x0107, 0x0107, 0x0107, 0x0107, 0x0107, 0x0107, 0x0107, 0x0107, 0x0107, 0x0107, 0x0127, 0x0128,
    0x0969, 0x098A, 0x11CB, 0x19EC, 0x1A0C, 0x11EB, 0x11AA, 0x0969, 0x0148, 0x0127, 0x0107, 0x0107,
    0x0107, 0x0107, 0x0107, 0x0107, 0x0107, 0x0107, 0x0107, 0x0107, 0x0127, 0x0948, 0x0989, 0x11AA,
    0x11CB, 0x19EB, 0x11CB, 0x11AA, 0x0969, 0x0148, 0x0127, 0x0107, 0x0107, 0x0107, 0x0107, 0x0107,
    0x0107, 0x0107, 0x0107, 0x0127, 0x0948, 0x0989, 0x11CB, 0x1A0C, 0x1A2D, 0x1A2D, 0x1A2D, 0x1A0C,
    0x11EC, 0x11EC, 0x11EB, 0x11CB, 0x11CB, 0x11CB, 0x11CB, 0x11CB, 0x11CB, 0x11CB, 0x11CB, 0x11EB,
    0x0107, 0x0107, 0x0107, 0x0107, 0x0107, 0x0107, 0x0107, 0x0107, 0x0107, 0x0127, 0x0148, 0x0969,
    0x09AA, 0x11CB, 0x19EC, 0x19EC, 0x11CB, 0x11AA, 0x0969, 0x0148, 0x0127, 0x0127, 0x0107, 0x0107,
    0x0107, 0x0107, 0x0107, 0x0107, 0x0107, 0x0107, 0x0127, 0x0148, 0x0969, 0x098A, 0x11CB, 0x19EC,
    0x1A0C, 0x11EB, 0x11AA, 0x0969, 0x0148, 0x0127, 0x0107, 0x0107, 0x0107, 0x0107, 0x0107, 0x0107,
    0x0107, 0x0107, 0x0127, 0x0128, 0x0949, 0x098A, 0x11CB, 0x1A0C, 0x1A2D, 0x1A4D, 0x1A2D, 0x1A2D,
    0x1A0C, 0x1A0C, 0x1A0C, 0x1A0C, 0x1A0C, 0x1A0C, 0x1A0C, 0x1A0C, 0x1A0C, 0x1A0C, 0x1A0C, 0x1A0C,
    0x1A0C, 0x1A2D, 0x1A2D, 0x1A2D, 0x1A4E, 0x1A4E, 0x1A4E, 0x1A4D, 0x1A2D, 0x1A2D, 0x1A0C, 0x1A0C,
    0x19EC, 0x19EB, 0x19EB, 0x19EB, 0x19EB, 0x19EB, 0x19EB, 0x19EB, 0x19EB, 0x19EB, 0x19EC, 0x1A0C,
    0x1A0C, 0x1A2D, 0x1A2D, 0x1A2D, 0x1A2D, 0x1A2D, 0x1A0C, 0x1A0C, 0x19EC, 0x19EC, 0x19EC, 0x19EC,
    0x19EC, 0x19EC, 0x1A0C, 0x1A0C, 0x1A0C, 0x1A0C, 0x1A0C, 0x1A0C, 0x1A0C, 0x1A2C, 0x1A2D, 0x1A4D,
    0x1A4D, 0x1A2D, 0x120C, 0x09CB, 0x0989, 0x0148, 0x0128, 0x0107, 0x0107, 0x0107, 0x0107, 0x0107,
    0x0107, 0x0107, 0x0107, 0x0107, 0x0127, 0x0148, 0x0969, 0x11AA, 0x11CB, 0x19EB, 0x11EB, 0x11AA,
    0x0989, 0x0948, 0x0128, 0x0107, 0x0107, 0x0107, 0x0107, 0x0107, 0x0107, 0x0107, 0x0107, 0x0107,
    0x0107, 0x0107, 0x0107, 0x0107, 0x0107, 0x0107, 0x0107, 0x0107, 0x0107, 0x0107, 0x0107, 0x0107,
    0x0107, 0x0107, 0x0107, 0x0107, 0x0107, 0x0107, 0x0107, 0x0107, 0x0107, 0x0107, 0x0128, 0x0148,
    0x0989, 0x11CA, 0x11EB, 0x1A0C, 0x19EB, 0x11CB, 0x098A, 0x0948, 0x0128, 0x0127, 0x0107, 0x0107,
    0x0107, 0x0107, 0x0107, 0x0107, 0x0107, 0x0107, 0x0107, 0x0127, 0x0148, 0x0969, 0x11AA, 0x11CB,
    0x19EB, 0x11CB, 0x11AA, 0x0989, 0x0948, 0x0127, 0x0107, 0x0107, 0x0107, 0x0107, 0x0107, 0x0107,
    0x0107, 0x0107, 0x0107, 0x0127, 0x0148, 0x0989, 0x11CB, 0x1A0C, 0x1A2D, 0x1A4D, 0x1A4D, 0x1A2D,
    0x1A0C, 0x1A0C, 0x19EC, 0x19EC, 0x19EC, 0x19EC, 0x19EC, 0x19EC, 0x19EC, 0x19EC, 0x19EC, 0x11EC,
    0x0107, 0x0107, 0x0107, 0x0107, 0x0107, 0x0107, 0x0107, 0x0107, 0x0107, 0x0128, 0x0948, 0x0989,
    0x11CA, 0x11EB, 0x19EC, 0x19EB, 0x11AA, 0x0989, 0x0948, 0x0128, 0x0127, 0x0107, 0x0107, 0x0107,
    0x0107, 0x0107, 0x0107, 0x0107, 0x0107, 0x0127, 0x0128, 0x0948, 0x0989, 0x11CA, 0x11EB, 0x1A0C,
    0x19EC, 0x11CB, 0x098A, 0x0948, 0x0128, 0x0107, 0x0107, 0x0107, 0x0106, 0x0107, 0x0107, 0x0107,
    0x0107, 0x0107, 0x0127, 0x0128, 0x0949, 0x098A, 0x11CB, 0x1A0C, 0x1A2D, 0x1A2D, 0x1A2D, 0x1A0C,
    0x1A0C, 0x11EC, 0x11EC, 0x11EC, 0x11EC, 0x11EC, 0x11EC, 0x11EC, 0x11EC, 0x11EC, 0x11EC, 0x11EC,
    0x11EC, 0x120C, 0x1A0C, 0x1A0C, 0x1A0C, 0x1A0C, 0x1A0C, 0x1A0C, 0x1A0C, 0x19EC, 0x19EB, 0x11EB,
    0x11EB, 0x11EB, 0x11EB, 0x11CB, 0x11CB, 0x11CB, 0x11CB, 0x11CB, 0x11CB, 0x19EB, 0x19EB, 0x1A0C,
    0x1A2D, 0x1A4D, 0x224E, 0x224E, 0x224E, 0x224D, 0x1A2D, 0x1A0C, 0x19EC, 0x19EB, 0x11EB, 0x11EB,
    0x11EB, 0x11EB, 0x11EB, 0x11EB, 0x11EB, 0x11EC, 0x11EB, 0x19EC, 0x19EC, 0x1A0C, 0x1A2D, 0x1A2D,
    0x1A4D, 0x1A2D, 0x120C, 0x11CB, 0x098A, 0x0148, 0x0128, 0x0127, 0x0107, 0x0107, 0x0107, 0x0107,
    0x0107, 0x0107, 0x0107, 0x0127, 0x0128, 0x0969, 0x118A, 0x11CB, 0x19EB, 0x19EB, 0x11CB, 0x118A,
    0x0969, 0x0128, 0x0127, 0x0107, 0x0107, 0x0107, 0x0107, 0x0107, 0x0107, 0x0107, 0x0107, 0x0107,
    0x0107, 0x0107, 0x0107, 0x0107, 0x0107, 0x0107, 0x0107, 0x0107, 0x0107, 0x0107, 0x0107, 0x0107,
    0x0107, 0x0107, 0x0107, 0x0107, 0x0107, 0x0107, 0x0107, 0x0107, 0x0107, 0x0127, 0x0148, 0x0969,
    0x11AA, 0x11CB, 0x19EC, 0x19EC, 0x11EB, 0x11AA, 0x0969, 0x0148, 0x0127, 0x0107, 0x0107, 0x0107,
    0x0107, 0x0107, 0x0107, 0x0107, 0x0107, 0x0107, 0x0107, 0x0128, 0x0948, 0x0989, 0x11CA, 0x11EB,
    0x19EB, 0x11CB, 0x118A, 0x0969, 0x0128, 0x0127, 0x0107, 0x0107, 0x0107, 0x0107, 0x0107, 0x0107,
    0x0107, 0x0107, 0x0107, 0x0127, 0x0148, 0x0989, 0x11CB, 0x1A0C, 0x1A2D, 0x1A4D, 0x1A2D, 0x1A0D,
    0x1A0C, 0x11EC, 0x11EB, 0x11EB, 0x11EB, 0x11EB, 0x11EB, 0x11EB, 0x11EB, 0x11EB, 0x11EB, 0x11EB,
    0x0107, 0x0107, 0x0107, 0x0107, 0x0107, 0x0107, 0x0107, 0x0107, 0x0127, 0x0148, 0x0969, 0x11AA,
    0x11CB, 0x19EC, 0x19EC, 0x11CB, 0x118A, 0x0969, 0x0128, 0x0127, 0x0107, 0x0107, 0x0107, 0x0107,
    0x0107, 0x0107, 0x0107, 0x0127, 0x0127, 0x0127, 0x0148, 0x0969, 0x11AA, 0x11EB, 0x1A0C, 0x1A0C,
    0x11CB, 0x11AA, 0x0969, 0x0128, 0x0127, 0x0107, 0x0107, 0x0107, 0x0106, 0x0107, 0x0107, 0x0107,
    0x0107, 0x0107, 0x0127, 0x0148, 0x0969, 0x11AA, 0x11CB, 0x1A0C, 0x1A0C, 0x1A0C, 0x11EC, 0x11CB,
    0x11CB, 0x11AB, 0x11AB, 0x11CB, 0x11CB, 0x11CB, 0x11CB, 0x11CB, 0x11CB, 0x11CB, 0x11CB, 0x11CB,
    0x11CB, 0x11CB, 0x11CB, 0x11CB, 0x11CB, 0x11CB, 0x11CB, 0x11CB, 0x11AB, 0x11AA, 0x11AA, 0x11AA,
    0x11AA, 0x11AA, 0x11AA, 0x11AA, 0x11AA, 0x11AA, 0x11AA, 0x11AA, 0x11AA, 0x11AA, 0x11CB, 0x19EC,
    0x1A0C, 0x1A2D, 0x224D, 0x224E, 0x224D, 0x224D, 0x1A2D, 0x1A0C, 0x11EB, 0x11CB, 0x11AA, 0x11AA,
    0x11AA, 0x11AA, 0x11AA, 0x11AA, 0x11AA, 0x11AA, 0x11AA, 0x11AA, 0x11CB, 0x11CB, 0x11EB, 0x1A0C,
    0x1A0D, 0x1A2C, 0x120C, 0x11CB, 0x098A, 0x0169, 0x0128, 0x0127, 0x0107, 0x0107, 0x0107, 0x0107,
    0x0107, 0x0107, 0x0107, 0x0127, 0x0948, 0x0989, 0x11AA, 0x11EB, 0x19EB, 0x11CB, 0x11AA, 0x0969,
    0x0148, 0x0127, 0x0107, 0x0107, 0x0107, 0x0107, 0x0107, 0x0107, 0x0107, 0x0107, 0x0107, 0x0107,
    0x0107, 0x0107, 0x0107, 0x0107, 0x0107, 0x0107, 0x0107, 0x0107, 0x0107, 0x0107, 0x0107, 0x0107,
    0x0107, 0x0107, 0x0107, 0x0107, 0x0107, 0x0107, 0x0107, 0x0107, 0x0107, 0x0128, 0x0948, 0x0989,
    0x11CB, 0x19EB, 0x19EC, 0x19EB, 0x11CA, 0x0989, 0x0948, 0x0128, 0x0127, 0x0107, 0x0107, 0x0107,
    0x0107, 0x0107, 0x0107, 0x0107, 0x0107, 0x0107, 0x0127, 0x0948, 0x0969, 0x11AA, 0x11EB, 0x19EB,
    0x11CB, 0x11AA, 0x0969, 0x0948, 0x0127, 0x0107, 0x0107, 0x0107, 0x0107, 0x0107, 0x0107, 0x0107,
    0x0107, 0x0107, 0x0107, 0x0128, 0x0968, 0x098A, 0x11CB, 0x1A0C, 0x1A2D, 0x1A2D, 0x1A0C, 0x11EC,
    0x11CB, 0x11AB, 0x11AA, 0x11AA, 0x11AA, 0x11AA, 0x11AB, 0x11AB, 0x11AB, 0x11AA, 0x11AA, 0x11AA,
    0x0107, 0x0107, 0x0107, 0x0107, 0x0107, 0x0107, 0x0107, 0x0127, 0x0128, 0x0948, 0x098A, 0x11CB,
    0x19EB, 0x19EC, 0x11EB, 0x11AA, 0x0969, 0x0148, 0x0127, 0x0107, 0x0107, 0x0107, 0x0107, 0x0107,
    0x0107, 0x0107, 0x0107, 0x0127, 0x0127, 0x0148, 0x0969, 0x098A, 0x11CB, 0x19EC, 0x1A0C, 0x11EB,
    0x11CB, 0x0989, 0x0948, 0x0127, 0x0107, 0x0107, 0x0107, 0x0107, 0x0106, 0x0107, 0x0107, 0x0107,
    0x0107, 0x0107, 0x0127, 0x0948, 0x0989, 0x11AA, 0x11EB, 0x1A0C, 0x19EC, 0x11CB, 0x11AB, 0x098A,
    0x098A, 0x0969, 0x0969, 0x0989, 0x0989, 0x0969, 0x0969, 0x0969, 0x0969, 0x0969, 0x0969, 0x0969,
    0x0989, 0x0989, 0x0989, 0x0969, 0x0989, 0x0969, 0x0969, 0x0969, 0x0969, 0x0969, 0x0969, 0x0969,
    0x0969, 0x0969, 0x0969, 0x0969, 0x0969, 0x0969, 0x0969, 0x0969, 0x0969, 0x098A, 0x11AA, 0x11CB,
    0x1A0C, 0x1A2C, 0x1A2D, 0x1A2D, 0x1A2D, 0x1A2D, 0x1A0C, 0x19EB, 0x11AB, 0x118A, 0x0989, 0x0969,
    0x0969, 0x0969, 0x0969, 0x0969, 0x0969, 0x0969, 0x0969, 0x0969, 0x0989, 0x098A, 0x09AA, 0x11CB,
    0x11EC, 0x1A0C, 0x120C, 0x11EB, 0x09AA, 0x0969, 0x0148, 0x0128, 0x0107, 0x0107, 0x0107, 0x0107,
    0x0107, 0x0107, 0x0127, 0x0148, 0x0969, 0x11AA, 0x11CB, 0x19EB, 0x19EB, 0x11CB, 0x098A, 0x0969,
    0x0128, 0x0127, 0x0107, 0x0107, 0x0107, 0x0107, 0x0107, 0x0107, 0x0107, 0x0107, 0x0107, 0x0107,
    0x0107, 0x0107, 0x0107, 0x0107, 0x0107, 0x0107, 0x0107, 0x0107, 0x0107, 0x0107, 0x0107, 0x0107,
    0x0107, 0x0107, 0x0107, 0x0107, 0x0107, 0x0107, 0x0107, 0x0107, 0x0128, 0x0148, 0x0969, 0x11AA,
    0x11EB, 0x19EC, 0x19EB, 0x11CB, 0x098A, 0x0969, 0x0128, 0x0127, 0x0107, 0x0107, 0x0107, 0x0107,
    0x0107, 0x0107, 0x0107, 0x0107, 0x0107, 0x0127, 0x0128, 0x0969, 0x118A, 0x11CB, 0x19EB, 0x19EB,
    0x11CB, 0x098A, 0x0949, 0x0128, 0x0107, 0x0107, 0x0107, 0x0107, 0x0107, 0x0107, 0x0107, 0x0107,
    0x0107, 0x0107, 0x0127, 0x0148, 0x0969, 0x11AA, 0x11EB, 0x1A0C, 0x1A0C, 0x11EC, 0x11CB, 0x09AA,
    0x098A, 0x0969, 0x0969, 0x0969, 0x0969, 0x0969, 0x0969, 0x0969, 0x0969, 0x0969, 0x0969, 0x0969,
    0x0107, 0x0107, 0x0107, 0x0107, 0x0107, 0x0107, 0x0107, 0x0127, 0x0148, 0x0969, 0x11AA, 0x11EB,
    0x19EC, 0x19EB, 0x11CB, 0x098A, 0x0948, 0x0128, 0x0107, 0x0107, 0x0107, 0x0107, 0x0107, 0x0107,
    0x0107, 0x0107, 0x0107, 0x0127, 0x0128, 0x0148, 0x0969, 0x11AA, 0x11EB, 0x1A0C, 0x1A0C, 0x11CB,
    0x098A, 0x0969, 0x0128, 0x0107, 0x0107, 0x0107, 0x0107, 0x0107, 0x0107, 0x0107, 0x0107, 0x0107,
    0x0107, 0x0127, 0x0128, 0x0969, 0x098A, 0x11CB, 0x19EB, 0x11EC, 0x11CB, 0x11AA, 0x0989, 0x0949,
    0x0148, 0x0148, 0x0148, 0x0148, 0x0148, 0x0148, 0x0148, 0x0148, 0x0148, 0x0148, 0x0148, 0x0148,
    0x0148, 0x0148, 0x0148, 0x0148, 0x0148, 0x0148, 0x0148, 0x0148, 0x0148, 0x0148, 0x0148, 0x0148,
    0x0148, 0x0128, 0x0128, 0x0128, 0x0128, 0x0128, 0x0128, 0x0148, 0x0948, 0x0969, 0x118A, 0x11CB,
    0x19EB, 0x19EC, 0x19EC, 0x1A0C, 0x1A0C, 0x1A0C, 0x19EC, 0x11CB, 0x11AA, 0x0969, 0x0948, 0x0148,
    0x0128, 0x0128, 0x0128, 0x0128, 0x0128, 0x0148, 0x0148, 0x0148, 0x0148, 0x0948, 0x0969, 0x098A,
    0x11CB, 0x11EB, 0x11EC, 0x11EB, 0x11CB, 0x098A, 0x0149, 0x0128, 0x0127, 0x0107, 0x0107, 0x0107,
    0x0107, 0x0127, 0x0128, 0x0948, 0x0989, 0x11CB, 0x19EB, 0x19EC, 0x11CB, 0x11AA, 0x0969, 0x0148,
    0x0127, 0x0107, 0x0107, 0x0107, 0x0107, 0x0107, 0x0107, 0x0107, 0x0107, 0x0107, 0x0107, 0x0107,
    0x0107, 0x0107, 0x0107, 0x0107, 0x0107, 0x0107, 0x0107, 0x0107, 0x0107, 0x0107, 0x0107, 0x0107,
    0x0107, 0x0107, 0x0107, 0x0107, 0x0107, 0x0107, 0x0107, 0x0127, 0x0128, 0x0969, 0x098A, 0x11CB,
    0x19EB, 0x19EC, 0x11CB, 0x11AA, 0x0969, 0x0148, 0x0127, 0x0107, 0x0107, 0x0107, 0x0107, 0x0107,
    0x0107, 0x0107, 0x0107, 0x0107, 0x0107, 0x0128, 0x0949, 0x0989, 0x11CB, 0x11EB, 0x19EC, 0x11CB,
    0x11AA, 0x0969, 0x0148, 0x0127, 0x0107, 0x0107, 0x0107, 0x0107, 0x0107, 0x0107, 0x0107, 0x0107,
    0x0107, 0x0107, 0x0128, 0x0948, 0x0989, 0x11CA, 0x11EB, 0x19EC, 0x11EB, 0x11CB, 0x098A, 0x0969,
    0x0148, 0x0148, 0x0148, 0x0148, 0x0148, 0x0148, 0x0148, 0x0148, 0x0148, 0x0148, 0x0148, 0x0128,
    0x0107, 0x0107, 0x0107, 0x0107, 0x0107, 0x0107, 0x0127, 0x0128, 0x0969, 0x098A, 0x11CB, 0x19EB,
    0x19EB, 0x11CB, 0x11AA, 0x0969, 0x0148, 0x0127, 0x0107, 0x0107, 0x0107, 0x0107, 0x0107, 0x0107,
    0x0107, 0x0107, 0x0107, 0x0127, 0x0148, 0x0969, 0x098A, 0x11CB, 0x19EC, 0x1A0C, 0x11EB, 0x11AA,
    0x0969, 0x0148, 0x0127, 0x0107, 0x0107, 0x0107, 0x0107, 0x0107, 0x0107, 0x0107, 0x0107, 0x0107,
    0x0107, 0x0127, 0x0948, 0x0989, 0x11AA, 0x11CB, 0x19EB, 0x11CB, 0x11AA, 0x0989, 0x0948, 0x0128,
    0x0127, 0x0127, 0x0127, 0x0127, 0x0127, 0x0127, 0x0127, 0x0127, 0x0127, 0x0127, 0x0127, 0x0127,
    0x0127, 0x0127, 0x0127, 0x0127, 0x0127, 0x0127, 0x0127, 0x0127, 0x0127, 0x0127, 0x0127, 0x0127,
    0x0127, 0x0127, 0x0127, 0x0127, 0x0127, 0x0127, 0x0127, 0x0128, 0x0948, 0x0969, 0x11AA, 0x11CB,
    0x11CB, 0x11CB, 0x11CB, 0x11CB, 0x11CB, 0x19EB, 0x19EB, 0x11CB, 0x11AA, 0x0969, 0x0948, 0x0128,
    0x0107, 0x0107, 0x0107, 0x0107, 0x0107, 0x0127, 0x0127, 0x0127, 0x0127, 0x0127, 0x0148, 0x0969,
    0x098A, 0x11CB, 0x11EB, 0x11EB, 0x11CB, 0x11AA, 0x0969, 0x0148, 0x0128, 0x0107, 0x0107, 0x0107,
    0x0107, 0x0127, 0x0148, 0x0969, 0x11AA, 0x11EB, 0x19EC, 0x19EB, 0x11CB, 0x0989, 0x0948, 0x0128,
    0x0107, 0x0107, 0x0107, 0x0107, 0x0107, 0x0107, 0x0107, 0x0107, 0x0107, 0x0107, 0x0107, 0x0107,
    0x0107, 0x0107, 0x0107, 0x0107, 0x0107, 0x0107, 0x0107, 0x0107, 0x0107, 0x0107, 0x0107, 0x0107,
    0x0107, 0x0107, 0x0107, 0x0107, 0x0107, 0x0107, 0x0107, 0x0128, 0x0948, 0x0989, 0x11AA, 0x11EB,
    0x19EC, 0x19EB, 0x11CA, 0x0989, 0x0948, 0x0128, 0x0107, 0x0107, 0x0107, 0x0107, 0x0107, 0x0107,
    0x0107, 0x0107, 0x0107, 0x0107, 0x0128, 0x0148, 0x0969, 0x11AA, 0x11EB, 0x19EC, 0x11EB, 0x11CB,
    0x098A, 0x0949, 0x0128, 0x0107, 0x0107, 0x0107, 0x0107, 0x0107, 0x0107, 0x0106, 0x0107, 0x0107,
    0x0107, 0x0127, 0x0148, 0x0969, 0x11AA, 0x11CB, 0x19EB, 0x11EB, 0x11CB, 0x098A, 0x0969, 0x0148,
    0x0128, 0x0127, 0x0127, 0x0127, 0x0127, 0x0127, 0x0127, 0x0127, 0x0127, 0x0127, 0x0127, 0x0107,
    0x0107, 0x0107, 0x0107, 0x0107, 0x0107, 0x0107, 0x0128, 0x0948, 0x0989, 0x11AA, 0x11EB, 0x19EC,
    0x19EB, 0x11AA, 0x0989, 0x0948, 0x0127, 0x0107, 0x0107, 0x0107, 0x0107, 0x0107, 0x0107, 0x0107,
    0x0107, 0x0107, 0x0127, 0x0128, 0x0948, 0x0989, 0x11CB, 0x19EC, 0x1A0C, 0x19EC, 0x11CB, 0x098A,
    0x0949, 0x0128, 0x0107, 0x0107, 0x0107, 0x0107, 0x0107, 0x0107, 0x0107, 0x0107, 0x0107, 0x0107,
    0x0127, 0x0128, 0x0969, 0x11AA, 0x11CB, 0x19EB, 0x11EB, 0x11CB, 0x098A, 0x0969, 0x0128, 0x0127,
    0x0107, 0x0107, 0x0107, 0x0107, 0x0107, 0x0107, 0x0107, 0x0107, 0x0107, 0x0107, 0x0107, 0x0107,
    0x0107, 0x0107, 0x0107, 0x0107, 0x0107, 0x0107, 0x0107, 0x0107, 0x0107, 0x0107, 0x0107, 0x0107,
    0x0107, 0x0107, 0x0107, 0x0107, 0x0107, 0x0107, 0x0127, 0x0128, 0x0948, 0x0989, 0x11AA, 0x11CB,
    0x11CB, 0x11AA, 0x118A, 0x118A, 0x11AA, 0x11AA, 0x11CB, 0x11CB, 0x11AA, 0x0989, 0x0948, 0x0127,
    0x0107, 0x0107, 0x0107, 0x0107, 0x0107, 0x0107, 0x0107, 0x0107, 0x0107, 0x0107, 0x0127, 0x0148,
    0x0969, 0x11AA, 0x11CB, 0x11EB, 0x11EB, 0x11CB, 0x098A, 0x0948, 0x0128, 0x0107, 0x0107, 0x0107,
    0x0127, 0x0128, 0x0969, 0x118A, 0x11CB, 0x19EB, 0x19EC, 0x11CB, 0x11AA, 0x0969, 0x0148, 0x0127,
    0x0107, 0x0107, 0x0107, 0x0107, 0x0107, 0x0107, 0x0107, 0x0107, 0x0107, 0x0107, 0x0107, 0x0107,
    0x0107, 0x0107, 0x0107, 0x0107, 0x0107, 0x0107, 0x0107, 0x0107, 0x0107, 0x0107, 0x0107, 0x0107,
    0x0107, 0x0107, 0x0107, 0x0107, 0x0107, 0x0107, 0x0127, 0x0128, 0x0969, 0x118A, 0x11CB, 0x19EB,
    0x19EB, 0x11CB, 0x11AA, 0x0969, 0x0148, 0x0127, 0x0107, 0x0107, 0x0107, 0x0107, 0x0107, 0x0107,
    0x0107, 0x0107, 0x0107, 0x0128, 0x0128, 0x0969, 0x09AA, 0x11CB, 0x19EC, 0x19EC, 0x11EB, 0x11AA,
    0x0969, 0x0148, 0x0127, 0x0107, 0x0107, 0x0107, 0x0107, 0x0107, 0x0107, 0x0106, 0x0107, 0x0107,
    0x0107, 0x0128, 0x0948, 0x0989, 0x11CB, 0x11EB, 0x19EB, 0x11CB, 0x118A, 0x0969, 0x0128, 0x0127,
    0x0107, 0x0107, 0x0107, 0x0107, 0x0107, 0x0107, 0x0107, 0x0107, 0x0107, 0x0107, 0x0107, 0x0107,
    0x0107, 0x0107, 0x0107, 0x0107, 0x0107, 0x0127, 0x0148, 0x0969, 0x118A, 0x11CB, 0x19EB, 0x19EB,
    0x11CB, 0x118A, 0x0969, 0x0128, 0x0127, 0x0107, 0x0107, 0x0107, 0x0107, 0x0107, 0x0107, 0x0107,
    0x0107, 0x0107, 0x0127, 0x0148, 0x0969, 0x11AA, 0x11CB, 0x1A0C, 0x1A0C, 0x11EB, 0x11AA, 0x0969,
    0x0148, 0x0127, 0x0107, 0x0107, 0x0107, 0x0107, 0x0107, 0x0107, 0x0107, 0x0107, 0x0107, 0x0107,
    0x0127, 0x0948, 0x0989, 0x11AA, 0x11EB, 0x19EB, 0x11CB, 0x11AA, 0x0969, 0x0148, 0x0127, 0x0107,
    0x0107, 0x0107, 0x0107, 0x0107, 0x0107, 0x0107, 0x0107, 0x0107, 0x0107, 0x0107, 0x0107, 0x0107,
    0x0107, 0x0107, 0x0107, 0x0107, 0x0107, 0x0107, 0x0107, 0x0107, 0x0107, 0x0107, 0x0107, 0x0107,
    0x0107, 0x0107, 0x0107, 0x0107, 0x0107, 0x0127, 0x0127, 0x0948, 0x0969, 0x11AA, 0x11CA, 0x11CB,
    0x11AA, 0x118A, 0x0969, 0x0969, 0x0969, 0x1189, 0x11AA, 0x11CA, 0x11AA, 0x118A, 0x0969, 0x0928,
    0x0107, 0x0107, 0x0107, 0x0107, 0x0107, 0x0107, 0x0107, 0x0107, 0x0107, 0x0107, 0x0107, 0x0127,
    0x0948, 0x0969, 0x11AA, 0x11CB, 0x11EB, 0x11CB, 0x11AA, 0x0969, 0x0148, 0x0128, 0x0107, 0x0107,
    0x0128, 0x0948, 0x0989, 0x11CA, 0x11EB, 0x19EC, 0x19EB, 0x11AA, 0x0989, 0x0948, 0x0127, 0x0107,
    0x0107, 0x0107, 0x0107, 0x0107, 0x0107, 0x0107, 0x0107, 0x0107, 0x0107, 0x0107, 0x0107, 0x0107,
    0x0107, 0x0107, 0x0107, 0x0107, 0x0107, 0x0107, 0x0107, 0x0107, 0x0107, 0x0107, 0x0107, 0x0107,
    0x0107, 0x0107, 0x0107, 0x0107, 0x0107, 0x0107, 0x0128, 0x0948, 0x0989, 0x11AA, 0x11EB, 0x19EB,
    0x11EB, 0x11AA, 0x0969, 0x0148, 0x0127, 0x0107, 0x0107, 0x0107, 0x0107, 0x0107, 0x0107, 0x0107,
    0x0107, 0x0107, 0x0127, 0x0128, 0x0949, 0x098A, 0x11CB, 0x19EC, 0x1A0C, 0x19EC, 0x11CB, 0x098A,
    0x0949, 0x0128, 0x0107, 0x0107, 0x0107, 0x0107, 0x0107, 0x0107, 0x0107, 0x0106, 0x0107, 0x0107,
    0x0127, 0x0148, 0x0969, 0x11AA, 0x11CB, 0x19EB, 0x11CB, 0x11AA, 0x0969, 0x0948, 0x0128, 0x0107,
    0x0107, 0x0107, 0x0107, 0x0107, 0x0107, 0x0107, 0x0107, 0x0107, 0x0107, 0x0107, 0x0107, 0x0107,
    0x0107, 0x0107, 0x0107, 0x0107, 0x0107, 0x0128, 0x0948, 0x0989, 0x11AA, 0x19EB, 0x19EB, 0x11CB,
    0x11AA, 0x0969, 0x0148, 0x0127, 0x0107, 0x0107, 0x0107, 0x0107, 0x0107, 0x0107, 0x0107, 0x0107,
    0x0107, 0x0107, 0x0128, 0x0949, 0x098A, 0x11CB, 0x19EC, 0x1A0C, 0x19EC, 0x11CB, 0x098A, 0x0948,
    0x0128, 0x0107, 0x0107, 0x0107, 0x0107, 0x0107, 0x0107, 0x0107, 0x0107, 0x0107, 0x0107, 0x0127,
    0x0148, 0x0969, 0x11AA, 0x11CB, 0x19EB, 0x11CB, 0x11AA, 0x0989, 0x0948, 0x0127, 0x0107, 0x0107,
    0x0107, 0x0107, 0x0107, 0x0107, 0x0107, 0x0107, 0x0107, 0x0107, 0x0107, 0x0107, 0x0107, 0x0107,
    0x0107, 0x0107, 0x0107, 0x0107, 0x0107, 0x0107, 0x0107, 0x0107, 0x0107, 0x0107, 0x0107, 0x0107,
    0x0107, 0x0107, 0x0107, 0x0107, 0x0107, 0x0127, 0x0148, 0x0969, 0x118A, 0x11CA, 0x11CB, 0x11CB,
    0x11AA, 0x0969, 0x0948, 0x0948, 0x0948, 0x0969, 0x11AA, 0x11CA, 0x11CA, 0x11AA, 0x1189, 0x0948,
    0x0128, 0x0107, 0x0107, 0x0107, 0x0106, 0x0106, 0x0106, 0x0106, 0x0106, 0x0107, 0x0107, 0x0107,
    0x0128, 0x0948, 0x0989, 0x11CA, 0x11EB, 0x11EB, 0x11CA, 0x0989, 0x0969, 0x0128, 0x0127, 0x0128,
    0x0148, 0x0969, 0x11AA, 0x11CB, 0x19EC, 0x19EC, 0x11CB, 0x098A, 0x0969, 0x0128, 0x0127, 0x0107,
    0x0107, 0x0107, 0x0107, 0x0107, 0x0107, 0x0107, 0x0107, 0x0107, 0x0107, 0x0107, 0x0107, 0x0107,
    0x0107, 0x0107, 0x0107, 0x0107, 0x0107, 0x0107, 0x0107, 0x0107, 0x0107, 0x0107, 0x0107, 0x0107,
    0x0107, 0x0107, 0x0107, 0x0107, 0x0107, 0x0127, 0x0148, 0x0969, 0x11AA, 0x11CB, 0x19EB, 0x19EB,
    0x11CA, 0x0989, 0x0968, 0x0128, 0x0127, 0x0107, 0x0107, 0x0107, 0x0107, 0x0107, 0x0107, 0x0107,
    0x0107, 0x0127, 0x0128, 0x0148, 0x0969, 0x11AA, 0x11EB, 0x1A0C, 0x1A0C, 0x11EB, 0x11AA, 0x0969,
    0x0148, 0x0127, 0x0107, 0x0107, 0x0107, 0x0107, 0x0107, 0x0107, 0x0107, 0x0107, 0x0107, 0x0107,
    0x0128, 0x0969, 0x118A, 0x11CB, 0x19EB, 0x11EB, 0x11CA, 0x0989, 0x0948, 0x0128, 0x0107, 0x0107,
    0x0107, 0x0107, 0x0107, 0x0107, 0x0107, 0x0107, 0x0107, 0x0107, 0x0107, 0x0107, 0x0107, 0x0107,
    0x0107, 0x0107, 0x0107, 0x0107, 0x0127, 0x0148, 0x0969, 0x11AA, 0x11CB, 0x19EB, 0x19EB, 0x11CB,
    0x098A, 0x0948, 0x0128, 0x0107, 0x0107, 0x0107, 0x0107, 0x0107, 0x0107, 0x0107, 0x0107, 0x0107,
    0x0107, 0x0127, 0x0148, 0x0969, 0x11AA, 0x11EB, 0x1A0C, 0x1A0C, 0x11EB, 0x11AA, 0x0969, 0x0148,
    0x0127, 0x0107, 0x0107, 0x0107, 0x0107, 0x0107, 0x0107, 0x0107, 0x0107, 0x0107, 0x0107, 0x0128,
    0x0948, 0x0989, 0x11CA, 0x11EB, 0x19EB, 0x11CB, 0x118A, 0x0969, 0x0128, 0x0127, 0x0107, 0x0107,
    0x0107, 0x0107, 0x0107, 0x0107, 0x0107, 0x0107, 0x0107, 0x0107, 0x0107, 0x0107, 0x0107, 0x0107,
    0x0107, 0x0107, 0x0107, 0x0107, 0x0107, 0x0107, 0x0107, 0x0107, 0x0107, 0x0107, 0x0107, 0x0107,
    0x0107, 0x0107, 0x0107, 0x0107, 0x0127, 0x0128, 0x0948, 0x0989, 0x11AA, 0x11CB, 0x11EB, 0x11CA,
    0x1189, 0x0948, 0x0128, 0x0127, 0x0127, 0x0948, 0x0989, 0x11AA, 0x11CA, 0x11CA, 0x11AA, 0x0969,
    0x0948, 0x0127, 0x0107, 0x0107, 0x0107, 0x0107, 0x0106, 0x0106, 0x0106, 0x0106, 0x0107, 0x0107,
    0x0127, 0x0948, 0x0969, 0x11AA, 0x11CB, 0x11EB, 0x11CB, 0x11AA, 0x0969, 0x0948, 0x0128, 0x0128,
    0x0949, 0x098A, 0x11CB, 0x19EB, 0x1A0C, 0x11EB, 0x11AA, 0x0969, 0x0148, 0x0127, 0x0107, 0x0107,
    0x0107, 0x0107, 0x0107, 0x0107, 0x0107, 0x0107, 0x0107, 0x0107, 0x0107, 0x0107, 0x0107, 0x0107,
    0x0107, 0x0107, 0x0107, 0x0107, 0x0107, 0x0107, 0x0107, 0x0107, 0x0107, 0x0107, 0x0107, 0x0107,
    0x0107, 0x0107, 0x0107, 0x0107, 0x0107, 0x0128, 0x0948, 0x0989, 0x11CA, 0x11EB, 0x19EB, 0x11CB,
    0x11AA, 0x0969, 0x0148, 0x0127, 0x0107, 0x0107, 0x0107, 0x0107, 0x0107, 0x0107, 0x0107, 0x0107,
    0x0107, 0x0127, 0x0148, 0x0969, 0x098A, 0x11CB, 0x1A0C, 0x1A0C, 0x11EC, 0x11CB, 0x098A, 0x0148,
    0x0128, 0x0107, 0x0107, 0x0107, 0x0107, 0x0107, 0x0107, 0x0107, 0x0107, 0x0107, 0x0107, 0x0128,
    0x0948, 0x0989, 0x11AA, 0x11CB, 0x19EB, 0x11CB, 0x11AA, 0x0969, 0x0148, 0x0127, 0x0107, 0x0107,
    0x0107, 0x0107, 0x0107, 0x0107, 0x0107, 0x0107, 0x0107, 0x0107, 0x0107, 0x0107, 0x0107, 0x0107,
    0x0107, 0x0107, 0x0107, 0x0127, 0x0128, 0x0949, 0x098A, 0x11CB, 0x19EB, 0x19EB, 0x11CB, 0x11AA,
    0x0969, 0x0148, 0x0127, 0x0107, 0x0107, 0x0107, 0x0107, 0x0107, 0x0107, 0x0107, 0x0107, 0x0107,
    0x0107, 0x0128, 0x0969, 0x098A, 0x11CB, 0x19EC, 0x1A0C, 0x19EC, 0x11CB, 0x0989, 0x0148, 0x0128,
    0x0107, 0x0107, 0x0107, 0x0107, 0x0107, 0x0107, 0x0107, 0x0107, 0x0107, 0x0107, 0x0127, 0x0948,
    0x0969, 0x11AA, 0x11CB, 0x19EB, 0x11CB, 0x11AA, 0x0969, 0x0148, 0x0127, 0x0107, 0x0107, 0x0107,
    0x0107, 0x0107, 0x0107, 0x0107, 0x0107, 0x0107, 0x0107, 0x0107, 0x0107, 0x0107, 0x0107, 0x0107,
    0x0107, 0x0107, 0x0107, 0x0107, 0x0107, 0x0107, 0x0107, 0x0107, 0x0107, 0x0107, 0x0107, 0x0107,
    0x0107, 0x0107, 0x0107, 0x0107, 0x0127, 0x0148, 0x0969, 0x11AA, 0x11CB, 0x11EB, 0x11CB, 0x11AA,
    0x0969, 0x0948, 0x0127, 0x0107, 0x0127, 0x0148, 0x0969, 0x118A, 0x11AA, 0x11CB, 0x11AA, 0x1189,
    0x0969, 0x0128, 0x0107, 0x0107, 0x0107, 0x0107, 0x0107, 0x0107, 0x0106, 0x0106, 0x0106, 0x0107,
    0x0107, 0x0127, 0x0948, 0x0989, 0x11AA, 0x11CB, 0x11CB, 0x11CB, 0x118A, 0x0969, 0x0949, 0x0949,
    0x0969, 0x11AA, 0x11EB, 0x19EC, 0x19EB, 0x11CB, 0x098A, 0x0969, 0x0128, 0x0127, 0x0107, 0x0107,
    0x0107, 0x0107, 0x0107, 0x0107, 0x0107, 0x0107, 0x0107, 0x0107, 0x0107, 0x0107, 0x0107, 0x0107,
    0x0107, 0x0107, 0x0107, 0x0107, 0x0107, 0x0107, 0x0107, 0x0107, 0x0107, 0x0107, 0x0107, 0x0107,
    0x0107, 0x0107, 0x0107, 0x0107, 0x0127, 0x0948, 0x0969, 0x11AA, 0x11CB, 0x19EB, 0x11EB, 0x11AA,
    0x0989, 0x0948, 0x0127, 0x0107, 0x0107, 0x0107, 0x0107, 0x0107, 0x0107, 0x0107, 0x0107, 0x0107,
    0x0127, 0x0128, 0x0148, 0x0989, 0x11AB, 0x11EC, 0x1A0C, 0x1A0C, 0x11EB, 0x09AA, 0x0969, 0x0148,
    0x0127, 0x0107, 0x0107, 0x0107, 0x0107, 0x0107, 0x0107, 0x0107, 0x0107, 0x0107, 0x0127, 0x0148,
    0x0969, 0x11AA, 0x11CB, 0x19EB, 0x11CB, 0x11AA, 0x0989, 0x0948, 0x0127, 0x0107, 0x0107, 0x0107,
    0x0107, 0x0107, 0x0107, 0x0107, 0x0107, 0x0107, 0x0107, 0x0107, 0x0107, 0x0107, 0x0107, 0x0107,
    0x0107, 0x0107, 0x0107, 0x0128, 0x0948, 0x0969, 0x11AA, 0x11CB, 0x19EB, 0x11EB, 0x11AA, 0x0969,
    0x0948, 0x0127, 0x0107, 0x0107, 0x0107, 0x0107, 0x0107, 0x0106, 0x0106, 0x0107, 0x0107, 0x0107,
    0x0127, 0x0948, 0x0969, 0x11AA, 0x11EB, 0x1A0C, 0x19EC, 0x11CB, 0x098A, 0x0969, 0x0148, 0x0127,
    0x0107, 0x0107, 0x0107, 0x0107, 0x0107, 0x0107, 0x0107, 0x0107, 0x0107, 0x0127, 0x0148, 0x0969,
    0x11AA, 0x11CB, 0x11EB, 0x11EB, 0x11CB, 0x0989, 0x0949, 0x0128, 0x0107, 0x0107, 0x0107, 0x0107,
    0x0107, 0x0107, 0x0107, 0x0107, 0x0107, 0x0107, 0x0107, 0x0107, 0x0107, 0x0107, 0x0107, 0x0107,
    0x0107, 0x0107, 0x0107, 0x0107, 0x0107, 0x0107, 0x0107, 0x0107, 0x0107, 0x0107, 0x0107, 0x0107,
    0x0107, 0x0107, 0x0107, 0x0127, 0x0148, 0x0969, 0x09AA, 0x11CB, 0x11EB, 0x11EB, 0x11CB, 0x118A,
    0x0948, 0x0128, 0x0107, 0x0107, 0x0107, 0x0127, 0x0948, 0x0989, 0x11AA, 0x11CB, 0x11CB, 0x11AA,
    0x0989, 0x0948, 0x0127, 0x0107, 0x0107, 0x0107, 0x0107, 0x0107, 0x0107, 0x0106, 0x0106, 0x0107,
    0x0107, 0x0107, 0x0128, 0x0969, 0x118A, 0x11CB, 0x11CB, 0x11CB, 0x11AA, 0x098A, 0x0969, 0x098A,
    0x11AA, 0x11CB, 0x19EC, 0x19EC, 0x11EB, 0x11AA, 0x0969, 0x0148, 0x0127, 0x0107, 0x0107, 0x0107,
    0x0107, 0x0107, 0x0107, 0x0107, 0x0107, 0x0107, 0x0107, 0x0107, 0x0107, 0x0107, 0x0107, 0x0107,
    0x0107, 0x0107, 0x0107, 0x0107, 0x0107, 0x0107, 0x0107, 0x0107, 0x0107, 0x0107, 0x0107, 0x0107,
    0x0107, 0x0107, 0x0107, 0x0107, 0x0128, 0x0948, 0x098A, 0x11CB, 0x19EB, 0x19EB, 0x11CB, 0x11AA,
    0x0969, 0x0128, 0x0127, 0x0107, 0x0107, 0x0107, 0x0107, 0x0107, 0x0107, 0x0107, 0x0107, 0x0107,
    0x0127, 0x0148, 0x0969, 0x09AA, 0x11CB, 0x1A0C, 0x1A0C, 0x11EC, 0x11CB, 0x0989, 0x0148, 0x0128,
    0x0107, 0x0107, 0x0107, 0x0107, 0x0107, 0x0107, 0x0107, 0x0107, 0x0107, 0x0127, 0x0128, 0x0949,
    0x098A, 0x11CB, 0x19EB, 0x19EB, 0x11CB, 0x118A, 0x0968, 0x0128, 0x0107, 0x0107, 0x0107, 0x0107,
    0x0107, 0x0107, 0x00E7, 0x00E7, 0x0107, 0x0107, 0x0107, 0x0107, 0x0107, 0x0107, 0x0107, 0x0107,
    0x0107, 0x0107, 0x0127, 0x0148, 0x0969, 0x118A, 0x11CB, 0x19EB, 0x19EB, 0x11CB, 0x118A, 0x0949,
    0x0128, 0x0107, 0x0107, 0x0107, 0x0107, 0x0107, 0x0106, 0x0106, 0x0106, 0x0107, 0x0107, 0x0107,
    0x0128, 0x0969, 0x118A, 0x11CB, 0x19EC, 0x1A0C, 0x11EB, 0x11AA, 0x0969, 0x0148, 0x0128, 0x0107,
    0x0107, 0x0107, 0x0107, 0x0107, 0x0107, 0x0107, 0x0107, 0x0107, 0x0127, 0x0128, 0x0948, 0x0989,
    0x11CB, 0x11EB, 0x19EB, 0x11CB, 0x11AA, 0x0969, 0x0148, 0x0127, 0x0107, 0x0107, 0x0107, 0x0107,
    0x0107, 0x0107, 0x0107, 0x0107, 0x0107, 0x0107, 0x0107, 0x0107, 0x0107, 0x0107, 0x0107, 0x0107,
    0x0107, 0x0107, 0x0107, 0x0107, 0x0107, 0x0107, 0x0107, 0x0107, 0x0107, 0x0107, 0x0107, 0x0107,
    0x0107, 0x0107, 0x0127, 0x0128, 0x0969, 0x098A, 0x11CB, 0x11EB, 0x19EC, 0x11EB, 0x11AA, 0x0989,
    0x0948, 0x0127, 0x0107, 0x0107, 0x0107, 0x0127, 0x0128, 0x0969, 0x118A, 0x11CA, 0x11CB, 0x11CB,
    0x11AA, 0x0969, 0x0948, 0x0127, 0x0107, 0x0107, 0x0107, 0x0107, 0x0107, 0x0107, 0x0106, 0x0107,
    0x0107, 0x0107, 0x0127, 0x0948, 0x0969, 0x11AA, 0x11CB, 0x11CB, 0x11CB, 0x11AB, 0x11AA, 0x11AA,
    0x11CB, 0x19EC, 0x19EC, 0x19EB, 0x11CB, 0x0989, 0x0948, 0x0128, 0x0107, 0x0107, 0x0107, 0x0107,
    0x0107, 0x0107, 0x0107, 0x0107, 0x0107, 0x0107, 0x0107, 0x0107, 0x0107, 0x0107, 0x0107, 0x0107,
    0x0107, 0x0107, 0x0107, 0x0107, 0x0107, 0x0107, 0x0107, 0x0107, 0x0107, 0x0107, 0x0107, 0x0107,
    0x0107, 0x0107, 0x0107, 0x0127, 0x0948, 0x0969, 0x11AA, 0x11EB, 0x19EB, 0x11EB, 0x11AA, 0x0989,
    0x0148, 0x0127, 0x0107, 0x0107, 0x0107, 0x0107, 0x0107, 0x0107, 0x0107, 0x0107, 0x0107, 0x0127,
    0x0128, 0x0148, 0x0989, 0x11CB, 0x11EC, 0x1A0C, 0x1A0C, 0x11CB, 0x098A, 0x0969, 0x0128, 0x0107,
    0x0107, 0x0107, 0x0107, 0x0107, 0x0107, 0x0107, 0x0107, 0x0107, 0x0107, 0x0128, 0x0948, 0x0989,
    0x11AA, 0x11EB, 0x19EB, 0x11CB, 0x11AA, 0x0969, 0x0948, 0x0127, 0x0107, 0x0107, 0x0107, 0x0107,
    0x0107, 0x0107, 0x0107, 0x0107, 0x0107, 0x0107, 0x0107, 0x0107, 0x0107, 0x0107, 0x0107, 0x0107,
    0x0107, 0x0127, 0x0128, 0x0948, 0x0989, 0x11AA, 0x11EB, 0x19EB, 0x11CB, 0x11AA, 0x0969, 0x0148,
    0x0127, 0x0107, 0x0107, 0x0107, 0x0107, 0x0106, 0x0106, 0x0106, 0x0106, 0x0107, 0x0107, 0x0127,
    0x0948, 0x0969, 0x11AA, 0x19EB, 0x1A0C, 0x19EC, 0x11CB, 0x098A, 0x0949, 0x0128, 0x0127, 0x0107,
    0x0107, 0x0107, 0x0107, 0x0107, 0x0107, 0x0107, 0x0107, 0x0107, 0x0127, 0x0148, 0x0969, 0x11AA,
    0x11EB, 0x19EC, 0x19EC, 0x11CB, 0x098A, 0x0969, 0x0128, 0x0127, 0x0107, 0x0107, 0x0107, 0x0107,
    0x0107, 0x0107, 0x0107, 0x0107, 0x0107, 0x0107, 0x0107, 0x0107, 0x0127, 0x0127, 0x0127, 0x0107,
    0x0107, 0x0107, 0x0127, 0x0127, 0x0127, 0x0127, 0x0127, 0x0127, 0x0127, 0x0127, 0x0127, 0x0127,
    0x0127, 0x0128, 0x0128, 0x0148, 0x0989, 0x11AA, 0x11EB, 0x1A0C, 0x1A0C, 0x11CB, 0x11AA, 0x0969,
    0x0148, 0x0127, 0x0107, 0x0107, 0x0107, 0x0127, 0x0128, 0x0949, 0x098A, 0x11CA, 0x11CB, 0x11CB,
    0x11CA, 0x098A, 0x0968, 0x0128, 0x0107, 0x0107, 0x0107, 0x0107, 0x0107, 0x0107, 0x0107, 0x0107,
    0x0107, 0x0107, 0x0107, 0x0128, 0x0948, 0x0989, 0x11AA, 0x11CB, 0x11EB, 0x11CB, 0x11CB, 0x11EB,
    0x19EC, 0x19EC, 0x19EC, 0x11CB, 0x11AA, 0x0969, 0x0148, 0x0127, 0x0107, 0x0107, 0x0107, 0x0107,
    0x0107, 0x0107, 0x0107, 0x0107, 0x0107, 0x0107, 0x0107, 0x0107, 0x0107, 0x0107, 0x0107, 0x0107,
    0x0107, 0x0107, 0x0107, 0x0107, 0x0107, 0x0107, 0x0107, 0x0107, 0x0107, 0x0107, 0x0107, 0x0107,
    0x0107, 0x0107, 0x0127, 0x0128, 0x0969, 0x11AA, 0x11CB, 0x19EB, 0x19EB, 0x11CB, 0x098A, 0x0968,
    0x0128, 0x0107, 0x0107, 0x0106, 0x0107, 0x0107, 0x0107, 0x0107, 0x0107, 0x0107, 0x0107, 0x0127,
    0x0148, 0x0969, 0x09AA, 0x11EB, 0x1A0C, 0x1A0C, 0x11EB, 0x11AA, 0x0969, 0x0148, 0x0127, 0x0107,
    0x0107, 0x0107, 0x0107, 0x0107, 0x0107, 0x0107, 0x0107, 0x0107, 0x0127, 0x0148, 0x0969, 0x11AA,
    0x11CB, 0x19EC, 0x19EC, 0x11CB, 0x11AA, 0x0969, 0x0128, 0x0127, 0x0107, 0x0107, 0x0107, 0x0107,
    0x0107, 0x0107, 0x0107, 0x0107, 0x0107, 0x0107, 0x0107, 0x0107, 0x0107, 0x0107, 0x0107, 0x0107,
    0x0107, 0x0128, 0x0148, 0x0969, 0x11AA, 0x11CB, 0x19EB, 0x19EB, 0x11AA, 0x0989, 0x0948, 0x0128,
    0x0107, 0x0107, 0x0107, 0x0106, 0x0106, 0x0106, 0x0106, 0x0107, 0x0107, 0x0107, 0x0107, 0x0128,
    0x0969, 0x118A, 0x11CB, 0x19EC, 0x19EC, 0x11CB, 0x11AA, 0x0969, 0x0148, 0x0127, 0x0107, 0x0107,
    0x0107, 0x0107, 0x0107, 0x0107, 0x0107, 0x0107, 0x0107, 0x0127, 0x0148, 0x0969, 0x09AA, 0x11CB,
    0x1A0C, 0x1A0C, 0x1A0C, 0x11CB, 0x098A, 0x0969, 0x0148, 0x0128, 0x0128, 0x0128, 0x0128, 0x0128,
    0x0128, 0x0128, 0x0128, 0x0128, 0x0128, 0x0128, 0x0128, 0x0128, 0x0128, 0x0128, 0x0128, 0x0128,
    0x0128, 0x0128, 0x0128, 0x0128, 0x0128, 0x0128, 0x0128, 0x0128, 0x0128, 0x0128, 0x0128, 0x0128,
    0x0148, 0x0148, 0x0949, 0x0969, 0x11AA, 0x11EB, 0x1A0C, 0x1A0C, 0x1A0C, 0x11CB, 0x09AA, 0x0969,
    0x0148, 0x0128, 0x0128, 0x0128, 0x0128, 0x0128, 0x0148, 0x0969, 0x098A, 0x11CA, 0x11EB, 0x19EC,
    0x11EB, 0x11AA, 0x0989, 0x0948, 0x0127, 0x0107, 0x0107, 0x0107, 0x0107, 0x0107, 0x0107, 0x0107,
    0x0107, 0x0107, 0x0107, 0x0127, 0x0948, 0x0969, 0x11AA, 0x11CB, 0x19EC, 0x19EC, 0x1A0C, 0x1A0C,
    0x1A0C, 0x1A0C, 0x11EB, 0x11AA, 0x0989, 0x0948, 0x0128, 0x0107, 0x0107, 0x0107, 0x0107, 0x0107,
    0x0107, 0x0107, 0x0107, 0x0107, 0x0107, 0x0107, 0x0107, 0x0107, 0x0107, 0x0107, 0x0107, 0x0107,
    0x0107, 0x0107, 0x0107, 0x0107, 0x0107, 0x0107, 0x0107, 0x0107, 0x0107, 0x0107, 0x0107, 0x0107,
    0x0107, 0x0127, 0x0128, 0x0948, 0x0989, 0x11AA, 0x19EB, 0x19EB, 0x11CB, 0x11AA, 0x0969, 0x0148,
    0x0127, 0x0107, 0x0106, 0x0106, 0x0107, 0x0107, 0x0107, 0x0107, 0x0107, 0x0107, 0x0107, 0x0128,
    0x0948, 0x0989, 0x11CB, 0x11EC, 0x1A0C, 0x19EC, 0x11CB, 0x098A, 0x0948, 0x0128, 0x0127, 0x0107,
    0x0107, 0x0107, 0x0107, 0x0107, 0x0107, 0x0107, 0x0107, 0x0107, 0x0128, 0x0969, 0x098A, 0x11CB,
    0x1A0C, 0x1A0C, 0x1A0C, 0x11CB, 0x118A, 0x0969, 0x0148, 0x0128, 0x0128, 0x0128, 0x0128, 0x0128,
    0x0128, 0x0128, 0x0128, 0x0128, 0x0128, 0x0128, 0x0128, 0x0128, 0x0128, 0x0128, 0x0128, 0x0128,
    0x0127, 0x0148, 0x0969, 0x098A, 0x11CB, 0x19EB, 0x19EB, 0x11CB, 0x11AA, 0x0969, 0x0128, 0x0107,
    0x0107, 0x0107, 0x0106, 0x0106, 0x0106, 0x0107, 0x0107, 0x0107, 0x0107, 0x0107, 0x0127, 0x0948,
    0x0989, 0x11AA, 0x19EB, 0x19EC, 0x19EB, 0x11AB, 0x0989, 0x0148, 0x0128, 0x0107, 0x0107, 0x0107,
    0x0107, 0x0107, 0x0107, 0x0107, 0x0107, 0x0107, 0x0107, 0x0127, 0x0948, 0x098A, 0x11CB, 0x1A0C,
    0x1A2D, 0x1A2D, 0x1A0C, 0x11EB, 0x11AA, 0x098A, 0x0969, 0x0969, 0x0969, 0x0968, 0x0968, 0x0969,
    0x0969, 0x0969, 0x0969, 0x0969, 0x0969, 0x0969, 0x0969, 0x0969, 0x0969, 0x0969, 0x0969, 0x0969,
    0x0969, 0x0969, 0x0969, 0x0969, 0x0969, 0x0969, 0x0969, 0x0969, 0x0969, 0x0969, 0x0969, 0x0969,
    0x0969, 0x0969, 0x098A, 0x11AA, 0x11EB, 0x1A0C, 0x1A2D, 0x1A2D, 0x1A0C, 0x11EB, 0x11AA, 0x098A,
    0x0969, 0x0969, 0x0969, 0x0969, 0x0969, 0x0969, 0x0969, 0x0969, 0x11AA, 0x11CB, 0x19EC, 0x1A0C,
    0x1A0C, 0x11CB, 0x11AA, 0x0969, 0x0128, 0x0107, 0x0107, 0x0107, 0x0107, 0x0107, 0x0107, 0x0107,
    0x0107, 0x0107, 0x0107, 0x0107, 0x0127, 0x0948, 0x0989, 0x11AA, 0x19EB, 0x1A0C, 0x1A2D, 0x1A2D,
    0x1A2D, 0x1A0C, 0x11CB, 0x098A, 0x0969, 0x0128, 0x0127, 0x0107, 0x0107, 0x0107, 0x0107, 0x0107,
    0x0107, 0x0107, 0x0107, 0x0107, 0x0107, 0x0107, 0x0107, 0x0107, 0x0107, 0x0107, 0x0107, 0x0107,
    0x0107, 0x0107, 0x0107, 0x0107, 0x0107, 0x0107, 0x0107, 0x0107, 0x0107, 0x0107, 0x0107, 0x0107,
    0x0107, 0x0127, 0x0148, 0x0969, 0x11AA, 0x11CB, 0x19EB, 0x19EB, 0x11CB, 0x0989, 0x0948, 0x0127,
    0x0107, 0x0107, 0x0106, 0x0106, 0x0107, 0x0107, 0x0107, 0x0107, 0x0107, 0x0107, 0x0127, 0x0148,
    0x0969, 0x11AA, 0x11EB, 0x1A0C, 0x1A0C, 0x11EB, 0x11AA, 0x0969, 0x0148, 0x0127, 0x0107, 0x0107,
    0x0107, 0x0107, 0x0107, 0x0107, 0x0107, 0x0107, 0x0107, 0x0128, 0x0148, 0x098A, 0x11CB, 0x1A0C,
    0x1A2D, 0x1A2D, 0x1A0C, 0x11EB, 0x11AA, 0x098A, 0x0969, 0x0949, 0x0949, 0x0949, 0x0969, 0x0969,
    0x0969, 0x0969, 0x0969, 0x0949, 0x0949, 0x0969, 0x0969, 0x0969, 0x0969, 0x0969, 0x0969, 0x0969,
    0x0128, 0x0948, 0x0989, 0x11AA, 0x11EB, 0x19EB, 0x11EB, 0x11AA, 0x0969, 0x0948, 0x0127, 0x0107,
    0x0107, 0x0106, 0x0106, 0x0106, 0x0106, 0x0107, 0x0107, 0x0107, 0x0107, 0x0127, 0x0148, 0x0969,
    0x11AA, 0x11CB, 0x1A0C, 0x19EC, 0x11CB, 0x098A, 0x0969, 0x0128, 0x0127, 0x0107, 0x0107, 0x0107,
    0x0107, 0x0107, 0x0107, 0x0107, 0x0107, 0x0107, 0x0127, 0x0148, 0x0969, 0x11AA, 0x11EC, 0x1A2D,
    0x1A4E, 0x1A4E, 0x1A2D, 0x120C, 0x11CB, 0x11AA, 0x11AA, 0x11AA, 0x118A, 0x118A, 0x118A, 0x118A,
    0x118A, 0x098A, 0x098A, 0x098A, 0x098A, 0x098A, 0x098A, 0x098A, 0x09AA, 0x09AA, 0x09AA, 0x098A,
    0x098A, 0x098A, 0x11AA, 0x11AA, 0x11AA, 0x09AA, 0x11AA, 0x11AA, 0x11AA, 0x11AA, 0x11AA, 0x11AA,
    0x11AA, 0x11AA, 0x11CB, 0x11EC, 0x1A0C, 0x1A2D, 0x1A4D, 0x1A4D, 0x1A2D, 0x11EC, 0x11CB, 0x11AA,
    0x11AA, 0x11AA, 0x118A, 0x118A, 0x098A, 0x118A, 0x11AA, 0x11AA, 0x11CB, 0x11EB, 0x1A0C, 0x1A2C,
    0x1A0C, 0x19EB, 0x11AA, 0x0969, 0x0948, 0x0127, 0x0107, 0x0107, 0x0107, 0x0107, 0x0107, 0x0107,
    0x0107, 0x0107, 0x0107, 0x0107, 0x0127, 0x0128, 0x0969, 0x118A, 0x11CB, 0x1A0C, 0x1A2D, 0x222D,
    0x1A2D, 0x19EC, 0x11AA, 0x0969, 0x0148, 0x0127, 0x0107, 0x0107, 0x0107, 0x0107, 0x0107, 0x0107,
    0x0107, 0x0107, 0x0107, 0x0107, 0x0107, 0x0107, 0x0107, 0x0107, 0x0107, 0x0107, 0x0107, 0x0107,
    0x0107, 0x0107, 0x0107, 0x0107, 0x0107, 0x0107, 0x0107, 0x0107, 0x0107, 0x0107, 0x0107, 0x0107,
    0x0127, 0x0128, 0x0969, 0x098A, 0x11CB, 0x19EB, 0x19EC, 0x11CB, 0x11AA, 0x0969, 0x0148, 0x0127,
    0x0107, 0x0106, 0x0106, 0x0107, 0x0107, 0x0107, 0x0107, 0x0107, 0x0107, 0x0107, 0x0128, 0x0968,
    0x098A, 0x11CB, 0x19EC, 0x1A0C, 0x19EC, 0x11CB, 0x0989, 0x0948, 0x0128, 0x0107, 0x0107, 0x0107,
    0x0107, 0x0107, 0x0107, 0x0107, 0x0107, 0x0107, 0x0127, 0x0148, 0x0969, 0x11AA, 0x11EC, 0x1A2D,
    0x224E, 0x224E, 0x1A2D, 0x1A0C, 0x11CB, 0x11AA, 0x11AA, 0x118A, 0x118A, 0x118A, 0x118A, 0x118A,
    0x118A, 0x118A, 0x118A, 0x118A, 0x098A, 0x098A, 0x118A, 0x118A, 0x098A, 0x098A, 0x098A, 0x098A,
    0x0148, 0x0969, 0x11AA, 0x11CB, 0x19EB, 0x19EB, 0x11CB, 0x098A, 0x0968, 0x0128, 0x0107, 0x0107,
    0x0106, 0x0106, 0x0106, 0x0107, 0x0107, 0x0107, 0x0107, 0x0107, 0x0107, 0x0128, 0x0948, 0x118A,
    0x11CB, 0x19EC, 0x1A0C, 0x19EC, 0x11CB, 0x0989, 0x0948, 0x0128, 0x0107, 0x0107, 0x0107, 0x0107,
    0x0107, 0x0107, 0x0107, 0x0107, 0x0107, 0x0127, 0x0128, 0x0968, 0x098A, 0x11EB, 0x1A2D, 0x226E,
    0x226E, 0x226E, 0x1A4D, 0x1A2D, 0x19EC, 0x11EB, 0x11CB, 0x11CB, 0x11CB, 0x11CB, 0x11CB, 0x11CB,
    0x11CB, 0x11CB, 0x11CB, 0x11CB, 0x11CB, 0x11CB, 0x11CB, 0x11CB, 0x11CB, 0x11CB, 0x11CB, 0x11CB,
    0x11CB, 0x11CB, 0x11CB, 0x11CB, 0x11CB, 0x11CB, 0x11CB, 0x11CB, 0x11CB, 0x11CB, 0x11CB, 0x11CB,
    0x11CB, 0x11EB, 0x11EC, 0x1A0C, 0x1A2D, 0x1A4D, 0x1A4D, 0x1A4D, 0x1A2D, 0x1A0C, 0x11EC, 0x11EB,
    0x11CB, 0x11CB, 0x11CB, 0x11CB, 0x11CB, 0x11CB, 0x11CB, 0x11CB, 0x11EB, 0x19EC, 0x1A0C, 0x1A2D,
    0x1A0C, 0x19EC, 0x11CA, 0x0989, 0x0948, 0x0127, 0x0107, 0x0107, 0x0107, 0x0107, 0x0107, 0x0107,
    0x0107, 0x0107, 0x0107, 0x0107, 0x0107, 0x0127, 0x0948, 0x0989, 0x11AB, 0x19EC, 0x1A2D, 0x1A2D,
    0x1A0C, 0x11EB, 0x11AA, 0x0969, 0x0148, 0x0127, 0x0107, 0x0107, 0x0107, 0x0107, 0x0107, 0x0107,
    0x0107, 0x0107, 0x0107, 0x0107, 0x0107, 0x0107, 0x0107, 0x0107, 0x0107, 0x0107, 0x0107, 0x0107,
    0x0107, 0x0107, 0x0107, 0x0107, 0x0107, 0x0107, 0x0107, 0x0107, 0x0107, 0x0107, 0x0107, 0x0107,
    0x0128, 0x0148, 0x0989, 0x11AA, 0x11EB, 0x19EC, 0x19EB, 0x11AA, 0x0989, 0x0948, 0x0127, 0x0107,
    0x0107, 0x0106, 0x0106, 0x0107, 0x0107, 0x0107, 0x0107, 0x0107, 0x0107, 0x0127, 0x0148, 0x0969,
    0x11AA, 0x19EB, 0x1A0C, 0x1A0C, 0x19EB, 0x11AA, 0x0969, 0x0148, 0x0127, 0x0107, 0x0107, 0x0107,
    0x0107, 0x0107, 0x0107, 0x0107, 0x0107, 0x0107, 0x0128, 0x0149, 0x098A, 0x11CB, 0x1A2D, 0x226E,
    0x226E, 0x226E, 0x224E, 0x1A2D, 0x1A0C, 0x11EB, 0x11CB, 0x11CB, 0x11CB, 0x11CB, 0x11CB, 0x11CB,
    0x11CB, 0x11CB, 0x11CB, 0x11CB, 0x11CB, 0x11CB, 0x11CB, 0x11CB, 0x11CB, 0x11CB, 0x11CB, 0x11CB,
    0x0969, 0x098A, 0x11CB, 0x11EB, 0x19EB, 0x11CB, 0x11AA, 0x0969, 0x0148, 0x0127, 0x0107, 0x0107,
    0x0106, 0x0106, 0x0107, 0x0107, 0x0107, 0x0107, 0x0107, 0x0107, 0x0127, 0x0148, 0x0969, 0x11AA,
    0x19EC, 0x1A0C, 0x1A2C, 0x19EC, 0x11AA, 0x0969, 0x0148, 0x0127, 0x0107, 0x0107, 0x0107, 0x0107,
    0x0107, 0x0107, 0x0107, 0x0107, 0x0107, 0x0127, 0x0148, 0x0989, 0x11CB, 0x1A0C, 0x1A4D, 0x226E,
    0x228F, 0x226E, 0x1A4D, 0x1A2D, 0x1A0C, 0x11EC, 0x11EB, 0x11EB, 0x11EB, 0x11EB, 0x11EB, 0x11EB,
    0x11EB, 0x11EB, 0x11EB, 0x11EB, 0x11EB, 0x11EB, 0x11EB, 0x11EB, 0x11EB, 0x11EB, 0x11EB, 0x11EB,
    0x11EB, 0x11EB, 0x11EB, 0x11EB, 0x11EB, 0x11EB, 0x11EB, 0x11EC, 0x11EC, 0x11EC, 0x11EC, 0x11EC,
    0x11EC, 0x11EC, 0x1A0C, 0x1A0C, 0x1A2D, 0x1A2D, 0x1A2D, 0x1A2D, 0x1A0C, 0x1A0C, 0x19EC, 0x11EB,
    0x11EB, 0x11EB, 0x11EB, 0x11EB, 0x11EB, 0x11EB, 0x11EB, 0x11EB, 0x11EC, 0x19EC, 0x1A0C, 0x1A0C,
    0x1A0C, 0x11EB, 0x11AA, 0x0989, 0x0948, 0x0127, 0x0107, 0x0107, 0x0107, 0x0107, 0x0107, 0x0107,
    0x0107, 0x0107, 0x0107, 0x0107, 0x0107, 0x0127, 0x0128, 0x0969, 0x118A, 0x11CB, 0x1A0C, 0x1A0C,
    0x1A0C, 0x11CB, 0x098A, 0x0968, 0x0128, 0x0127, 0x0107, 0x0107, 0x0107, 0x0107, 0x0107, 0x0107,
    0x0107, 0x0107, 0x0107, 0x0107, 0x0107, 0x0107, 0x0107, 0x0107, 0x0107, 0x0107, 0x0107, 0x0107,
    0x0107, 0x0107, 0x0107, 0x0107, 0x0107, 0x0107, 0x0107, 0x0107, 0x0107, 0x0107, 0x0107, 0x0127,
    0x0148, 0x0969, 0x11AA, 0x11CB, 0x19EC, 0x19EC, 0x11CB, 0x118A, 0x0969, 0x0128, 0x0107, 0x0107,
    0x0107, 0x0106, 0x0106, 0x0106, 0x0107, 0x0107, 0x0107, 0x0107, 0x0127, 0x0128, 0x0969, 0x098A,
    0x11EB, 0x1A0C, 0x1A2D, 0x1A0C, 0x11EB, 0x11AA, 0x0969, 0x0128, 0x0107, 0x0107, 0x0107, 0x0107,
    0x0107, 0x0107, 0x0107, 0x0107, 0x0107, 0x0127, 0x0148, 0x0969, 0x11AA, 0x1A0C, 0x1A4D, 0x226E,
    0x228F, 0x228F, 0x224E, 0x1A2D, 0x1A0C, 0x19EC, 0x19EB, 0x19EB, 0x19EB, 0x11EB, 0x11EB, 0x11EB,
    0x11EB, 0x11EB, 0x11EB, 0x11EB, 0x11EB, 0x11EB, 0x11EB, 0x11EB, 0x11EB, 0x11EB, 0x11EB, 0x11EB,
    0x11AA, 0x11CA, 0x11EB, 0x19EB, 0x11EB, 0x11CA, 0x0989, 0x0948, 0x0127, 0x0107, 0x0107, 0x0107,
    0x0106, 0x0106, 0x0107, 0x0107, 0x0107, 0x0107, 0x0107, 0x0107, 0x0128, 0x0949, 0x11AA, 0x11CB,
    0x1A0C, 0x1A2D, 0x1A2D, 0x1A0C, 0x11CA, 0x0989, 0x0148, 0x0127, 0x0107, 0x0107, 0x0107, 0x0107,
    0x0107, 0x0107, 0x0107, 0x0107, 0x0127, 0x0128, 0x0969, 0x09AA, 0x11EB, 0x1A2D, 0x226E, 0x228F,
    0x226F, 0x226E, 0x1A2D, 0x1A0C, 0x11EC, 0x11EB, 0x11CB, 0x11CB, 0x11CB, 0x11CB, 0x11CB, 0x11CB,
    0x11CB, 0x11CB, 0x11CB, 0x11CB, 0x11CB, 0x11CB, 0x11CB, 0x11CB, 0x11CB, 0x11CB, 0x11CB, 0x11CB,
    0x11CB, 0x11CB, 0x11CB, 0x11CB, 0x11CB, 0x11CB, 0x11CB, 0x11CB, 0x11CB, 0x11CB, 0x11CB, 0x11CB,
    0x11CB, 0x11CB, 0x11EB, 0x11EB, 0x11EC, 0x11EC, 0x11EC, 0x11EC, 0x11EB, 0x11EB, 0x11CB, 0x11CB,
    0x11CB, 0x11CB, 0x11CB, 0x11CB, 0x11CB, 0x11CB, 0x11CB, 0x11CB, 0x11CB, 0x11CB, 0x11CB, 0x11EB,
    0x11CB, 0x11AA, 0x098A, 0x0969, 0x0948, 0x0127, 0x0107, 0x0107, 0x0107, 0x0107, 0x0107, 0x0107,
    0x0107, 0x0107, 0x0107, 0x0107, 0x0107, 0x0107, 0x0127, 0x0948, 0x0969, 0x11AA, 0x19EB, 0x1A0C,
    0x19EC, 0x11CB, 0x098A, 0x0968, 0x0128, 0x0127, 0x0107, 0x0107, 0x0107, 0x0107, 0x0107, 0x0107,
    0x0107, 0x0107, 0x0107, 0x0107, 0x0107, 0x0107, 0x0107, 0x0107, 0x0107, 0x0107, 0x0107, 0x0107,
    0x0107, 0x0107, 0x0107, 0x0107, 0x0107, 0x0107, 0x0107, 0x0107, 0x0107, 0x0107, 0x0127, 0x0128,
    0x0948, 0x098A, 0x11CB, 0x19EB, 0x19EC, 0x11EB, 0x11AA, 0x0969, 0x0148, 0x0127, 0x0107, 0x0107,
    0x0107, 0x0106, 0x0106, 0x0106, 0x0107, 0x0107, 0x0107, 0x0107, 0x0127, 0x0948, 0x0989, 0x11CA,
    0x1A0C, 0x1A2C, 0x1A2D, 0x1A0C, 0x11EB, 0x118A, 0x0969, 0x0128, 0x0107, 0x0107, 0x0107, 0x0107,
    0x0107, 0x0107, 0x0107, 0x0107, 0x0107, 0x0128, 0x0948, 0x098A, 0x11CB, 0x1A2D, 0x224E, 0x228F,
    0x228F, 0x226E, 0x224E, 0x1A2D, 0x1A0C, 0x19EB, 0x11CB, 0x11CB, 0x11CB, 0x11CB, 0x11CB, 0x11CB,
    0x11CB, 0x11CB, 0x11CB, 0x11CB, 0x11CB, 0x11CB, 0x11CB, 0x11CB, 0x11CB, 0x11CB, 0x11CB, 0x11CB,
    0x11EB, 0x11EB, 0x19EC, 0x19EB, 0x11CB, 0x11AA, 0x0969, 0x0128, 0x0127, 0x0107, 0x0107, 0x0107,
    0x0106, 0x0106, 0x0106, 0x0106, 0x0106, 0x0107, 0x0107, 0x0127, 0x0948, 0x0969, 0x11AA, 0x19EB,
    0x1A2C, 0x222D, 0x1A2D, 0x1A0C, 0x11CB, 0x0989, 0x0948, 0x0128, 0x0107, 0x0107, 0x0107, 0x0107,
    0x0107, 0x0107, 0x0107, 0x0107, 0x0127, 0x0948, 0x0989, 0x11CB, 0x1A0C, 0x1A4D, 0x226E, 0x226E,
    0x226E, 0x1A4D, 0x1A0C, 0x11EC, 0x11CB, 0x11AA, 0x11AA, 0x11AA, 0x11AA, 0x11AA, 0x11AA, 0x11AA,
    0x11AA, 0x11AA, 0x11AA, 0x11AA, 0x09AA, 0x11AA, 0x09AA, 0x09AA, 0x09AA, 0x098A, 0x098A, 0x098A,
    0x098A, 0x09AA, 0x098A, 0x098A, 0x09AA, 0x09AA, 0x11AA, 0x11AA, 0x11AA, 0x11AA, 0x11AA, 0x09AA,
    0x09AA, 0x11AA, 0x11AA, 0x11AA, 0x11AA, 0x11AA, 0x11AA, 0x11AA, 0x11AA, 0x11AA, 0x11AA, 0x11AA,
    0x11AA, 0x11AA, 0x11AA, 0x11AA, 0x11AA, 0x11AA, 0x09AA, 0x09AA, 0x09AA, 0x118A, 0x118A, 0x11AA,
    0x098A, 0x0989, 0x0969, 0x0948, 0x0127, 0x0127, 0x0107, 0x0107, 0x0107, 0x0107, 0x0107, 0x0107,
    0x0107, 0x0107, 0x0107, 0x0107, 0x0107, 0x0107, 0x0107, 0x0128, 0x0968, 0x098A, 0x11CB, 0x19EB,
    0x19EB, 0x11CB, 0x11AA, 0x0969, 0x0148, 0x0127, 0x0107, 0x0107, 0x0107, 0x0107, 0x0107, 0x0107,
    0x0107, 0x0107, 0x0107, 0x0107, 0x0107, 0x0107, 0x0107, 0x0107, 0x0107, 0x0107, 0x0107, 0x0107,
    0x0107, 0x0107, 0x0107, 0x0107, 0x0107, 0x0107, 0x0107, 0x0107, 0x0107, 0x0127, 0x0128, 0x0148,
    0x0969, 0x11AA, 0x11EB, 0x19EC, 0x19EC, 0x11CB, 0x098A, 0x0969, 0x0128, 0x0107, 0x0107, 0x0107,
    0x0107, 0x0107, 0x0107, 0x0107, 0x0107, 0x0107, 0x0107, 0x0127, 0x0128, 0x0969, 0x11AA, 0x11CB,
    0x1A0C, 0x1A2D, 0x222D, 0x1A0C, 0x19EB, 0x11AA, 0x0969, 0x0128, 0x0127, 0x0107, 0x0107, 0x0107,
    0x0107, 0x0107, 0x0107, 0x0107, 0x0127, 0x0148, 0x0969, 0x11AA, 0x11EC, 0x1A2D, 0x224E, 0x226E,
    0x226E, 0x226E, 0x1A2D, 0x1A0C, 0x11EB, 0x11CB, 0x11AA, 0x11AA, 0x11AA, 0x11AA, 0x11AA, 0x118A,
    0x118A, 0x118A, 0x118A, 0x118A, 0x098A, 0x098A, 0x118A, 0x118A, 0x09AA, 0x118A, 0x098A, 0x098A,
    0x1A0C, 0x1A0C, 0x1A0C, 0x11EB, 0x11AA, 0x0989, 0x0948, 0x0127, 0x0107, 0x0107, 0x0107, 0x0107,
    0x0106, 0x0106, 0x0106, 0x0106, 0x0107, 0x0107, 0x0107, 0x0128, 0x0969, 0x118A, 0x11CB, 0x1A0C,
    0x1A2C, 0x1A2D, 0x1A2C, 0x1A0C, 0x11CB, 0x11AA, 0x0969, 0x0128, 0x0127, 0x0107, 0x0107, 0x0107,
    0x0107, 0x0107, 0x0107, 0x0127, 0x0148, 0x0969, 0x11AA, 0x11EB, 0x1A0C, 0x1A4D, 0x224E, 0x224E,
    0x1A4D, 0x1A2D, 0x11EC, 0x11CB, 0x09AA, 0x0989, 0x0969, 0x0969, 0x0969, 0x0969, 0x0969, 0x0969,
    0x0969, 0x0969, 0x0969, 0x0969, 0x0969, 0x0969, 0x0969, 0x0969, 0x0969, 0x0969, 0x0969, 0x0969,
    0x0969, 0x0969, 0x0969, 0x0969, 0x0969, 0x0969, 0x0969, 0x0969, 0x0969, 0x0969, 0x0969, 0x0969,
    0x0969, 0x0969, 0x0969, 0x0969, 0x0969, 0x0969, 0x0969, 0x0969, 0x0969, 0x0969, 0x0969, 0x0969,
    0x0969, 0x0969, 0x0969, 0x0969, 0x0969, 0x0969, 0x0969, 0x0969, 0x0969, 0x0969, 0x0969, 0x0969,
    0x0948, 0x0948, 0x0148, 0x0127, 0x0127, 0x0107, 0x0107, 0x0107, 0x0107, 0x0107, 0x0107, 0x0107,
    0x0107, 0x0107, 0x0107, 0x0107, 0x0107, 0x0107, 0x0107, 0x0127, 0x0148, 0x0969, 0x11AA, 0x11CB,
    0x19EB, 0x11EB, 0x11AA, 0x0989, 0x0948, 0x0127, 0x0127, 0x0107, 0x0107, 0x0107, 0x0107, 0x0107,
    0x0107, 0x0107, 0x0107, 0x0107, 0x0107, 0x0107, 0x0107, 0x0107, 0x0107, 0x0107, 0x0107, 0x0107,
    0x0107, 0x0107, 0x0107, 0x0107, 0x0107, 0x0107, 0x0107, 0x0107, 0x0107, 0x0127, 0x0128, 0x0969,
    0x098A, 0x11CB, 0x19EC, 0x19EC, 0x11CB, 0x11AA, 0x0969, 0x0148, 0x0127, 0x0107, 0x0107, 0x0107,
    0x0107, 0x0107, 0x0107, 0x0107, 0x0107, 0x0107, 0x0107, 0x0127, 0x0948, 0x0989, 0x11AA, 0x19EB,
    0x1A0C, 0x1A2C, 0x1A2C, 0x1A0C, 0x19EB, 0x11AA, 0x0969, 0x0948, 0x0127, 0x0107, 0x0107, 0x0107,
    0x0107, 0x0107, 0x0107, 0x0107, 0x0128, 0x0948, 0x098A, 0x11CB, 0x1A0C, 0x1A2D, 0x1A4D, 0x224E,
    0x224E, 0x1A4D, 0x1A2D, 0x11EC, 0x11CB, 0x098A, 0x0969, 0x0969, 0x0969, 0x0969, 0x0969, 0x0969,
    0x0969, 0x0969, 0x0969, 0x0969, 0x0969, 0x0969, 0x0969, 0x0969, 0x0969, 0x0969, 0x0969, 0x0969,
    0x1A4D, 0x1A2C, 0x1A0C, 0x11CB, 0x098A, 0x0969, 0x0128, 0x0107, 0x0107, 0x0107, 0x0107, 0x0107,
    0x0107, 0x0106, 0x0106, 0x0106, 0x0107, 0x0107, 0x0127, 0x0948, 0x0989, 0x11AA, 0x19EB, 0x19EC,
    0x1A0C, 0x1A0C, 0x1A0C, 0x19EC, 0x11CB, 0x11AA, 0x0989, 0x0948, 0x0127, 0x0107, 0x0107, 0x0107,
    0x0107, 0x0107, 0x0107, 0x0128, 0x0948, 0x0989, 0x11CA, 0x19EC, 0x1A0C, 0x1A2D, 0x1A2D, 0x1A2D,
    0x1A2D, 0x1A0C, 0x11EB, 0x11AA, 0x0989, 0x0969, 0x0148, 0x0148, 0x0128, 0x0128, 0x0128, 0x0128,
    0x0128, 0x0128, 0x0128, 0x0128, 0x0128, 0x0128, 0x0128, 0x0128, 0x0128, 0x0128, 0x0128, 0x0128,
    0x0128, 0x0128, 0x0128, 0x0128, 0x0128, 0x0128, 0x0128, 0x0128, 0x0128, 0x0128, 0x0128, 0x0128,
    0x0128, 0x0128, 0x0128, 0x0128, 0x0128, 0x0128, 0x0128, 0x0128, 0x0128, 0x0128, 0x0128, 0x0128,
    0x0128, 0x0128, 0x0128, 0x0128, 0x0128, 0x0128, 0x0128, 0x0128, 0x0128, 0x0128, 0x0128, 0x0128,
    0x0128, 0x0127, 0x0127, 0x0127, 0x0107, 0x0107, 0x0107, 0x0107, 0x0107, 0x0107, 0x0107, 0x0107,
    0x0107, 0x0107, 0x0107, 0x0107, 0x0107, 0x0107, 0x0107, 0x0107, 0x0128, 0x0948, 0x0989, 0x11AA,
    0x11CB, 0x11EB, 0x11CB, 0x11AA, 0x0969, 0x0148, 0x0127, 0x0107, 0x0107, 0x0107, 0x0107, 0x0107,
    0x0107, 0x0107, 0x0107, 0x0107, 0x0107, 0x0107, 0x0107, 0x0107, 0x0107, 0x0107, 0x0107, 0x0107,
    0x0107, 0x0107, 0x0107, 0x0107, 0x0107, 0x0107, 0x0107, 0x0107, 0x0127, 0x0128, 0x0948, 0x0989,
    0x11CA, 0x11EB, 0x19EC, 0x19EB, 0x11CB, 0x0989, 0x0948, 0x0128, 0x0127, 0x0107, 0x0107, 0x0107,
    0x0107, 0x0107, 0x0107, 0x0107, 0x0107, 0x0107, 0x0127, 0x0148, 0x0969, 0x11AA, 0x11CB, 0x19EB,
    0x1A0C, 0x1A0C, 0x19EC, 0x19EB, 0x19CB, 0x11AA, 0x1189, 0x0968, 0x0128, 0x0127, 0x0107, 0x0107,
    0x0107, 0x0107, 0x0107, 0x0127, 0x0148, 0x0969, 0x11AA, 0x11EB, 0x1A0C, 0x1A0C, 0x1A0D, 0x1A2D,
    0x1A2D, 0x1A2D, 0x1A0C, 0x11EB, 0x11AA, 0x0969, 0x0948, 0x0148, 0x0128, 0x0128, 0x0128, 0x0128,
    0x0128, 0x0128, 0x0128, 0x0128, 0x0128, 0x0128, 0x0128, 0x0128, 0x0128, 0x0128, 0x0128, 0x0128,
    0x224D, 0x1A2C, 0x19EB, 0x11AA, 0x0969, 0x0148, 0x0127, 0x0107, 0x0107, 0x0107, 0x0107, 0x0107,
    0x0107, 0x0107, 0x0106, 0x0107, 0x0107, 0x0127, 0x0948, 0x0969, 0x11AA, 0x11CB, 0x19EB, 0x19EB,
    0x11EB, 0x11CB, 0x11CB, 0x19EB, 0x11CB, 0x11CA, 0x118A, 0x0969, 0x0148, 0x0127, 0x0107, 0x0107,
    0x0107, 0x0107, 0x0127, 0x0148, 0x0969, 0x11AA, 0x11CB, 0x19EC, 0x1A0C, 0x19EC, 0x19EC, 0x11EC,
    0x19EC, 0x11EC, 0x11EB, 0x11AA, 0x0989, 0x0948, 0x0128, 0x0127, 0x0127, 0x0127, 0x0127, 0x0127,
    0x0127, 0x0127, 0x0127, 0x0127, 0x0107, 0x0107, 0x0107, 0x0127, 0x0127, 0x0107, 0x0107, 0x0107,
    0x0107, 0x0107, 0x0107, 0x0107, 0x0107, 0x0107, 0x0107, 0x0107, 0x0107, 0x0107, 0x0107, 0x0107,
    0x0107, 0x0127, 0x0107, 0x0107, 0x0107, 0x0107, 0x0107, 0x0107, 0x0127, 0x0127, 0x0127, 0x0127,
    0x0127, 0x0127, 0x0127, 0x0127, 0x0127, 0x0127, 0x0127, 0x0127, 0x0107, 0x0107, 0x0107, 0x0107,
    0x0107, 0x0107, 0x0107, 0x0107, 0x0107, 0x0107, 0x0107, 0x0107, 0x0107, 0x0107, 0x0107, 0x0107,
    0x0107, 0x0107, 0x0107, 0x0107, 0x0107, 0x0107, 0x0107, 0x0107, 0x0127, 0x0148, 0x0969, 0x11AA,
    0x11CB, 0x11EB, 0x11EB, 0x11CA, 0x0989, 0x0968, 0x0128, 0x0127, 0x0107, 0x0107, 0x0107, 0x0107,
    0x0107, 0x0107, 0x0107, 0x0107, 0x0107, 0x0107, 0x0107, 0x0107, 0x0107, 0x0107, 0x0107, 0x0107,
    0x0107, 0x0107, 0x0107, 0x0107, 0x0107, 0x0107, 0x0107, 0x0107, 0x0127, 0x0148, 0x0969, 0x11AA,
    0x11CB, 0x19EC, 0x19EC, 0x11CB, 0x11AA, 0x0969, 0x0148, 0x0127, 0x0107, 0x0107, 0x0107, 0x0107,
    0x0107, 0x0107, 0x0107, 0x0107, 0x0107, 0x0127, 0x0128, 0x0948, 0x0989, 0x11AA, 0x19EB, 0x19EB,
    0x19EB, 0x11CB, 0x11CB, 0x11CB, 0x11CB, 0x11AA, 0x11AA, 0x0969, 0x0948, 0x0127, 0x0107, 0x0107,
    0x0107, 0x0107, 0x0107, 0x0128, 0x0948, 0x118A, 0x11CB, 0x19EB, 0x19EC, 0x19EC, 0x11EC, 0x11EC,
    0x19EC, 0x1A0C, 0x1A0C, 0x11EB, 0x11AA, 0x0969, 0x0148, 0x0127, 0x0127, 0x0107, 0x0107, 0x0107,
    0x0107, 0x0107, 0x0107, 0x0107, 0x0107, 0x0107, 0x0107, 0x0107, 0x0107, 0x0107, 0x0107, 0x0107,
    0x224D, 0x1A0C, 0x11CB, 0x098A, 0x0948, 0x0128, 0x0107, 0x0107, 0x0107, 0x0107, 0x0107, 0x0107,
    0x0107, 0x0107, 0x0107, 0x0107, 0x0107, 0x0128, 0x0948, 0x1189, 0x11CA, 0x19CB, 0x11CB, 0x11CB,
    0x11AA, 0x11AA, 0x11AA, 0x11CA, 0x11CB, 0x11CB, 0x11AA, 0x0989, 0x0948, 0x0128, 0x0107, 0x0107,
    0x0107, 0x0127, 0x0128, 0x0948, 0x0989, 0x11CA, 0x19EB, 0x19EB, 0x11EB, 0x11CB, 0x11CA, 0x11CB,
    0x11CB, 0x11EB, 0x11EB, 0x11CA, 0x098A, 0x0969, 0x0148, 0x0127, 0x0107, 0x0107, 0x0107, 0x0107,
    0x0107, 0x0107, 0x0107, 0x0107, 0x0107, 0x0107, 0x0107, 0x0107, 0x0107, 0x0107, 0x0107, 0x0107,
    0x0107, 0x0107, 0x0107, 0x0107, 0x0107, 0x0107, 0x0107, 0x0107, 0x0107, 0x0107, 0x0107, 0x0107,
    0x0107, 0x0107, 0x0107, 0x0107, 0x0107, 0x0107, 0x0107, 0x0107, 0x0107, 0x0107, 0x0107, 0x0107,
    0x0107, 0x0107, 0x0107, 0x0107, 0x0107, 0x0107, 0x0107, 0x0107, 0x0107, 0x0107, 0x0107, 0x0107,
    0x0107, 0x0107, 0x0107, 0x0107, 0x0107, 0x0107, 0x0107, 0x0107, 0x0107, 0x0107, 0x0107, 0x0107,
    0x0107, 0x0107, 0x0107, 0x0107, 0x0107, 0x0107, 0x0107, 0x0107, 0x0127, 0x0128, 0x0948, 0x0989,
    0x11AA, 0x11EB, 0x11EB, 0x11EB, 0x11AA, 0x0969, 0x0148, 0x0127, 0x0107, 0x0107, 0x0107, 0x0107,
    0x0107, 0x0107, 0x0107, 0x0107, 0x0107, 0x0107, 0x0107, 0x0107, 0x0107, 0x0107, 0x0107, 0x0107,
    0x0107, 0x0107, 0x0107, 0x0107, 0x0107, 0x0107, 0x0107, 0x0127, 0x0128, 0x0948, 0x0989, 0x11CB,
    0x19EB, 0x1A0C, 0x11EB, 0x11AA, 0x0989, 0x0948, 0x0128, 0x0127, 0x0107, 0x0107, 0x0107, 0x0107,
    0x0107, 0x0107, 0x0107, 0x0107, 0x0107, 0x0128, 0x0948, 0x0969, 0x11AA, 0x11CB, 0x19EB, 0x11CB,
    0x11AA, 0x118A, 0x118A, 0x118A, 0x11AA, 0x11AA, 0x11AA, 0x118A, 0x0969, 0x0148, 0x0127, 0x0107,
    0x0107, 0x0107, 0x0127, 0x0948, 0x0969, 0x11AA, 0x11CB, 0x19EB, 0x11CB, 0x11CB, 0x11AA, 0x11AA,
    0x11CB, 0x19EB, 0x19EC, 0x19EB, 0x11CA, 0x0989, 0x0948, 0x0127, 0x0107, 0x0107, 0x0107, 0x0107,
    0x0107, 0x0107, 0x0107, 0x0107, 0x0107, 0x0107, 0x0107, 0x0107, 0x0107, 0x0107, 0x0107, 0x0107,
    0x1A0C, 0x11EB, 0x11AA, 0x0969, 0x0148, 0x0127, 0x0107, 0x0107, 0x0107, 0x0107, 0x0107, 0x0107,
    0x0107, 0x0107, 0x0107, 0x0107, 0x0127, 0x0948, 0x0969, 0x11AA, 0x11CB, 0x19CB, 0x11CB, 0x11AA,
    0x0989, 0x0969, 0x0989, 0x118A, 0x11CA, 0x11CB, 0x11CA, 0x11AA, 0x0969, 0x0948, 0x0127, 0x0107,
    0x0127, 0x0127, 0x0948, 0x0969, 0x11AA, 0x11CB, 0x19EB, 0x11EB, 0x11CA, 0x098A, 0x0989, 0x098A,
    0x11AA, 0x11CB, 0x11CB, 0x11CB, 0x11AA, 0x0989, 0x0948, 0x0128, 0x0107, 0x0107, 0x0107, 0x0107,
    0x0107, 0x0107, 0x0107, 0x0107, 0x0107, 0x0107, 0x0107, 0x0107, 0x0107, 0x0107, 0x0107, 0x0107,
    0x0107, 0x0107, 0x0107, 0x0107, 0x0107, 0x0107, 0x0107, 0x0107, 0x0107, 0x0107, 0x0107, 0x0107,
    0x0107, 0x0107, 0x0107, 0x0107, 0x0107, 0x0107, 0x0107, 0x0107, 0x0107, 0x0107, 0x0107, 0x0107,
    0x0107, 0x0107, 0x0107, 0x0107, 0x0107, 0x0107, 0x0107, 0x0107, 0x0107, 0x0107, 0x0107, 0x0107,
    0x0107, 0x0107, 0x0107, 0x0107, 0x0107, 0x0107, 0x0107, 0x0107, 0x0107, 0x0107, 0x0107, 0x0107,
    0x0107, 0x0107, 0x0107, 0x0107, 0x0107, 0x0107, 0x0107, 0x0107, 0x0107, 0x0127, 0x0148, 0x0969,
    0x09AA, 0x11CB, 0x11EB, 0x11EB, 0x11CB, 0x098A, 0x0969, 0x0148, 0x0127, 0x0107, 0x0107, 0x0107,
    0x0107, 0x0107, 0x0107, 0x0107, 0x0107, 0x0107, 0x0107, 0x0107, 0x0107, 0x0107, 0x0107, 0x0107,
    0x0107, 0x0107, 0x0107, 0x0107, 0x0107, 0x0107, 0x0107, 0x0127, 0x0148, 0x0969, 0x11AA, 0x11CB,
    0x1A0C, 0x19EC, 0x11CB, 0x098A, 0x0969, 0x0128, 0x0127, 0x0107, 0x0107, 0x0107, 0x0107, 0x0107,
    0x0107, 0x0107, 0x0107, 0x0107, 0x0127, 0x0148, 0x0969, 0x11AA, 0x11CB, 0x19EB, 0x19EB, 0x11CA,
    0x118A, 0x0969, 0x0969, 0x0969, 0x118A, 0x11AA, 0x11AA, 0x11AA, 0x0989, 0x0948, 0x0128, 0x0107,
    0x0107, 0x0127, 0x0128, 0x0968, 0x118A, 0x11CA, 0x11EB, 0x11CB, 0x11CB, 0x118A, 0x0989, 0x0989,
    0x11AA, 0x11CB, 0x19EB, 0x19EB, 0x11CB, 0x11AA, 0x0969, 0x0148, 0x0127, 0x0107, 0x0107, 0x0106,
    0x0106, 0x0107, 0x0107, 0x0107, 0x0107, 0x0107, 0x0107, 0x0107, 0x0107, 0x0107, 0x0107, 0x0107,
    0x11CB, 0x11AA, 0x0989, 0x0948, 0x0128, 0x0107, 0x0107, 0x0107, 0x0107, 0x0107, 0x0107, 0x0107,
    0x0107, 0x0107, 0x0107, 0x0127, 0x0148, 0x0969, 0x11AA, 0x11CB, 0x19EB, 0x11CB, 0x11AA, 0x0989,
    0x0968, 0x0948, 0x0948, 0x0969, 0x11AA, 0x11CA, 0x11CA, 0x11AA, 0x0989, 0x0948, 0x0128, 0x0127,
    0x0127, 0x0148, 0x0969, 0x118A, 0x11CB, 0x19EB, 0x19EB, 0x11CA, 0x098A, 0x0969, 0x0968, 0x0969,
    0x0989, 0x11AA, 0x11CB, 0x11CB, 0x11CA, 0x11AA, 0x0969, 0x0148, 0x0127, 0x0107, 0x0107, 0x0107,
    0x0107, 0x0107, 0x0107, 0x0107, 0x0107, 0x0107, 0x0107, 0x0107, 0x0107, 0x0107, 0x0107, 0x0107,
    0x0107, 0x0107, 0x0107, 0x0107, 0x0107, 0x0107, 0x0107, 0x0107, 0x0107, 0x0107, 0x0107, 0x0107,
    0x0107, 0x0107, 0x0107, 0x0107, 0x0107, 0x0107, 0x0107, 0x0107, 0x0107, 0x0107, 0x0107, 0x0107,
    0x0107, 0x0107, 0x0107, 0x0107, 0x0107, 0x0107, 0x0107, 0x0107, 0x0107, 0x0107, 0x0107, 0x0107,
    0x0107, 0x0107, 0x0107, 0x0107, 0x0107, 0x0107, 0x0107, 0x0107, 0x0107, 0x0107, 0x0107, 0x0107,
    0x0107, 0x0107, 0x0107, 0x0107, 0x0107, 0x0107, 0x0107, 0x0107, 0x0107, 0x0127, 0x0128, 0x0148,
    0x0989, 0x11AA, 0x11EB, 0x11EB, 0x11EB, 0x11CA, 0x0989, 0x0948, 0x0128, 0x0107, 0x0107, 0x0107,
    0x0107, 0x0107, 0x0107, 0x0107, 0x0107, 0x0107, 0x0107, 0x0107, 0x0107, 0x0107, 0x0107, 0x0107,
    0x0107, 0x0107, 0x0107, 0x0107, 0x0107, 0x0107, 0x0127, 0x0128, 0x0969, 0x098A, 0x11CB, 0x19EB,
    0x1A0C, 0x11EB, 0x11AA, 0x0969, 0x0148, 0x0127, 0x0127, 0x0107, 0x0107, 0x0107, 0x0107, 0x0107,
    0x0107, 0x0107, 0x0107, 0x0127, 0x0128, 0x0969, 0x0989, 0x11CA, 0x19EB, 0x19EB, 0x11CB, 0x11AA,
    0x0969, 0x0948, 0x0928, 0x0948, 0x0969, 0x11AA, 0x11AA, 0x11AA, 0x11AA, 0x0969, 0x0948, 0x0127,
    0x0127, 0x0127, 0x0948, 0x0969, 0x11AA, 0x11CB, 0x11CB, 0x11CB, 0x118A, 0x0969, 0x0948, 0x0948,
    0x0969, 0x11AA, 0x11CB, 0x19EB, 0x19EB, 0x11AA, 0x0989, 0x0948, 0x0127, 0x0107, 0x0107, 0x0106,
    0x0106, 0x0107, 0x0107, 0x0107, 0x0107, 0x0107, 0x0107, 0x0107, 0x0107, 0x0107, 0x0107, 0x0107,
    0x098A, 0x0969, 0x0949, 0x0128, 0x0127, 0x0107, 0x0107, 0x0107, 0x0107, 0x0107, 0x0107, 0x0107,
    0x0107, 0x0107, 0x0107, 0x0128, 0x0949, 0x0989, 0x11CA, 0x11EB, 0x19EB, 0x11CB, 0x11AA, 0x0969,
    0x0148, 0x0128, 0x0148, 0x0968, 0x1189, 0x11AA, 0x11CB, 0x11CA, 0x11AA, 0x0969, 0x0948, 0x0128,
    0x0148, 0x0948, 0x0989, 0x11AA, 0x19CB, 0x19EB, 0x11CB, 0x11AA, 0x0969, 0x0948, 0x0148, 0x0148,
    0x0969, 0x0989, 0x11CA, 0x11CB, 0x11CB, 0x11AA, 0x0989, 0x0948, 0x0128, 0x0107, 0x0107, 0x0107,
    0x0107, 0x0107, 0x0107, 0x0107, 0x0107, 0x0107, 0x0107, 0x0107, 0x0107, 0x0107, 0x0107, 0x0107,
    0x0107, 0x0107, 0x0107, 0x0107, 0x0107, 0x0107, 0x0107, 0x0107, 0x0107, 0x0107, 0x0107, 0x0107,
    0x0107, 0x0107, 0x0107, 0x0107, 0x0107, 0x0107, 0x0107, 0x0107, 0x0107, 0x0107, 0x0107, 0x0107,
    0x0107, 0x0107, 0x0107, 0x0107, 0x0107, 0x0107, 0x0107, 0x0107, 0x0107, 0x0107, 0x0107, 0x0107,
    0x0107, 0x0107, 0x0107, 0x0107, 0x0107, 0x0107, 0x0107, 0x0107, 0x0107, 0x0107, 0x0107, 0x0107,
    0x0107, 0x0107, 0x0107, 0x0107, 0x0107, 0x0107, 0x0107, 0x0107, 0x0107, 0x0107, 0x0127, 0x0148,
    0x0969, 0x098A, 0x11CB, 0x11EB, 0x11EB, 0x11CB, 0x11AA, 0x0969, 0x0148, 0x0127, 0x0107, 0x0107,
    0x0107, 0x0107, 0x0107, 0x0107, 0x0107, 0x0107, 0x0107, 0x0107, 0x0107, 0x0107, 0x0107, 0x0107,
    0x0107, 0x0107, 0x0107, 0x0107, 0x0107, 0x0127, 0x0127, 0x0148, 0x0989, 0x11AA, 0x11EB, 0x19EC,
    0x19EB, 0x11CB, 0x098A, 0x0949, 0x0128, 0x0127, 0x0107, 0x0107, 0x0107, 0x0127, 0x0127, 0x0107,
    0x0107, 0x0107, 0x0127, 0x0128, 0x0948, 0x0989, 0x11AA, 0x11EB, 0x19EB, 0x19EB, 0x11CA, 0x0989,
    0x0948, 0x0127, 0x0127, 0x0928, 0x0948, 0x1189, 0x11AA, 0x11CA, 0x11AA, 0x1189, 0x0969, 0x0948,
    0x0128, 0x0948, 0x0969, 0x118A, 0x11CA, 0x11CB, 0x11CB, 0x11AA, 0x0969, 0x0948, 0x0128, 0x0128,
    0x0948, 0x0989, 0x11AA, 0x19EB, 0x19EB, 0x11CB, 0x11AA, 0x0969, 0x0148, 0x0127, 0x0107, 0x0107,
    0x0106, 0x0107, 0x0107, 0x0107, 0x0107, 0x0107, 0x0107, 0x0107, 0x0107, 0x0107, 0x0107, 0x0107,
    0x0969, 0x0148, 0x0128, 0x0127, 0x0107, 0x0107, 0x0107, 0x0107, 0x0107, 0x0107, 0x0107, 0x0107,
    0x0107, 0x0107, 0x0127, 0x0148, 0x0969, 0x11AA, 0x11CB, 0x19EB, 0x11EB, 0x11AA, 0x0989, 0x0948,
    0x0128, 0x0127, 0x0127, 0x0948, 0x0969, 0x11AA, 0x11CA, 0x11CA, 0x11AA, 0x1189, 0x0969, 0x0948,
    0x0948, 0x0969, 0x11AA, 0x11CB, 0x19EB, 0x19CB, 0x11AA, 0x0989, 0x0948, 0x0128, 0x0127, 0x0127,
    0x0148, 0x0969, 0x11AA, 0x11CB, 0x11EB, 0x11CB, 0x11AA, 0x0969, 0x0148, 0x0127, 0x0107, 0x0107,
    0x0107, 0x0107, 0x0107, 0x0107, 0x0107, 0x0107, 0x0107, 0x0107, 0x0107, 0x0107, 0x0107, 0x0107,
    0x0107, 0x0107, 0x0107, 0x0107, 0x0107, 0x0107, 0x0107, 0x0107, 0x0107, 0x0107, 0x0107, 0x0107,
    0x0107, 0x0107, 0x0107, 0x0107, 0x0107, 0x0107, 0x0107, 0x0107, 0x0107, 0x0107, 0x0107, 0x0107,
    0x0107, 0x0107, 0x0107, 0x0107, 0x0107, 0x0107, 0x0107, 0x0107, 0x0107, 0x0107, 0x0107, 0x0107,
    0x0107, 0x0107, 0x0107, 0x0107, 0x0107, 0x0107, 0x0107, 0x0107, 0x0107, 0x0107, 0x0107, 0x0107,
    0x0107, 0x0107, 0x0107, 0x0107, 0x0107, 0x0107, 0x0107, 0x0107, 0x0107, 0x0107, 0x0107, 0x0127,
    0x0148, 0x0989, 0x11AA, 0x11EB, 0x11EB, 0x11EB, 0x11CB, 0x0989, 0x0968, 0x0128, 0x0127, 0x0107,
    0x0107, 0x0107, 0x0107, 0x0107, 0x0107, 0x0107, 0x0107, 0x0107, 0x0107, 0x0107, 0x0107, 0x0107,
    0x0107, 0x0107, 0x0107, 0x0107, 0x0107, 0x0127, 0x0148, 0x0969, 0x09AA, 0x11CB, 0x19EC, 0x19EC,
    0x11CB, 0x11AA, 0x0969, 0x0148, 0x0127, 0x0107, 0x0107, 0x0107, 0x0107, 0x0127, 0x0127, 0x0127,
    0x0127, 0x0127, 0x0128, 0x0148, 0x0969, 0x09AA, 0x11CB, 0x19EC, 0x19EC, 0x11CB, 0x11AA, 0x0969,
    0x0128, 0x0107, 0x0107, 0x0127, 0x0948, 0x0969, 0x11AA, 0x11CA, 0x11CA, 0x11AA, 0x0989, 0x0949,
    0x0948, 0x0949, 0x0989, 0x11AA, 0x11CB, 0x11CB, 0x11AA, 0x1189, 0x0948, 0x0128, 0x0127, 0x0127,
    0x0128, 0x0969, 0x118A, 0x11CA, 0x19EB, 0x19EB, 0x11CA, 0x0989, 0x0968, 0x0128, 0x0127, 0x0107,
    0x0107, 0x0107, 0x0107, 0x0107, 0x0107, 0x0107, 0x0107, 0x0107, 0x0107, 0x0107, 0x0107, 0x0107,
    0x0128, 0x0128, 0x0127, 0x0107, 0x0107, 0x0107, 0x0107, 0x0106, 0x0107, 0x0107, 0x0107, 0x0107,
    0x0107, 0x0127, 0x0148, 0x0969, 0x098A, 0x11CB, 0x19EB, 0x19EB, 0x11CB, 0x11AA, 0x0969, 0x0148,
    0x0127, 0x0107, 0x0127, 0x0128, 0x0948, 0x0989, 0x11AA, 0x11CB, 0x11CA, 0x11AA, 0x0989, 0x0969,
    0x0969, 0x118A, 0x11CA, 0x19EB, 0x19EB, 0x11CA, 0x118A, 0x0968, 0x0148, 0x0127, 0x0107, 0x0127,
    0x0127, 0x0948, 0x0989, 0x11AA, 0x11CB, 0x11CB, 0x11CA, 0x0989, 0x0968, 0x0128, 0x0127, 0x0107,
    0x0107, 0x0107, 0x0107, 0x0107, 0x0107, 0x0107, 0x0107, 0x0107, 0x0107, 0x0107, 0x0107, 0x0107,
    0x0107, 0x0107, 0x0107, 0x0107, 0x0107, 0x0107, 0x0107, 0x0107, 0x0107, 0x0107, 0x0107, 0x0107,
    0x0107, 0x0107, 0x0107, 0x0107, 0x0107, 0x0107, 0x0107, 0x0107, 0x0107, 0x0107, 0x0107, 0x0107,
    0x0107, 0x0107, 0x0107, 0x0107, 0x0107, 0x0107, 0x0107, 0x0107, 0x0107, 0x0107, 0x0107, 0x0107,
    0x0107, 0x0107, 0x0107, 0x0107, 0x0107, 0x0107, 0x0107, 0x0107, 0x0107, 0x0107, 0x0107, 0x0107,
    0x0107, 0x0107, 0x0107, 0x0107, 0x0107, 0x0107, 0x0107, 0x0107, 0x0107, 0x0107, 0x0107, 0x0127,
    0x0128, 0x0969, 0x098A, 0x11CB, 0x11EB, 0x11EC, 0x11EB, 0x11AA, 0x0969, 0x0148, 0x0127, 0x0107,
    0x0107, 0x0107, 0x0107, 0x0106, 0x0106, 0x0106, 0x0107, 0x0107, 0x0107, 0x0107, 0x0107, 0x0107,
    0x0107, 0x0107, 0x0107, 0x0107, 0x0107, 0x0127, 0x0948, 0x0989, 0x11CA, 0x11EB, 0x1A0C, 0x11EB,
    0x11CA, 0x0989, 0x0948, 0x0128, 0x0107, 0x0107, 0x0107, 0x0107, 0x0107, 0x0127, 0x0127, 0x0127,
    0x0127, 0x0127, 0x0148, 0x0969, 0x098A, 0x11CB, 0x11EB, 0x1A0C, 0x11EB, 0x11CB, 0x0989, 0x0948,
    0x0127, 0x0107, 0x0107, 0x0107, 0x0127, 0x0948, 0x1189, 0x11AA, 0x11CA, 0x11CA, 0x11AA, 0x0989,
    0x0969, 0x0989, 0x11AA, 0x11CA, 0x11CB, 0x11CA, 0x11AA, 0x0969, 0x0948, 0x0127, 0x0107, 0x0107,
    0x0127, 0x0948, 0x0969, 0x11AA, 0x11CB, 0x19EB, 0x11CB, 0x11AA, 0x0969, 0x0148, 0x0127, 0x0107,
    0x0107, 0x0107, 0x0107, 0x0107, 0x0107, 0x0107, 0x0107, 0x0107, 0x0107, 0x0107, 0x0107, 0x0107,
    0x0127, 0x0107, 0x0107, 0x0107, 0x0107, 0x0107, 0x0107, 0x0107, 0x0107, 0x0107, 0x0107, 0x0107,
    0x0107, 0x0128, 0x0948, 0x0989, 0x11AB, 0x11EB, 0x19EC, 0x11EB, 0x11CB, 0x098A, 0x0149, 0x0128,
    0x0127, 0x0107, 0x0127, 0x0127, 0x0948, 0x0969, 0x11AA, 0x11CA, 0x11CB, 0x11CB, 0x11AA, 0x11AA,
    0x11AA, 0x11CA, 0x11CB, 0x19EB, 0x11CB, 0x11AA, 0x0969, 0x0948, 0x0127, 0x0107, 0x0107, 0x0107,
    0x0127, 0x0148, 0x0968, 0x118A, 0x11CA, 0x11CB, 0x11CB, 0x11AA, 0x0989, 0x0948, 0x0127, 0x0107,
    0x0107, 0x0107, 0x0107, 0x0107, 0x0107, 0x0107, 0x0107, 0x0107, 0x0107, 0x0107, 0x0107, 0x0107,
    0x0107, 0x0107, 0x0107, 0x0107, 0x0107, 0x0107, 0x0107, 0x0107, 0x0107, 0x0107, 0x0107, 0x0107,
    0x0107, 0x0107, 0x0107, 0x0107, 0x0107, 0x0107, 0x0107, 0x0107, 0x0107, 0x0107, 0x0107, 0x0107,
    0x0107, 0x0107, 0x0107, 0x0107, 0x0107, 0x0107, 0x0107, 0x0107, 0x0107, 0x0107, 0x0107, 0x0107,
    0x0107, 0x0107, 0x0107, 0x0107, 0x0107, 0x0107, 0x0107, 0x0107, 0x0107, 0x0107, 0x0107, 0x0107,
    0x0107, 0x0107, 0x0107, 0x0107, 0x0107, 0x0107, 0x0107, 0x0107, 0x0107, 0x0107, 0x0107, 0x0127,
    0x0128, 0x0148, 0x0969, 0x11AA, 0x11EB, 0x120C, 0x11EB, 0x11CB, 0x098A, 0x0969, 0x0128, 0x0127,
    0x0107, 0x0107, 0x0107, 0x0106, 0x0106, 0x0106, 0x0107, 0x0107, 0x0107, 0x0107, 0x0107, 0x0107,
    0x0107, 0x0107, 0x0107, 0x0107, 0x0127, 0x0148, 0x0969, 0x11AA, 0x11CB, 0x19EC, 0x19EC, 0x11CB,
    0x118A, 0x0969, 0x0148, 0x0127, 0x0107, 0x0107, 0x0107, 0x0107, 0x0107, 0x0127, 0x0127, 0x0127,
    0x0127, 0x0128, 0x0148, 0x0989, 0x11AA, 0x11EB, 0x1A0C, 0x1A0C, 0x11CB, 0x11AA, 0x0969, 0x0148,
    0x0127, 0x0107, 0x0107, 0x0107, 0x0127, 0x0948, 0x0969, 0x11AA, 0x11CA, 0x11CB, 0x11CA, 0x11AA,
    0x11AA, 0x11AA, 0x11CB, 0x11CB, 0x11CB, 0x11AA, 0x0989, 0x0948, 0x0127, 0x0107, 0x0107, 0x0107,
    0x0107, 0x0127, 0x0948, 0x1189, 0x11CA, 0x11EB, 0x19EB, 0x11CB, 0x11AA, 0x0969, 0x0148, 0x0127,
    0x0107, 0x0107, 0x0107, 0x0107, 0x0107, 0x0107, 0x0107, 0x0107, 0x0107, 0x0107, 0x0107, 0x0107,
    0x0107, 0x0107, 0x0107, 0x0107, 0x0107, 0x0107, 0x0107, 0x0107, 0x0107, 0x0107, 0x0107, 0x0107,
    0x0127, 0x0148, 0x0969, 0x09AA, 0x11CB, 0x19EC, 0x1A0C, 0x11EB, 0x11AA, 0x0989, 0x0149, 0x0148,
    0x0128, 0x0127, 0x0127, 0x0128, 0x0148, 0x0969, 0x098A, 0x11AA, 0x11CB, 0x19CB, 0x11CB, 0x11CB,
    0x11CB, 0x19EB, 0x19EB, 0x19EB, 0x11AA, 0x1189, 0x0948, 0x0127, 0x0107, 0x0107, 0x0106, 0x0107,
    0x0107, 0x0127, 0x0948, 0x0989, 0x11AA, 0x11CB, 0x11CB, 0x11CB, 0x11AA, 0x0969, 0x0148, 0x0128,
    0x0127, 0x0127, 0x0127, 0x0127, 0x0127, 0x0127, 0x0127, 0x0127, 0x0127, 0x0127, 0x0127, 0x0127,
    0x0127, 0x0127, 0x0127, 0x0127, 0x0127, 0x0127, 0x0127, 0x0127, 0x0127, 0x0127, 0x0127, 0x0127,
    0x0127, 0x0127, 0x0127, 0x0127, 0x0127, 0x0127, 0x0127, 0x0127, 0x0127, 0x0127, 0x0127, 0x0107,
    0x0127, 0x0127, 0x0127, 0x0127, 0x0127, 0x0127, 0x0127, 0x0127, 0x0127, 0x0127, 0x0127, 0x0127,
    0x0127, 0x0127, 0x0127, 0x0127, 0x0127, 0x0127, 0x0127, 0x0127, 0x0127, 0x0127, 0x0127, 0x0127,
    0x0127, 0x0127, 0x0127, 0x0127, 0x0127, 0x0127, 0x0127, 0x0127, 0x0127, 0x0127, 0x0127, 0x0127,
    0x0128, 0x0148, 0x0969, 0x09AA, 0x11CB, 0x120C, 0x1A0C, 0x11EB, 0x11CA, 0x0989, 0x0148, 0x0127,
    0x0107, 0x0107, 0x0107, 0x0107, 0x0106, 0x0106, 0x0106, 0x0107, 0x0107, 0x0107, 0x0107, 0x0107,
    0x0107, 0x0107, 0x0107, 0x0107, 0x0127, 0x0948, 0x0989, 0x11CB, 0x11EB, 0x19EC, 0x11EB, 0x11AA,
    0x0969, 0x0948, 0x0128, 0x0107, 0x0107, 0x0107, 0x0107, 0x0107, 0x0107, 0x0127, 0x0127, 0x0127,
    0x0128, 0x0148, 0x0969, 0x098A, 0x11CB, 0x1A0C, 0x1A0C, 0x1A0C, 0x11CB, 0x098A, 0x0969, 0x0148,
    0x0128, 0x0127, 0x0107, 0x0127, 0x0127, 0x0948, 0x0969, 0x118A, 0x11CB, 0x11EB, 0x11EB, 0x11CB,
    0x11CB, 0x11CB, 0x11CB, 0x19CB, 0x11CA, 0x1189, 0x0968, 0x0148, 0x0107, 0x0107, 0x0107, 0x0107,
    0x0107, 0x0127, 0x0948, 0x0969, 0x11AA, 0x11CB, 0x19EB, 0x11EB, 0x11CA, 0x0989, 0x0968, 0x0148,
    0x0127, 0x0127, 0x0127, 0x0127, 0x0127, 0x0127, 0x0127, 0x0127, 0x0127, 0x0127, 0x0127, 0x0127,
    0x0107, 0x0107, 0x0107, 0x0107, 0x0107, 0x0107, 0x0107, 0x0107, 0x0107, 0x0107, 0x0107, 0x0107,
    0x0128, 0x0948, 0x098A, 0x11CB, 0x19EC, 0x1A0C, 0x1A0C, 0x11EB, 0x11AB, 0x098A, 0x0969, 0x0148,
    0x0148, 0x0148, 0x0148, 0x0148, 0x0948, 0x0969, 0x098A, 0x11CB, 0x19EB, 0x19EC, 0x1A0C, 0x1A0C,
    0x1A0C, 0x1A0C, 0x19EB, 0x11CB, 0x11AA, 0x0969, 0x0948, 0x0127, 0x0107, 0x0106, 0x0106, 0x0106,
    0x0107, 0x0107, 0x0127, 0x0968, 0x1189, 0x11CA, 0x11CB, 0x11EB, 0x11CA, 0x09AA, 0x0969, 0x0949,
    0x0148, 0x0148, 0x0148, 0x0148, 0x0148, 0x0148, 0x0148, 0x0148, 0x0148, 0x0148, 0x0148, 0x0148,
    0x0148, 0x0148, 0x0148, 0x0148, 0x0148, 0x0148, 0x0148, 0x0148, 0x0148, 0x0148, 0x0148, 0x0148,
    0x0148, 0x0148, 0x0148, 0x0148, 0x0148, 0x0148, 0x0148, 0x0148, 0x0148, 0x0148, 0x0148, 0x0128,
    0x0128, 0x0148, 0x0148, 0x0148, 0x0148, 0x0148, 0x0148, 0x0148, 0x0148, 0x0148, 0x0148, 0x0148,
    0x0148, 0x0148, 0x0148, 0x0148, 0x0148, 0x0148, 0x0148, 0x0148, 0x0148, 0x0148, 0x0148, 0x0148,
    0x0148, 0x0148, 0x0148, 0x0148, 0x0148, 0x0148, 0x0148, 0x0148, 0x0148, 0x0148, 0x0148, 0x0148,
    0x0148, 0x0169, 0x0969, 0x09AA, 0x11CB, 0x120C, 0x1A0C, 0x1A0C, 0x11EB, 0x09AA, 0x0969, 0x0148,
    0x0127, 0x0107, 0x0107, 0x0107, 0x0107, 0x0106, 0x0106, 0x0106, 0x0107, 0x0107, 0x0107, 0x0107,
    0x0107, 0x0107, 0x0107, 0x0127, 0x0148, 0x0969, 0x11AA, 0x11EB, 0x19EC, 0x11EB, 0x11CB, 0x098A,
    0x0969, 0x0128, 0x0127, 0x0107, 0x0107, 0x0107, 0x0107, 0x0107, 0x0107, 0x0127, 0x0127, 0x0127,
    0x0128, 0x0148, 0x0989, 0x11AB, 0x11EC, 0x1A0C, 0x1A0C, 0x120C, 0x11CB, 0x098A, 0x0969, 0x0949,
    0x0148, 0x0148, 0x0128, 0x0148, 0x0148, 0x0948, 0x0969, 0x11AA, 0x11CB, 0x19EC, 0x1A0C, 0x1A0C,
    0x1A0C, 0x1A0C, 0x19EB, 0x11CB, 0x11AA, 0x0969, 0x0948, 0x0127, 0x0107, 0x0107, 0x0106, 0x0106,
    0x0107, 0x0107, 0x0127, 0x0948, 0x0989, 0x11AA, 0x11EB, 0x11EB, 0x11EB, 0x11AA, 0x0989, 0x0969,
    0x0148, 0x0148, 0x0148, 0x0148, 0x0148, 0x0148, 0x0148, 0x0148, 0x0148, 0x0148, 0x0148, 0x0148,
    0x0107, 0x0107, 0x0107, 0x0107, 0x0107, 0x0107, 0x0107, 0x0107, 0x0107, 0x0107, 0x0107, 0x0127,
    0x0148, 0x0969, 0x11AA, 0x11EC, 0x1A2D, 0x1A2D, 0x1A2D, 0x11EC, 0x11CB, 0x09AA, 0x098A, 0x0989,
    0x0989, 0x0989, 0x0989, 0x0969, 0x0969, 0x098A, 0x11AA, 0x11CB, 0x19EC, 0x1A0C, 0x1A2D, 0x1A2D,
    0x1A2D, 0x1A0C, 0x19EB, 0x11AA, 0x0989, 0x0948, 0x0127, 0x0107, 0x0106, 0x0106, 0x0106, 0x0106,
    0x0106, 0x0107, 0x0127, 0x0948, 0x0969, 0x11AA, 0x11CB, 0x19EB, 0x11EB, 0x11CB, 0x11AA, 0x098A,
    0x0989, 0x0989, 0x0989, 0x0989, 0x0989, 0x0989, 0x0989, 0x0969, 0x0969, 0x0969, 0x0969, 0x0969,
    0x0969, 0x0969, 0x0969, 0x0969, 0x0969, 0x0969, 0x0969, 0x0969, 0x0969, 0x0969, 0x0969, 0x0969,
    0x0969, 0x0969, 0x0969, 0x0969, 0x0969, 0x0969, 0x0969, 0x0969, 0x0969, 0x0969, 0x0969, 0x0969,
    0x0969, 0x0969, 0x0969, 0x0969, 0x0969, 0x0969, 0x0969, 0x0969, 0x0969, 0x0969, 0x0969, 0x0969,
    0x0969, 0x0969, 0x0969, 0x0969, 0x0969, 0x0969, 0x0969, 0x0969, 0x0969, 0x0969, 0x0989, 0x0989,
    0x0969, 0x0969, 0x0969, 0x0969, 0x0969, 0x0969, 0x0969, 0x0969, 0x0969, 0x0969, 0x0969, 0x0969,
    0x0989, 0x0989, 0x098A, 0x11AA, 0x11EB, 0x1A0C, 0x1A2D, 0x1A2D, 0x1A0C, 0x11CB, 0x0989, 0x0948,
    0x0127, 0x0107, 0x0107, 0x0107, 0x0107, 0x0106, 0x0106, 0x0106, 0x0107, 0x0107, 0x0107, 0x0107,
    0x0107, 0x0107, 0x0107, 0x0128, 0x0948, 0x098A, 0x11CB, 0x11EB, 0x19EC, 0x11CB, 0x11AA, 0x0969,
    0x0148, 0x0127, 0x0107, 0x0107, 0x0107, 0x0107, 0x0107, 0x0107, 0x0107, 0x0127, 0x0127, 0x0128,
    0x0148, 0x0969, 0x098A, 0x11CB, 0x1A0C, 0x1A2D, 0x1A2D, 0x1A0C, 0x11EB, 0x11AA, 0x098A, 0x0989,
    0x0989, 0x0969, 0x0969, 0x0969, 0x0969, 0x0989, 0x098A, 0x11AA, 0x11EB, 0x1A0C, 0x1A2D, 0x1A2D,
    0x1A2D, 0x1A0C, 0x19EC, 0x11CB, 0x1189, 0x0968, 0x0127, 0x0107, 0x0107, 0x0106, 0x0106, 0x0106,
    0x0106, 0x0107, 0x0127, 0x0148, 0x0969, 0x09AA, 0x11CB, 0x19EB, 0x19EB, 0x11EB, 0x11CA, 0x09AA,
    0x0989, 0x0969, 0x0969, 0x0969, 0x0969, 0x0969, 0x0969, 0x0969, 0x0969, 0x0969, 0x0969, 0x0969,
    0x0107, 0x0107, 0x0107, 0x0107, 0x0107, 0x0107, 0x0107, 0x0107, 0x0107, 0x0107, 0x0127, 0x0128,
    0x0148, 0x0989, 0x11CB, 0x1A0C, 0x1A2D, 0x1A4D, 0x1A2D, 0x1A0C, 0x11EC, 0x11CB, 0x11CB, 0x11CA,
    0x11CA, 0x11AA, 0x11AA, 0x11AA, 0x11AA, 0x11AA, 0x11CB, 0x19EC, 0x1A0C, 0x222D, 0x224D, 0x224D,
    0x224D, 0x1A0C, 0x11CB, 0x11AA, 0x0969, 0x0128, 0x0107, 0x0107, 0x0106, 0x0106, 0x0106, 0x0106,
    0x0106, 0x0106, 0x0107, 0x0127, 0x0948, 0x0989, 0x11CB, 0x19EC, 0x1A0C, 0x1A0C, 0x11EB, 0x11CB,
    0x11CB, 0x11CB, 0x11CB, 0x11CA, 0x11CA, 0x11CA, 0x11CA, 0x11AA, 0x11AA, 0x11AA, 0x11AA, 0x11AA,
    0x11AA, 0x11AA, 0x11AA, 0x11AA, 0x11AA, 0x11AA, 0x11AA, 0x11AA, 0x11AA, 0x11AA, 0x11AA, 0x11AA,
    0x11AA, 0x11AA, 0x11AA, 0x11AA, 0x11AA, 0x11AA, 0x11AA, 0x11AA, 0x11AA, 0x11AA, 0x11AA, 0x11AA,
    0x11AA, 0x11AA, 0x11AA, 0x11AA, 0x11AA, 0x11AA, 0x11AA, 0x11AA, 0x11AA, 0x11AA, 0x11AA, 0x11AA,
    0x11AA, 0x11AA, 0x11AA, 0x11AA, 0x11AA, 0x11AA, 0x11AA, 0x11AA, 0x11AA, 0x11AA, 0x11AA, 0x11AA,
    0x11AA, 0x11AA, 0x11AA, 0x11AA, 0x11AA, 0x11AA, 0x11AA, 0x11AA, 0x11AA, 0x11AA, 0x11AA, 0x11AA,
    0x11AA, 0x11AA, 0x11CB, 0x11CB, 0x11EC, 0x1A2C, 0x1A4D, 0x1A4D, 0x1A2D, 0x11EC, 0x11AA, 0x0969,
    0x0148, 0x0127, 0x0107, 0x0107, 0x0107, 0x0106, 0x0106, 0x0106, 0x0107, 0x0107, 0x0107, 0x0107,
    0x0107, 0x0107, 0x0127, 0x0148, 0x0969, 0x11AA, 0x11CB, 0x19EC, 0x11EB, 0x11CA, 0x0989, 0x0948,
    0x0128, 0x0127, 0x0107, 0x0107, 0x0107, 0x0107, 0x0107, 0x0107, 0x0107, 0x0127, 0x0127, 0x0128,
    0x0148, 0x0969, 0x11AA, 0x11EC, 0x1A2D, 0x1A4D, 0x1A2D, 0x1A0D, 0x11EC, 0x11EB, 0x11CB, 0x11CB,
    0x11AA, 0x11AA, 0x11AA, 0x11AA, 0x11AA, 0x11AA, 0x11CB, 0x11EB, 0x1A0C, 0x1A2D, 0x224D, 0x224E,
    0x224D, 0x1A2C, 0x19EB, 0x11AA, 0x0969, 0x0948, 0x0127, 0x0107, 0x0106, 0x0106, 0x0106, 0x0106,
    0x0106, 0x0106, 0x0107, 0x0127, 0x0948, 0x0989, 0x11CA, 0x11EB, 0x1A0C, 0x1A0C, 0x11EB, 0x11EB,
    0x11CB, 0x11AA, 0x11AA, 0x11AA, 0x11AA, 0x11AA, 0x11AA, 0x11AA, 0x11AA, 0x11AA, 0x11AA, 0x11AA,
    0x0127, 0x0107, 0x0107, 0x0107, 0x0107, 0x0107, 0x0107, 0x0107, 0x0107, 0x0127, 0x0127, 0x0128,
    0x0969, 0x098A, 0x11CB, 0x1A0C, 0x1A2D, 0x1A2D, 0x1A2D, 0x1A0C, 0x1A0C, 0x11EC, 0x11EB, 0x11EB,
    0x11EB, 0x11EB, 0x11EB, 0x11EB, 0x11CB, 0x11EB, 0x11EC, 0x1A0C, 0x1A2D, 0x224E, 0x226E, 0x226E,
    0x224D, 0x1A0C, 0x11CB, 0x0989, 0x0948, 0x0127, 0x0107, 0x0106, 0x0106, 0x0106, 0x0106, 0x0106,
    0x0106, 0x0106, 0x0107, 0x0127, 0x0948, 0x0989, 0x11CB, 0x1A0C, 0x1A2C, 0x1A2D, 0x1A0C, 0x1A0C,
    0x11EC, 0x11EC, 0x11EB, 0x11EB, 0x11EB, 0x11EB, 0x11EB, 0x11EB, 0x11EB, 0x11EB, 0x11EB, 0x11EB,
    0x11EB, 0x11EB, 0x11EB, 0x11EB, 0x11EB, 0x11EB, 0x11EB, 0x11EB, 0x11EB, 0x11EB, 0x11EB, 0x11EB,
    0x11EB, 0x11EB, 0x11EB, 0x11EB, 0x11EB, 0x11EB, 0x11EB, 0x11EB, 0x11EB, 0x11EB, 0x11EB, 0x11EB,
    0x11EB, 0x11EB, 0x11EB, 0x11EB, 0x11EB, 0x11EB, 0x11EB, 0x11EB, 0x11EB, 0x11EB, 0x11EB, 0x11EB,
    0x11EB, 0x11EB, 0x11EB, 0x11EB, 0x11EB, 0x11EB, 0x11EB, 0x11EB, 0x11EB, 0x11EB, 0x11EB, 0x11EB,
    0x11EB, 0x11EB, 0x11EB, 0x11EB, 0x11EB, 0x11EB, 0x11EB, 0x11EB, 0x11EB, 0x11EB, 0x11EB, 0x11EB,
    0x11EB, 0x11EB, 0x11EB, 0x11EC, 0x1A0C, 0x1A2D, 0x1A4D, 0x224E, 0x1A4D, 0x1A0C, 0x11CB, 0x098A,
    0x0948, 0x0127, 0x0127, 0x0107, 0x0107, 0x0107, 0x0107, 0x0107, 0x0107, 0x0107, 0x0107, 0x0107,
    0x0107, 0x0127, 0x0128, 0x0969, 0x098A, 0x11CB, 0x11EB, 0x19EB, 0x11CB, 0x098A, 0x0969, 0x0148,
    0x0127, 0x0107, 0x0107, 0x0107, 0x0107, 0x0127, 0x0107, 0x0107, 0x0127, 0x0127, 0x0127, 0x0128,
    0x0148, 0x0969, 0x11AA, 0x11EC, 0x1A2C, 0x1A2D, 0x1A2D, 0x1A2D, 0x1A0C, 0x11EC, 0x11EC, 0x11EB,
    0x11EB, 0x11EB, 0x11EB, 0x11EB, 0x11EB, 0x11EB, 0x11EC, 0x1A0C, 0x1A2D, 0x1A4D, 0x226E, 0x226E,
    0x224D, 0x1A2C, 0x11CB, 0x118A, 0x0948, 0x0127, 0x0107, 0x0107, 0x0106, 0x0106, 0x0106, 0x0106,
    0x0106, 0x0106, 0x0107, 0x0127, 0x0148, 0x0969, 0x11AA, 0x11EB, 0x1A0C, 0x1A2C, 0x1A0C, 0x1A0C,
    0x11EC, 0x11EB, 0x11EB, 0x11EB, 0x11EB, 0x11EB, 0x11EB, 0x11EB, 0x11EB, 0x11EB, 0x11EB, 0x11EB,
    0x0127, 0x0107, 0x0107, 0x0107, 0x0107, 0x0107, 0x0107, 0x0107, 0x0127, 0x0127, 0x0127, 0x0128,
    0x0148, 0x0989, 0x11CA, 0x11EC, 0x1A0C, 0x1A0C, 0x1A0C, 0x1A0C, 0x120C, 0x11EC, 0x11EB, 0x11EB,
    0x11EB, 0x11EB, 0x11EB, 0x11EB, 0x11EB, 0x11EB, 0x19EC, 0x1A0C, 0x1A2D, 0x224E, 0x226E, 0x224E,
    0x1A2D, 0x11EB, 0x11AA, 0x0969, 0x0128, 0x0107, 0x0107, 0x0106, 0x0106, 0x0106, 0x0106, 0x0106,
    0x0106, 0x0106, 0x0107, 0x0127, 0x0148, 0x0989, 0x11CB, 0x1A0C, 0x1A2D, 0x1A2D, 0x1A2D, 0x1A0C,
    0x1A0C, 0x19EC, 0x19EC, 0x19EC, 0x19EC, 0x19EC, 0x19EC, 0x19EC, 0x19EC, 0x19EC, 0x11EC, 0x11EC,
    0x11EC, 0x11EC, 0x11EC, 0x11EC, 0x11EC, 0x11EC, 0x11EC, 0x11EC, 0x11EC, 0x11EC, 0x11EC, 0x11EC,
    0x11EC, 0x11EC, 0x11EC, 0x11EC, 0x11EC, 0x11EC, 0x11EC, 0x11EC, 0x11EC, 0x11EC, 0x11EC, 0x11EC,
    0x11EC, 0x11EC, 0x11EC, 0x11EC, 0x11EC, 0x11EC, 0x11EC, 0x11EC, 0x11EC, 0x11EC, 0x11EC, 0x11EC,
    0x11EC, 0x11EC, 0x11EC, 0x11EC, 0x11EC, 0x11EC, 0x11EC, 0x11EC, 0x11EC, 0x11EC, 0x11EC, 0x11EC,
    0x11EC, 0x11EC, 0x11EC, 0x11EC, 0x11EC, 0x11EC, 0x11EC, 0x11EB, 0x11EB, 0x11EB, 0x11EB, 0x11EB,
    0x11EB, 0x11EB, 0x11EB, 0x11EC, 0x1A0C, 0x1A2D, 0x1A4D, 0x224E, 0x1A4E, 0x1A2D, 0x11EC, 0x11AA,
    0x0969, 0x0148, 0x0127, 0x0107, 0x0107, 0x0107, 0x0107, 0x0107, 0x0107, 0x0107, 0x0107, 0x0107,
    0x0127, 0x0128, 0x0948, 0x0989, 0x11AA, 0x11CB, 0x19EB, 0x11CB, 0x11AA, 0x0969, 0x0948, 0x0127,
    0x0107, 0x0107, 0x0107, 0x0107, 0x0107, 0x0127, 0x0107, 0x0107, 0x0127, 0x0127, 0x0127, 0x0128,
    0x0148, 0x0969, 0x09AA, 0x11CB, 0x1A0C, 0x1A0C, 0x1A0C, 0x1A0C, 0x1A0C, 0x11EC, 0x19EC, 0x19EC,
    0x19EC, 0x19EC, 0x19EB, 0x11EB, 0x11EB, 0x11EC, 0x120C, 0x1A0C, 0x1A2D, 0x1A4E, 0x226E, 0x226E,
    0x1A4D, 0x1A0C, 0x11CA, 0x0969, 0x0948, 0x0127, 0x0107, 0x0106, 0x0106, 0x0106, 0x0106, 0x0106,
    0x0106, 0x0106, 0x0107, 0x0127, 0x0128, 0x0969, 0x11AA, 0x11EB, 0x1A0C, 0x1A2C, 0x1A2C, 0x1A0C,
    0x1A0C, 0x19EC, 0x11EB, 0x11EB, 0x11EB, 0x11EB, 0x19EB, 0x19EB, 0x19EB, 0x19EB, 0x19EB, 0x19EB,
    0x0127, 0x0107, 0x0107, 0x0107, 0x0107, 0x0107, 0x0107, 0x0107, 0x0127, 0x0127, 0x0127, 0x0128,
    0x0148, 0x0969, 0x09AA, 0x11CB, 0x11CB, 0x11EB, 0x11EB, 0x11CB, 0x11CB, 0x11CB, 0x11CB, 0x11CB,
    0x11CB, 0x11CB, 0x11CB, 0x11CB, 0x11CB, 0x11CB, 0x11EB, 0x1A0C, 0x1A2D, 0x224D, 0x224E, 0x1A4D,
    0x1A0C, 0x11CB, 0x0989, 0x0148, 0x0127, 0x0107, 0x0107, 0x0106, 0x0106, 0x0106, 0x0106, 0x0106,
    0x0106, 0x0107, 0x0107, 0x0127, 0x0948, 0x0989, 0x11CB, 0x1A0C, 0x1A2C, 0x1A2D, 0x1A0C, 0x11EC,
    0x11EB, 0x11CB, 0x11CB, 0x11CB, 0x11CB, 0x11CB, 0x11CB, 0x11CB, 0x11CB, 0x11CB, 0x11CB, 0x11CB,
    0x11CB, 0x11CB, 0x11CB, 0x11CB, 0x11CB, 0x11CB, 0x11CB, 0x11CB, 0x11CB, 0x11CB, 0x11CB, 0x11CB,
    0x11CB, 0x11CB, 0x11CB, 0x11CB, 0x11CB, 0x11CB, 0x11CB, 0x11CB, 0x11CB, 0x11CB, 0x11CB, 0x11CB,
    0x11CB, 0x11CB, 0x11CB, 0x11CB, 0x11CB, 0x11CB, 0x11CB, 0x11CB, 0x11CB, 0x11CB, 0x11CB, 0x11CB,
    0x11CB, 0x11CB, 0x11CB, 0x11CB, 0x11CB, 0x11CB, 0x11CB, 0x11CB, 0x11CB, 0x11CB, 0x11CB, 0x11CB,
    0x11CB, 0x11CB, 0x11CB, 0x11CB, 0x11CB, 0x11CB, 0x11CB, 0x11CB, 0x11CB, 0x11CB, 0x11CB, 0x11CB,
    0x11CB, 0x11CB, 0x11CB, 0x11CB, 0x11EB, 0x1A0C, 0x1A2D, 0x1A4D, 0x1A4E, 0x1A4D, 0x1A0C, 0x11CB,
    0x098A, 0x0968, 0x0128, 0x0127, 0x0107, 0x0107, 0x0107, 0x0107, 0x0107, 0x0107, 0x0107, 0x0127,
    0x0127, 0x0148, 0x0969, 0x11AA, 0x11CB, 0x19EB, 0x11EB, 0x11CB, 0x098A, 0x0949, 0x0128, 0x0127,
    0x0107, 0x0107, 0x0107, 0x0107, 0x0107, 0x0127, 0x0107, 0x0107, 0x0107, 0x0107, 0x0127, 0x0128,
    0x0148, 0x0949, 0x0989, 0x11AA, 0x11CB, 0x11CB, 0x11EB, 0x11EB, 0x11CB, 0x11CB, 0x11CB, 0x11CB,
    0x11CB, 0x11CB, 0x11CB, 0x11CB, 0x11CB, 0x11EB, 0x11EC, 0x120C, 0x1A2D, 0x1A4D, 0x224E, 0x224D,
    0x1A2D, 0x11EB, 0x098A, 0x0968, 0x0127, 0x0107, 0x0106, 0x0106, 0x0106, 0x0106, 0x0106, 0x0106,
    0x0106, 0x0106, 0x0107, 0x0127, 0x0148, 0x0969, 0x11AA, 0x11EB, 0x1A0C, 0x1A2C, 0x1A0C, 0x19EC,
    0x11EB, 0x11CB, 0x11CB, 0x11CB, 0x11CB, 0x11CB, 0x11CB, 0x11CB, 0x11CB, 0x11CB, 0x11CB, 0x11CB,
    0x0107, 0x0107, 0x0107, 0x0107, 0x0107, 0x0107, 0x0107, 0x0107, 0x0107, 0x0107, 0x0127, 0x0127,
    0x0148, 0x0148, 0x0969, 0x0989, 0x098A, 0x09AA, 0x09AA, 0x098A, 0x098A, 0x098A, 0x098A, 0x098A,
    0x098A, 0x098A, 0x098A, 0x09AA, 0x09AA, 0x09AA, 0x11CB, 0x11EC, 0x1A0C, 0x1A2D, 0x1A2D, 0x1A0C,
    0x11EB, 0x098A, 0x0969, 0x0128, 0x0107, 0x0107, 0x0107, 0x0106, 0x0106, 0x0106, 0x0106, 0x0106,
    0x0106, 0x0107, 0x0107, 0x0128, 0x0969, 0x11AA, 0x11CB, 0x1A0C, 0x1A0C, 0x19EC, 0x11CB, 0x11CB,
    0x11AA, 0x09AA, 0x098A, 0x098A, 0x098A, 0x098A, 0x09AA, 0x09AA, 0x09AA, 0x098A, 0x098A, 0x098A,
    0x098A, 0x098A, 0x09AA, 0x09AA, 0x09AA, 0x09AA, 0x09AA, 0x09AA, 0x09AA, 0x09AA, 0x09AA, 0x09AA,
    0x09AA, 0x09AA, 0x09AA, 0x09AA, 0x09AA, 0x09AA, 0x09AA, 0x09AA, 0x09AA, 0x09AA, 0x09AA, 0x09AA,
    0x098A, 0x098A, 0x09AA, 0x09AA, 0x09AA, 0x09AA, 0x09AA, 0x098A, 0x098A, 0x098A, 0x098A, 0x098A,
    0x098A, 0x09AA, 0x09AA, 0x09AA, 0x09AA, 0x09AA, 0x098A, 0x098A, 0x098A, 0x098A, 0x098A, 0x098A,
    0x098A, 0x098A, 0x098A, 0x098A, 0x09AA, 0x09AA, 0x098A, 0x098A, 0x098A, 0x098A, 0x098A, 0x098A,
    0x098A, 0x098A, 0x09AA, 0x11AA, 0x11CB, 0x11EC, 0x1A0C, 0x1A2D, 0x1A4D, 0x1A2D, 0x1A0C, 0x11EB,
    0x11AA, 0x0969, 0x0148, 0x0127, 0x0127, 0x0107, 0x0107, 0x0107, 0x0107, 0x0107, 0x0127, 0x0127,
    0x0148, 0x0969, 0x098A, 0x11CB, 0x19EB, 0x19EB, 0x11CB, 0x11AA, 0x0969, 0x0148, 0x0127, 0x0107,
    0x0107, 0x0107, 0x0107, 0x0107, 0x0107, 0x0107, 0x0107, 0x0107, 0x0107, 0x0107, 0x0127, 0x0128,
    0x0128, 0x0148, 0x0969, 0x0969, 0x098A, 0x098A, 0x09AA, 0x09AA, 0x098A, 0x09AA, 0x098A, 0x09AA,
    0x09AA, 0x09AA, 0x09AA, 0x09AA, 0x09AA, 0x11AA, 0x11CB, 0x11EC, 0x1A0C, 0x1A2D, 0x1A4D, 0x1A2D,
    0x19EC, 0x11AA, 0x0969, 0x0148, 0x0127, 0x0107, 0x0106, 0x0106, 0x0106, 0x0106, 0x0106, 0x0106,
    0x0106, 0x0106, 0x0107, 0x0127, 0x0948, 0x0989, 0x11AA, 0x19EB, 0x1A0C, 0x19EB, 0x11EB, 0x11CB,
    0x11AA, 0x11AA, 0x09AA, 0x098A, 0x09AA, 0x09AA, 0x09AA, 0x09AA, 0x09AA, 0x09AA, 0x098A, 0x11AA,
    0x0107, 0x0107, 0x0107, 0x0107, 0x0107, 0x0107, 0x0107, 0x0107, 0x0107, 0x0107, 0x0107, 0x0127,
    0x0127, 0x0128, 0x0148, 0x0148, 0x0968, 0x0969, 0x0969, 0x0949, 0x0948, 0x0948, 0x0968, 0x0968,
    0x0968, 0x0968, 0x0969, 0x0969, 0x0969, 0x098A, 0x09AA, 0x11EB, 0x1A0C, 0x1A2D, 0x1A0C, 0x11EC,
    0x11AA, 0x0969, 0x0148, 0x0127, 0x0107, 0x0107, 0x0107, 0x0107, 0x0107, 0x0106, 0x0106, 0x0107,
    0x0107, 0x0107, 0x0127, 0x0948, 0x0989, 0x11AA, 0x11EB, 0x19EC, 0x11EB, 0x11CB, 0x09AA, 0x0989,
    0x0969, 0x0969, 0x0949, 0x0949, 0x0949, 0x0948, 0x0968, 0x0968, 0x0968, 0x0948, 0x0948, 0x0948,
    0x0948, 0x0949, 0x0969, 0x0969, 0x0969, 0x0969, 0x0969, 0x0969, 0x0969, 0x0969, 0x0969, 0x0969,
    0x0969, 0x0969, 0x0969, 0x0969, 0x0969, 0x0969, 0x0969, 0x0969, 0x0969, 0x0969, 0x0969, 0x0969,
    0x0969, 0x0969, 0x0969, 0x0969, 0x0969, 0x0969, 0x0969, 0x0969, 0x0969, 0x0969, 0x0969, 0x0969,
    0x0969, 0x0969, 0x0969, 0x0969, 0x0969, 0x0969, 0x0969, 0x0969, 0x0969, 0x0969, 0x0969, 0x0969,
    0x0969, 0x0969, 0x0969, 0x0969, 0x0969, 0x0969, 0x0968, 0x0968, 0x0968, 0x0968, 0x0968, 0x0968,
    0x0968, 0x0969, 0x0969, 0x0989, 0x11AA, 0x11CB, 0x19EC, 0x1A0C, 0x1A2D, 0x1A2D, 0x1A0C, 0x11EC,
    0x11CB, 0x098A, 0x0969, 0x0148, 0x0127, 0x0127, 0x0107, 0x0107, 0x0107, 0x0107, 0x0127, 0x0128,
    0x0148, 0x0989, 0x11AA, 0x11EB, 0x19EC, 0x11EB, 0x11CA, 0x0989, 0x0948, 0x0128, 0x0107, 0x0107,
    0x0107, 0x0107, 0x0107, 0x0107, 0x0107, 0x0107, 0x0107, 0x0107, 0x0107, 0x0107, 0x0107, 0x0127,
    0x0127, 0x0128, 0x0148, 0x0148, 0x0948, 0x0949, 0x0969, 0x0969, 0x0969, 0x0969, 0x0969, 0x0969,
    0x0969, 0x0969, 0x0969, 0x0969, 0x0969, 0x098A, 0x09AA, 0x11CB, 0x120C, 0x1A2D, 0x1A2D, 0x1A0C,
    0x11CB, 0x098A, 0x0948, 0x0127, 0x0107, 0x0106, 0x0106, 0x0106, 0x0106, 0x0106, 0x0106, 0x0106,
    0x0106, 0x0107, 0x0127, 0x0148, 0x0969, 0x118A, 0x11CB, 0x19EB, 0x19EB, 0x11CB, 0x11AA, 0x0989,
    0x0969, 0x0969, 0x0969, 0x0968, 0x0968, 0x0968, 0x0968, 0x0968, 0x0968, 0x0968, 0x0968, 0x0968,
    0x0107, 0x0107, 0x0107, 0x0107, 0x0107, 0x0107, 0x0107, 0x0107, 0x0107, 0x0107, 0x0107, 0x0107,
    0x0127, 0x0127, 0x0127, 0x0127, 0x0128, 0x0128, 0x0128, 0x0128, 0x0128, 0x0128, 0x0128, 0x0128,
    0x0128, 0x0128, 0x0148, 0x0148, 0x0169, 0x0969, 0x09AA, 0x11EB, 0x1A0C, 0x1A0C, 0x19EC, 0x11CB,
    0x098A, 0x0948, 0x0128, 0x0107, 0x0107, 0x0107, 0x0107, 0x0107, 0x0107, 0x0107, 0x0107, 0x0107,
    0x0107, 0x0127, 0x0148, 0x0969, 0x11AA, 0x11CB, 0x19EB, 0x11EB, 0x11CB, 0x098A, 0x0969, 0x0148,
    0x0128, 0x0128, 0x0128, 0x0128, 0x0128, 0x0127, 0x0127, 0x0127, 0x0127, 0x0127, 0x0127, 0x0127,
    0x0127, 0x0128, 0x0128, 0x0128, 0x0128, 0x0128, 0x0128, 0x0128, 0x0128, 0x0128, 0x0128, 0x0128,
    0x0128, 0x0128, 0x0128, 0x0128, 0x0128, 0x0128, 0x0128, 0x0128, 0x0128, 0x0128, 0x0128, 0x0128,
    0x0128, 0x0128, 0x0128, 0x0128, 0x0128, 0x0128, 0x0128, 0x0128, 0x0128, 0x0128, 0x0128, 0x0128,
    0x0128, 0x0128, 0x0128, 0x0128, 0x0128, 0x0128, 0x0128, 0x0128, 0x0128, 0x0128, 0x0128, 0x0128,
    0x0128, 0x0128, 0x0128, 0x0128, 0x0128, 0x0128, 0x0127, 0x0127, 0x0128, 0x0128, 0x0127, 0x0128,
    0x0128, 0x0148, 0x0948, 0x0969, 0x11AA, 0x11CB, 0x19EB, 0x19EC, 0x1A0C, 0x1A0C, 0x19EC, 0x11EB,
    0x11CB, 0x11AA, 0x0989, 0x0948, 0x0128, 0x0127, 0x0107, 0x0107, 0x0107, 0x0107, 0x0127, 0x0148,
    0x0969, 0x11AA, 0x11CB, 0x1A0C, 0x19EC, 0x11CB, 0x11AA, 0x0969, 0x0148, 0x0127, 0x0107, 0x0107,
    0x0107, 0x0107, 0x0107, 0x0107, 0x0107, 0x0107, 0x0107, 0x0107, 0x0107, 0x0107, 0x0107, 0x0107,
    0x0107, 0x0127, 0x0127, 0x0127, 0x0128, 0x0128, 0x0128, 0x0128, 0x0128, 0x0128, 0x0128, 0x0128,
    0x0128, 0x0148, 0x0148, 0x0148, 0x0148, 0x0969, 0x098A, 0x11CB, 0x120C, 0x1A0C, 0x1A0C, 0x11EB,
    0x11AA, 0x0969, 0x0148, 0x0127, 0x0107, 0x0106, 0x0106, 0x0106, 0x0106, 0x0106, 0x0106, 0x0106,
    0x0106, 0x0107, 0x0127, 0x0948, 0x0989, 0x11AA, 0x11CB, 0x19EB, 0x11CB, 0x11AA, 0x0969, 0x0948,
    0x0148, 0x0128, 0x0128, 0x0128, 0x0128, 0x0127, 0x0127, 0x0128, 0x0128, 0x0128, 0x0128, 0x0128,
    0x0107, 0x0107, 0x0107, 0x0107, 0x0107, 0x0107, 0x0107, 0x0107, 0x0107, 0x0107, 0x0107, 0x0107,
    0x0107, 0x0107, 0x0107, 0x0127, 0x0127, 0x0127, 0x0127, 0x0127, 0x0107, 0x0127, 0x0127, 0x0127,
    0x0127, 0x0127, 0x0127, 0x0128, 0x0148, 0x0989, 0x11AA, 0x11EB, 0x1A0C, 0x1A0C, 0x11CB, 0x11AA,
    0x0969, 0x0148, 0x0127, 0x0107, 0x0107, 0x0107, 0x0107, 0x0107, 0x0107, 0x0107, 0x0107, 0x0107,
    0x0127, 0x0128, 0x0969, 0x098A, 0x11CB, 0x11EB, 0x19EB, 0x11CB, 0x118A, 0x0969, 0x0148, 0x0127,
    0x0107, 0x0107, 0x0107, 0x0107, 0x0107, 0x0107, 0x0107, 0x0107, 0x0107, 0x0107, 0x0107, 0x0107,
    0x0107, 0x0107, 0x0107, 0x0107, 0x0107, 0x0107, 0x0107, 0x0107, 0x0107, 0x0107, 0x0107, 0x0107,
    0x0107, 0x0107, 0x0107, 0x0107, 0x0107, 0x0107, 0x0107, 0x0107, 0x0107, 0x0107, 0x0107, 0x0107,
    0x0107, 0x0107, 0x0107, 0x0107, 0x0107, 0x0107, 0x0107, 0x0107, 0x0107, 0x0107, 0x0107, 0x0107,
    0x0107, 0x0107, 0x0107, 0x0107, 0x0107, 0x0107, 0x0107, 0x0107, 0x0107, 0x0107, 0x0107, 0x0107,
    0x0107, 0x0107, 0x0107, 0x0107, 0x0107, 0x0107, 0x0107, 0x0107, 0x0107, 0x0107, 0x0107, 0x0127,
    0x0127, 0x0127, 0x0948, 0x0969, 0x11AA, 0x11CB, 0x11CB, 0x11CB, 0x11CB, 0x11CB, 0x11CB, 0x11EB,
    0x11EB, 0x11CB, 0x09AA, 0x0969, 0x0148, 0x0127, 0x0127, 0x0107, 0x0107, 0x0127, 0x0128, 0x0968,
    0x0989, 0x11CB, 0x11EB, 0x1A0C, 0x11EB, 0x11CA, 0x0989, 0x0948, 0x0128, 0x0107, 0x0107, 0x0107,
    0x0107, 0x0107, 0x0107, 0x0107, 0x0107, 0x0107, 0x0107, 0x0107, 0x0107, 0x0107, 0x0107, 0x0107,
    0x0107, 0x0107, 0x0107, 0x0127, 0x0127, 0x0127, 0x0127, 0x0127, 0x0127, 0x0127, 0x0127, 0x0127,
    0x0127, 0x0127, 0x0128, 0x0128, 0x0148, 0x0969, 0x09AA, 0x11CB, 0x1A0C, 0x1A0C, 0x19EC, 0x11CB,
    0x0989, 0x0948, 0x0127, 0x0107, 0x0106, 0x0106, 0x0106, 0x0106, 0x0106, 0x0106, 0x0106, 0x0106,
    0x0107, 0x0127, 0x0948, 0x0969, 0x11AA, 0x11CB, 0x19EB, 0x11CB, 0x11AA, 0x0989, 0x0948, 0x0128,
    0x0127, 0x0127, 0x0127, 0x0107, 0x0107, 0x0107, 0x0107, 0x0107, 0x0107, 0x0127, 0x0127, 0x0127,
    0x0107, 0x0107, 0x0107, 0x0107, 0x0107, 0x0107, 0x0107, 0x0107, 0x0107, 0x0107, 0x0107, 0x0107,
    0x0107, 0x0107, 0x0107, 0x0107, 0x0107, 0x0107, 0x0107, 0x0107, 0x0107, 0x0107, 0x0107, 0x0107,
    0x0107, 0x0107, 0x0127, 0x0148, 0x0969, 0x098A, 0x11CB, 0x19EC, 0x1A0C, 0x11EB, 0x11CB, 0x0989,
    0x0948, 0x0128, 0x0107, 0x0107, 0x0107, 0x0107, 0x0107, 0x0107, 0x0107, 0x0107, 0x0107, 0x0127,
    0x0128, 0x0948, 0x0989, 0x11AA, 0x11CB, 0x19EB, 0x11CB, 0x11AA, 0x0969, 0x0948, 0x0127, 0x0107,
    0x0107, 0x0107, 0x0107, 0x0107, 0x0107, 0x0107, 0x0107, 0x0107, 0x0107, 0x0107, 0x0107, 0x0107,
    0x0107, 0x0107, 0x0107, 0x0107, 0x0107, 0x0107, 0x0107, 0x0107, 0x0107, 0x0107, 0x0107, 0x0107,
    0x0107, 0x0107, 0x0107, 0x0107, 0x0107, 0x0107, 0x0107, 0x0107, 0x0107, 0x0107, 0x0107, 0x0107,
    0x0107, 0x0107, 0x0107, 0x0107, 0x0107, 0x0107, 0x0107, 0x0107, 0x0107, 0x0107, 0x0107, 0x0107,
    0x0107, 0x0107, 0x0107, 0x0107, 0x0107, 0x0107, 0x0107, 0x0107, 0x0107, 0x0107, 0x0107, 0x0107,
    0x0107, 0x0107, 0x0107, 0x0107, 0x0107, 0x0107, 0x0107, 0x0107, 0x0107, 0x0107, 0x0107, 0x0107,
    0x0127, 0x0148, 0x0968, 0x0989, 0x11CA, 0x11CB, 0x11CB, 0x11AA, 0x11AA, 0x11AA, 0x11AA, 0x11CB,
    0x11CB, 0x11CB, 0x11AA, 0x0989, 0x0968, 0x0128, 0x0127, 0x0107, 0x0127, 0x0127, 0x0148, 0x0969,
    0x11AA, 0x11EB, 0x1A0C, 0x1A0C, 0x11CB, 0x09AA, 0x0969, 0x0148, 0x0127, 0x0107, 0x0107, 0x0107,
    0x0107, 0x0107, 0x0107, 0x0107, 0x0107, 0x0107, 0x0107, 0x0107, 0x0107, 0x0107, 0x0107, 0x0107,
    0x0107, 0x0107, 0x0107, 0x0107, 0x0107, 0x0107, 0x0107, 0x0107, 0x0107, 0x0107, 0x0107, 0x0107,
    0x0107, 0x0127, 0x0127, 0x0128, 0x0148, 0x0989, 0x11AB, 0x11EC, 0x1A0C, 0x1A0C, 0x11EB, 0x09AA,
    0x0969, 0x0148, 0x0127, 0x0107, 0x0106, 0x0106, 0x0106, 0x0106, 0x0106, 0x0106, 0x0106, 0x0107,
    0x0127, 0x0127, 0x0968, 0x0989, 0x11CA, 0x19CB, 0x19EB, 0x11CA, 0x118A, 0x0969, 0x0128, 0x0127,
    0x0107, 0x0107, 0x0107, 0x0107, 0x0107, 0x0107, 0x0107, 0x0107, 0x0107, 0x0107, 0x0107, 0x0107,
    0x0107, 0x0107, 0x0107, 0x0107, 0x0107, 0x0107, 0x0107, 0x0107, 0x0107, 0x0107, 0x0107, 0x0107,
    0x0107, 0x0107, 0x0107, 0x0107, 0x0107, 0x0107, 0x0107, 0x0107, 0x0107, 0x0107, 0x0107, 0x0107,
    0x0107, 0x0107, 0x0127, 0x0148, 0x0989, 0x11AA, 0x11EB, 0x1A0C, 0x1A0C, 0x11CB, 0x09AA, 0x0969,
    0x0128, 0x0127, 0x0107, 0x0107, 0x0107, 0x0107, 0x0107, 0x0107, 0x0107, 0x0107, 0x0127, 0x0127,
    0x0148, 0x0969, 0x11AA, 0x11CB, 0x11EB, 0x19EB, 0x11CB, 0x098A, 0x0969, 0x0128, 0x0127, 0x0107,
    0x0107, 0x0107, 0x0107, 0x0107, 0x0107, 0x0107, 0x0107, 0x0107, 0x0106, 0x0107, 0x0107, 0x0107,
    0x0107, 0x0107, 0x0107, 0x0107, 0x0107, 0x0107, 0x0107, 0x0107, 0x0107, 0x0107, 0x0107, 0x0107,
    0x0107, 0x0107, 0x0107, 0x0107, 0x0107, 0x0107, 0x0107, 0x0107, 0x0107, 0x0107, 0x0107, 0x0107,
    0x0107, 0x0107, 0x0107, 0x0107, 0x0107, 0x0107, 0x0107, 0x0107, 0x0107, 0x0107, 0x0107, 0x0107,
    0x0107, 0x0107, 0x0107, 0x0107, 0x0107, 0x0107, 0x0107, 0x0107, 0x0107, 0x0107, 0x0107, 0x0107,
    0x0107, 0x0107, 0x0107, 0x0107, 0x0107, 0x0107, 0x0107, 0x0107, 0x0107, 0x0107, 0x0107, 0x0107,
    0x0127, 0x0948, 0x0989, 0x11AA, 0x11CB, 0x11CB, 0x11CA, 0x118A, 0x0969, 0x0969, 0x0989, 0x11AA,
    0x11CB, 0x11CB, 0x11CB, 0x11AA, 0x0969, 0x0148, 0x0128, 0x0127, 0x0127, 0x0128, 0x0969, 0x098A,
    0x11CB, 0x19EC, 0x1A0C, 0x11EB, 0x11AA, 0x0989, 0x0148, 0x0127, 0x0107, 0x0107, 0x0107, 0x0107,
    0x0107, 0x0107, 0x0107, 0x0107, 0x0107, 0x0107, 0x0107, 0x0107, 0x0107, 0x0107, 0x0107, 0x0107,
    0x0107, 0x0107, 0x0107, 0x0107, 0x0107, 0x0107, 0x0107, 0x0107, 0x0107, 0x0107, 0x0107, 0x0107,
    0x0107, 0x0127, 0x0128, 0x0148, 0x0969, 0x098A, 0x11CB, 0x1A0C, 0x1A0C, 0x11EC, 0x11CB, 0x0989,
    0x0148, 0x0127, 0x0107, 0x0107, 0x0106, 0x0106, 0x0106, 0x0106, 0x0106, 0x0106, 0x0106, 0x0107,
    0x0127, 0x0948, 0x0969, 0x11AA, 0x11CB, 0x19EB, 0x11CB, 0x11AA, 0x0969, 0x0948, 0x0127, 0x0107,
    0x0107, 0x0107, 0x0107, 0x0107, 0x0107, 0x0107, 0x0107, 0x0107, 0x0107, 0x0107, 0x0107, 0x0107,
    0x0107, 0x0107, 0x0107, 0x0107, 0x0107, 0x0107, 0x0107, 0x0107, 0x0107, 0x0107, 0x0107, 0x0107,
    0x0107, 0x0107, 0x0107, 0x0107, 0x0107, 0x0107, 0x0107, 0x0107, 0x0107, 0x0107, 0x0107, 0x0107,
    0x0107, 0x0127, 0x0148, 0x0969, 0x098A, 0x11CB, 0x1A0C, 0x1A0C, 0x11EB, 0x11CA, 0x0989, 0x0148,
    0x0127, 0x0107, 0x0107, 0x0107, 0x0107, 0x0107, 0x0107, 0x0107, 0x0107, 0x0107, 0x0127, 0x0148,
    0x0969, 0x098A, 0x11CB, 0x11EB, 0x19EC, 0x11CB, 0x11AA, 0x0969, 0x0148, 0x0127, 0x0107, 0x0107,
    0x0107, 0x0107, 0x0107, 0x0107, 0x0107, 0x0107, 0x0107, 0x0107, 0x0107, 0x0107, 0x0107, 0x0107,
    0x0107, 0x0107, 0x0107, 0x0107, 0x0107, 0x0107, 0x0107, 0x0107, 0x0107, 0x0107, 0x0107, 0x0107,
    0x0107, 0x0107, 0x0107, 0x0107, 0x0107, 0x0107, 0x0107, 0x0107, 0x0107, 0x0107, 0x0107, 0x0107,
    0x0107, 0x0107, 0x0107, 0x0107, 0x0107, 0x0107, 0x0107, 0x0107, 0x0107, 0x0107, 0x0107, 0x0107,
    0x0107, 0x0107, 0x0107, 0x0107, 0x0107, 0x0107, 0x0107, 0x0107, 0x0107, 0x0107, 0x0107, 0x0107,
    0x0107, 0x0107, 0x0107, 0x0107, 0x0107, 0x0107, 0x0107, 0x0107, 0x0107, 0x0107, 0x0107, 0x0127,
    0x0148, 0x0969, 0x11AA, 0x11CA, 0x11EB, 0x11CB, 0x11AA, 0x0969, 0x0948, 0x0948, 0x0969, 0x0989,
    0x11AA, 0x11CB, 0x11CB, 0x11CA, 0x098A, 0x0969, 0x0148, 0x0128, 0x0128, 0x0148, 0x0989, 0x11AA,
    0x11EB, 0x1A0C, 0x19EC, 0x11CB, 0x098A, 0x0969, 0x0148, 0x0127, 0x0107, 0x0107, 0x0107, 0x0107,
    0x0107, 0x0107, 0x0107, 0x0107, 0x0107, 0x0107, 0x0107, 0x0107, 0x0107, 0x0107, 0x0107, 0x0107,
    0x0107, 0x0107, 0x0107, 0x0107, 0x0107, 0x0107, 0x0107, 0x0107, 0x0107, 0x0107, 0x0107, 0x0107,
    0x0107, 0x0127, 0x0128, 0x0148, 0x0989, 0x11AB, 0x11EB, 0x1A0C, 0x1A0C, 0x11CB, 0x09AA, 0x0969,
    0x0128, 0x0127, 0x0107, 0x0107, 0x0107, 0x0106, 0x0106, 0x0106, 0x0106, 0x0106, 0x0107, 0x0127,
    0x0148, 0x0969, 0x11AA, 0x11CB, 0x19EB, 0x19EB, 0x11CA, 0x0989, 0x0948, 0x0128, 0x0107, 0x0107,
    0x0107, 0x0107, 0x0107, 0x0107, 0x0107, 0x0107, 0x0107, 0x0107, 0x0107, 0x0107, 0x0107, 0x0107,
    0x0107, 0x0107, 0x0107, 0x0107, 0x0107, 0x0107, 0x0107, 0x0107, 0x0107, 0x0107, 0x0107, 0x0107,
    0x0107, 0x0107, 0x0107, 0x0107, 0x0107, 0x0107, 0x0107, 0x0107, 0x0107, 0x0107, 0x0107, 0x0107,
    0x0107, 0x0128, 0x0148, 0x0989, 0x11CA, 0x11EB, 0x1A0C, 0x1A0C, 0x11CB, 0x098A, 0x0969, 0x0128,
    0x0127, 0x0107, 0x0107, 0x0107, 0x0107, 0x0107, 0x0107, 0x0107, 0x0107, 0x0127, 0x0128, 0x0148,
    0x0989, 0x11AA, 0x11EB, 0x19EC, 0x19EB, 0x11CB, 0x098A, 0x0948, 0x0128, 0x0107, 0x0107, 0x0107,
    0x0107, 0x0107, 0x0107, 0x0107, 0x0107, 0x0107, 0x0107, 0x0107, 0x0107, 0x0107, 0x0107, 0x0107,
    0x0107, 0x0107, 0x0107, 0x0107, 0x0107, 0x0107, 0x0107, 0x0107, 0x0107, 0x0107, 0x0107, 0x0107,
    0x0107, 0x0107, 0x0107, 0x0107, 0x0107, 0x0107, 0x0107, 0x0107, 0x0107, 0x0107, 0x0107, 0x0107,
    0x0107, 0x0107, 0x0107, 0x0107, 0x0107, 0x0107, 0x0107, 0x0107, 0x0107, 0x0107, 0x0107, 0x0107,
    0x0107, 0x0107, 0x0107, 0x0107, 0x0107, 0x0107, 0x0107, 0x0107, 0x0107, 0x0107, 0x0107, 0x0107,
    0x0107, 0x0107, 0x0107, 0x0107, 0x0107, 0x0107, 0x0107, 0x0107, 0x0107, 0x0107, 0x0127, 0x0128,
    0x0948, 0x0989, 0x11AA, 0x11EB, 0x11EB, 0x11CA, 0x0989, 0x0969, 0x0148, 0x0128, 0x0148, 0x0969,
    0x118A, 0x11CB, 0x11CB, 0x11CB, 0x11AA, 0x0989, 0x0948, 0x0148, 0x0148, 0x0969, 0x09AA, 0x11CB,
    0x19EC, 0x1A0C, 0x11EB, 0x11AA, 0x0969, 0x0148, 0x0127, 0x0107, 0x0107, 0x0107, 0x0107, 0x0107,
    0x0107, 0x0107, 0x0107, 0x0107, 0x0107, 0x0107, 0x0107, 0x0107, 0x0107, 0x0107, 0x0107, 0x0107,
    0x0106, 0x0106, 0x0106, 0x0107, 0x0107, 0x0107, 0x0107, 0x0107, 0x0107, 0x0107, 0x0107, 0x0107,
    0x0107, 0x0127, 0x0148, 0x0969, 0x09AA, 0x11CB, 0x19EC, 0x1A0C, 0x11EB, 0x11AA, 0x0989, 0x0148,
    0x0128, 0x0107, 0x0107, 0x0107, 0x0107, 0x0106, 0x0106, 0x0106, 0x0106, 0x0107, 0x0107, 0x0127,
    0x0948, 0x0989, 0x11CA, 0x19EB, 0x19EB, 0x11CB, 0x11AA, 0x0969, 0x0948, 0x0127, 0x0107, 0x0107,
    0x0107, 0x0107, 0x0107, 0x0107, 0x0107, 0x0107, 0x0107, 0x0107, 0x0107, 0x0107, 0x0107, 0x0107,
    0x0107, 0x0107, 0x0107, 0x0107, 0x0107, 0x0107, 0x0107, 0x0107, 0x0107, 0x0107, 0x0107, 0x0107,
    0x0107, 0x0107, 0x0107, 0x0107, 0x0107, 0x0107, 0x0107, 0x0107, 0x0107, 0x0107, 0x0107, 0x0107,
    0x0127, 0x0148, 0x0969, 0x11AA, 0x11EB, 0x1A0C, 0x1A0C, 0x11EB, 0x11AA, 0x0969, 0x0148, 0x0127,
    0x0107, 0x0107, 0x0107, 0x0107, 0x0107, 0x0107, 0x0107, 0x0107, 0x0107, 0x0127, 0x0148, 0x0969,
    0x09AA, 0x11CB, 0x19EC, 0x19EC, 0x11EB, 0x11AA, 0x0969, 0x0148, 0x0127, 0x0107, 0x0107, 0x0107,
    0x0107, 0x0107, 0x0107, 0x0107, 0x0107, 0x0107, 0x0107, 0x0107, 0x0107, 0x0107, 0x0107, 0x0107,
    0x0107, 0x0107, 0x0107, 0x0107, 0x0107, 0x0107, 0x0107, 0x0107, 0x0107, 0x0107, 0x0107, 0x0107,
    0x0107, 0x0107, 0x0107, 0x0107, 0x0107, 0x0107, 0x0107, 0x0107, 0x0107, 0x0107, 0x0107, 0x0107,
    0x0107, 0x0107, 0x0107, 0x0107, 0x0107, 0x0107, 0x0107, 0x0107, 0x0107, 0x0107, 0x0107, 0x0107,
    0x0107, 0x0107, 0x0107, 0x0107, 0x0107, 0x0107, 0x0107, 0x0107, 0x0107, 0x0107, 0x0107, 0x0107,
    0x0107, 0x0107, 0x0107, 0x0107, 0x0107, 0x0107, 0x0107, 0x0107, 0x0107, 0x0107, 0x0127, 0x0148,
    0x0969, 0x11AA, 0x11CA, 0x11EB, 0x11CB, 0x11AA, 0x0969, 0x0148, 0x0127, 0x0127, 0x0128, 0x0948,
    0x0989, 0x11AA, 0x11CB, 0x11CB, 0x11CB, 0x11AA, 0x0969, 0x0969, 0x0969, 0x0989, 0x11AA, 0x11EB,
    0x19EC, 0x11EB, 0x11CB, 0x0989, 0x0948, 0x0128, 0x0127, 0x0107, 0x0107, 0x0107, 0x0107, 0x0107,
    0x0107, 0x0107, 0x0107, 0x0107, 0x0107, 0x0107, 0x0107, 0x0107, 0x0107, 0x0107, 0x0107, 0x0107,
    0x0106, 0x0106, 0x0106, 0x0107, 0x0107, 0x0107, 0x0107, 0x0107, 0x0107, 0x0107, 0x0107, 0x0107,
    0x0127, 0x0128, 0x0148, 0x0989, 0x11AB, 0x11EB, 0x1A0C, 0x19EC, 0x11CB, 0x098A, 0x0969, 0x0148,
    0x0127, 0x0107, 0x0107, 0x0107, 0x0107, 0x0107, 0x0107, 0x0106, 0x0107, 0x0107, 0x0127, 0x0148,
    0x0969, 0x11AA, 0x11CB, 0x19EB, 0x19EB, 0x11CA, 0x0989, 0x0948, 0x0128, 0x0107, 0x0107, 0x0107,
    0x0107, 0x0107, 0x0107, 0x0107, 0x0107, 0x0107, 0x0107, 0x0107, 0x0107, 0x0107, 0x0107, 0x0107,
    0x0107, 0x0107, 0x0107, 0x0107, 0x0107, 0x0107, 0x0107, 0x0107, 0x0107, 0x0107, 0x0107, 0x0107,
    0x0107, 0x0107, 0x0107, 0x0107, 0x0107, 0x0107, 0x0107, 0x0107, 0x0107, 0x0107, 0x0107, 0x0127,
    0x0128, 0x0948, 0x0989, 0x11CB, 0x11EB, 0x1A0C, 0x11EC, 0x11CB, 0x098A, 0x0949, 0x0128, 0x0127,
    0x0107, 0x0107, 0x0107, 0x0107, 0x0107, 0x0107, 0x0107, 0x0107, 0x0127, 0x0128, 0x0948, 0x0989,
    0x11CA, 0x11EB, 0x1A0C, 0x19EB, 0x11CB, 0x0989, 0x0948, 0x0128, 0x0107, 0x0107, 0x0107, 0x0107,
    0x0107, 0x0107, 0x0107, 0x0107, 0x0107, 0x0107, 0x0107, 0x0107, 0x0107, 0x0107, 0x0107, 0x0107,
    0x0107, 0x0107, 0x0107, 0x0107, 0x0107, 0x0107, 0x0107, 0x0107, 0x0107, 0x0107, 0x0107, 0x0107,
    0x0107, 0x0107, 0x0107, 0x0107, 0x0107, 0x0107, 0x0107, 0x0107, 0x0107, 0x0107, 0x0107, 0x0107,
    0x0107, 0x0107, 0x0107, 0x0107, 0x0107, 0x0107, 0x0107, 0x0107, 0x0107, 0x0107, 0x0107, 0x0107,
    0x0107, 0x0107, 0x0107, 0x0107, 0x0107, 0x0107, 0x0107, 0x0107, 0x0107, 0x0107, 0x0107, 0x0107,
    0x0107, 0x0107, 0x0107, 0x0107, 0x0107, 0x0107, 0x0107, 0x0107, 0x0107, 0x0127, 0x0128, 0x0968,
    0x0989, 0x11CA, 0x11EB, 0x11EB, 0x11CA, 0x0989, 0x0968, 0x0128, 0x0127, 0x0107, 0x0127, 0x0128,
    0x0969, 0x098A, 0x11CA, 0x11CB, 0x11CB, 0x11AA, 0x098A, 0x0989, 0x098A, 0x11AA, 0x11CB, 0x19EC,
    0x19EC, 0x11CB, 0x11AA, 0x0969, 0x0148, 0x0127, 0x0107, 0x0107, 0x0107, 0x0107, 0x0107, 0x0107,
    0x0107, 0x0107, 0x0107, 0x0107, 0x0107, 0x0107, 0x0107, 0x0107, 0x0107, 0x0107, 0x0107, 0x0107,
    0x0107, 0x0107, 0x0107, 0x0107, 0x0107, 0x0107, 0x0107, 0x0107, 0x0107, 0x0107, 0x0107, 0x0107,
    0x0127, 0x0148, 0x0969, 0x09AA, 0x11CB, 0x19EC, 0x1A0C, 0x11EB, 0x11AA, 0x0969, 0x0148, 0x0128,
    0x0127, 0x0107, 0x0107, 0x0107, 0x0107, 0x0107, 0x0107, 0x0107, 0x0107, 0x0107, 0x0128, 0x0968,
    0x098A, 0x11CB, 0x19EB, 0x19EB, 0x11CB, 0x11AA, 0x0969, 0x0148, 0x0127, 0x0107, 0x0107, 0x0107,
    0x0107, 0x0107, 0x0107, 0x0107, 0x0107, 0x0107, 0x0107, 0x0107, 0x0107, 0x0107, 0x0107, 0x0107,
    0x0107, 0x0107, 0x0107, 0x0107, 0x0107, 0x0107, 0x0107, 0x0107, 0x0107, 0x0107, 0x0107, 0x0107,
    0x0107, 0x0107, 0x0107, 0x0107, 0x0107, 0x0107, 0x0107, 0x0107, 0x0107, 0x0107, 0x0127, 0x0128,
    0x0148, 0x0969, 0x11AA, 0x11EB, 0x1A0C, 0x1A0C, 0x11EB, 0x09AA, 0x0969, 0x0148, 0x0127, 0x0107,
    0x0107, 0x0107, 0x0107, 0x0107, 0x0107, 0x0107, 0x0107, 0x0107, 0x0127, 0x0148, 0x0969, 0x09AA,
    0x11CB, 0x1A0C, 0x1A0C, 0x11CB, 0x11AA, 0x0969, 0x0148, 0x0127, 0x0107, 0x0107, 0x0107, 0x0107,
    0x0107, 0x0107, 0x0107, 0x0107, 0x0107, 0x0107, 0x0107, 0x0107, 0x0107, 0x0107, 0x0107, 0x0107,
    0x0107, 0x0107, 0x0107, 0x0107, 0x0107, 0x0107, 0x0107, 0x0107, 0x0107, 0x0107, 0x0107, 0x0107,
    0x0107, 0x0107, 0x0107, 0x0107, 0x0107, 0x0107, 0x0107, 0x0107, 0x0107, 0x0107, 0x0107, 0x0107,
    0x0107, 0x0107, 0x0107, 0x0107, 0x0107, 0x0107, 0x0107, 0x0107, 0x0107, 0x0107, 0x0107, 0x0107,
    0x0107, 0x0107, 0x0107, 0x0107, 0x0107, 0x0107, 0x0107, 0x0107, 0x0107, 0x0107, 0x0107, 0x0107,
    0x0107, 0x0107, 0x0107, 0x0107, 0x0107, 0x0107, 0x0107, 0x0107, 0x0107, 0x0127, 0x0948, 0x0989,
    0x11AA, 0x11EB, 0x11EB, 0x11CB, 0x11AA, 0x0989, 0x0148, 0x0127, 0x0127, 0x0107, 0x0127, 0x0128,
    0x0948, 0x0989, 0x11AA, 0x11CB, 0x11CB, 0x11CB, 0x11AB, 0x11AA, 0x11AB, 0x11CB, 0x19EC, 0x19EC,
    0x11EB, 0x11AA, 0x0989, 0x0948, 0x0128, 0x0127, 0x0107, 0x0107, 0x0107, 0x0107, 0x0107, 0x0107,
    0x0107, 0x0107, 0x0107, 0x0107, 0x0107, 0x0107, 0x0107, 0x0107, 0x0107, 0x0107, 0x0107, 0x0107,
    0x0107, 0x0107, 0x0107, 0x0107, 0x0107, 0x0107, 0x0107, 0x0107, 0x0107, 0x0107, 0x0107, 0x0127,
    0x0128, 0x0948, 0x0989, 0x11CB, 0x11EB, 0x19EC, 0x11EC, 0x11CB, 0x098A, 0x0969, 0x0128, 0x0127,
    0x0107, 0x0107, 0x0107, 0x0107, 0x0107, 0x0107, 0x0107, 0x0107, 0x0107, 0x0127, 0x0948, 0x0969,
    0x11AA, 0x11EB, 0x19EB, 0x11EB, 0x11AA, 0x0989, 0x0948, 0x0127, 0x0107, 0x0107, 0x0107, 0x0107,
    0x0107, 0x0107, 0x0107, 0x0107, 0x0107, 0x0107, 0x0107, 0x0107, 0x0107, 0x0107, 0x0107, 0x0107,
    0x0127, 0x0127, 0x0127, 0x0127, 0x0127, 0x0127, 0x0127, 0x0127, 0x0127, 0x0127, 0x0127, 0x0127,
    0x0127, 0x0127, 0x0127, 0x0127, 0x0127, 0x0127, 0x0127, 0x0127, 0x0127, 0x0127, 0x0128, 0x0148,
    0x0969, 0x098A, 0x11CB, 0x19EC, 0x1A0C, 0x11EB, 0x11AB, 0x0989, 0x0148, 0x0128, 0x0107, 0x0107,
    0x0107, 0x0107, 0x0107, 0x0107, 0x0107, 0x0107, 0x0107, 0x0127, 0x0128, 0x0948, 0x0989, 0x11CB,
    0x11EB, 0x1A0C, 0x19EB, 0x11CA, 0x0989, 0x0948, 0x0127, 0x0107, 0x0107, 0x0107, 0x0107, 0x0107,
    0x0107, 0x0107, 0x0107, 0x0107, 0x0107, 0x0107, 0x0107, 0x0107, 0x0107, 0x0107, 0x0107, 0x0107,
    0x0107, 0x0107, 0x0107, 0x0107, 0x0107, 0x0107, 0x0107, 0x0107, 0x0107, 0x0107, 0x0107, 0x0107,
    0x0107, 0x0107, 0x0107, 0x0107, 0x0107, 0x0107, 0x0107, 0x0107, 0x0107, 0x0107, 0x0107, 0x0107,
    0x0107, 0x0107, 0x0107, 0x0107, 0x0107, 0x0107, 0x0107, 0x0107, 0x0107, 0x0107, 0x0107, 0x0107,
    0x0107, 0x0107, 0x0107, 0x0107, 0x0107, 0x0107, 0x0107, 0x0107, 0x0107, 0x0107, 0x0107, 0x0107,
    0x0107, 0x0107, 0x0107, 0x0107, 0x0107, 0x0107, 0x0107, 0x0107, 0x0127, 0x0148, 0x0969, 0x09AA,
    0x11CB, 0x19EB, 0x11EB, 0x11CB, 0x09AA, 0x0969, 0x0148, 0x0128, 0x0127, 0x0127, 0x0127, 0x0128,
    0x0148, 0x0969, 0x098A, 0x11CB, 0x11EB, 0x19EC, 0x11EB, 0x11CB, 0x11EC, 0x19EC, 0x1A0C, 0x19EC,
    0x11CB, 0x11AA, 0x0969, 0x0148, 0x0128, 0x0127, 0x0127, 0x0127, 0x0127, 0x0127, 0x0127, 0x0128,
    0x0128, 0x0128, 0x0127, 0x0127, 0x0127, 0x0127, 0x0127, 0x0127, 0x0127, 0x0127, 0x0127, 0x0127,
    0x0127, 0x0107, 0x0107, 0x0107, 0x0127, 0x0127, 0x0127, 0x0127, 0x0127, 0x0127, 0x0128, 0x0128,
    0x0148, 0x0969, 0x11AA, 0x11CB, 0x19EC, 0x19EC, 0x11CB, 0x09AA, 0x0969, 0x0148, 0x0127, 0x0107,
    0x0107, 0x0107, 0x0107, 0x0107, 0x0107, 0x0107, 0x0107, 0x0107, 0x0107, 0x0128, 0x0969, 0x11AA,
    0x11CB, 0x19EB, 0x19EB, 0x11CB, 0x098A, 0x0969, 0x0148, 0x0127, 0x0107, 0x0107, 0x0107, 0x0107,
    0x0107, 0x0107, 0x0107, 0x0107, 0x0107, 0x0107, 0x0107, 0x0107, 0x0107, 0x0107, 0x0107, 0x0107,
    0x0148, 0x0148, 0x0148, 0x0148, 0x0148, 0x0148, 0x0148, 0x0148, 0x0148, 0x0148, 0x0148, 0x0148,
    0x0148, 0x0148, 0x0148, 0x0148, 0x0148, 0x0148, 0x0148, 0x0148, 0x0148, 0x0148, 0x0949, 0x0969,
    0x098A, 0x11CB, 0x11EC, 0x1A0C, 0x19EC, 0x11CB, 0x098A, 0x0969, 0x0128, 0x0127, 0x0107, 0x0107,
    0x0107, 0x0107, 0x0107, 0x0107, 0x0107, 0x0107, 0x0107, 0x0127, 0x0148, 0x0969, 0x11AA, 0x11EB,
    0x1A0C, 0x19EC, 0x11CB, 0x11AA, 0x0969, 0x0128, 0x0127, 0x0107, 0x0107, 0x0107, 0x0107, 0x0107,
    0x0107, 0x0107, 0x0107, 0x0107, 0x0107, 0x0107, 0x0107, 0x0107, 0x0107, 0x0107, 0x0107, 0x0107,
    0x0107, 0x0107, 0x0107, 0x0107, 0x0107, 0x0107, 0x0107, 0x0107, 0x0107, 0x0107, 0x0107, 0x0107,
    0x0107, 0x0107, 0x0107, 0x0107, 0x0107, 0x0107, 0x0107, 0x0107, 0x0107, 0x0107, 0x0107, 0x0107,
    0x0107, 0x0107, 0x0107, 0x0107, 0x0107, 0x0107, 0x0107, 0x0107, 0x0107, 0x0107, 0x0107, 0x0107,
    0x0107, 0x0107, 0x0107, 0x0107, 0x0107, 0x0107, 0x0107, 0x0107, 0x0107, 0x0107, 0x0107, 0x0107,
    0x0107, 0x0107, 0x0107, 0x0107, 0x0107, 0x0107, 0x0107, 0x0127, 0x0128, 0x0968, 0x098A, 0x11CB,
    0x19EC, 0x1A0C, 0x19EC, 0x11CB, 0x09AA, 0x0969, 0x0948, 0x0148, 0x0148, 0x0148, 0x0148, 0x0148,
    0x0948, 0x0969, 0x098A, 0x11CB, 0x19EC, 0x1A0C, 0x1A0C, 0x1A0D, 0x1A0D, 0x1A0D, 0x1A0D, 0x1A0C,
    0x11CB, 0x118A, 0x0969, 0x0949, 0x0148, 0x0148, 0x0148, 0x0148, 0x0148, 0x0148, 0x0148, 0x0148,
    0x0148, 0x0148, 0x0148, 0x0148, 0x0148, 0x0148, 0x0148, 0x0148, 0x0148, 0x0148, 0x0148, 0x0148,
    0x0148, 0x0128, 0x0128, 0x0128, 0x0148, 0x0148, 0x0148, 0x0148, 0x0148, 0x0148, 0x0148, 0x0969,
    0x0969, 0x09AA, 0x11CB, 0x11EB, 0x19EC, 0x11EB, 0x11AA, 0x0989, 0x0148, 0x0128, 0x0127, 0x0107,
    0x0107, 0x0107, 0x0107, 0x0107, 0x0107, 0x0107, 0x0107, 0x0107, 0x0127, 0x0948, 0x0989, 0x11AA,
    0x19EB, 0x19EB, 0x11CB, 0x11AA, 0x0969, 0x0148, 0x0127, 0x0107, 0x0107, 0x0107, 0x0107, 0x0107,
    0x0107, 0x0107, 0x0107, 0x0107, 0x0107, 0x0107, 0x0107, 0x0107, 0x0107, 0x0107, 0x0107, 0x0107,
    0x0969, 0x0969, 0x0969, 0x0969, 0x0969, 0x0969, 0x0969, 0x0969, 0x0969, 0x0969, 0x0969, 0x0969,
    0x0969, 0x0969, 0x0969, 0x0969, 0x0969, 0x0989, 0x0989, 0x0989, 0x0989, 0x0989, 0x098A, 0x09AA,
    0x11CB, 0x11EC, 0x1A0C, 0x1A0C, 0x11EB, 0x11AA, 0x0969, 0x0148, 0x0127, 0x0107, 0x0107, 0x0107,
    0x0107, 0x0107, 0x0107, 0x0107, 0x0107, 0x0107, 0x0107, 0x0128, 0x0948, 0x0989, 0x11CB, 0x19EB,
    0x1A0C, 0x11EB, 0x11AA, 0x0969, 0x0148, 0x0127, 0x0107, 0x0107, 0x0107, 0x0107, 0x0107, 0x0107,
    0x0107, 0x0107, 0x0107, 0x0107, 0x0107, 0x0107, 0x0107, 0x0107, 0x0107, 0x0107, 0x0107, 0x0107,
    0x0107, 0x0107, 0x0107, 0x0107, 0x0107, 0x0107, 0x0107, 0x0107, 0x0107, 0x0107, 0x0107, 0x0107,
    0x0107, 0x0107, 0x0107, 0x0107, 0x0107, 0x0107, 0x0107, 0x0107, 0x0107, 0x0107, 0x0107, 0x0107,
    0x0107, 0x0107, 0x0107, 0x0107, 0x0107, 0x0107, 0x0107, 0x0107, 0x0107, 0x0107, 0x0107, 0x0107,
    0x0107, 0x0107, 0x0107, 0x0107, 0x0107, 0x0107, 0x0107, 0x0107, 0x0107, 0x0107, 0x0107, 0x0107,
    0x0107, 0x0107, 0x0107, 0x0107, 0x0107, 0x0107, 0x0127, 0x0127, 0x0148, 0x0989, 0x11AA, 0x11EC,
    0x1A0C, 0x1A2D, 0x1A0C, 0x11EB, 0x11AA, 0x098A, 0x0969, 0x0969, 0x0969, 0x0969, 0x0969, 0x0969,
    0x0969, 0x098A, 0x11AA, 0x11CB, 0x19EC, 0x1A0D, 0x1A2D, 0x224D, 0x224E, 0x222D, 0x1A2D, 0x1A0C,
    0x11EB, 0x11AA, 0x098A, 0x0989, 0x0969, 0x0969, 0x0969, 0x0969, 0x0969, 0x0969, 0x0969, 0x0969,
    0x0969, 0x0969, 0x0989, 0x0989, 0x0989, 0x0989, 0x0989, 0x0989, 0x0969, 0x0969, 0x0969, 0x0969,
    0x0969, 0x0969, 0x0969, 0x0969, 0x0969, 0x0969, 0x0969, 0x0969, 0x0969, 0x0989, 0x0989, 0x098A,
    0x11AA, 0x11CB, 0x11EC, 0x19EC, 0x11EC, 0x11CB, 0x098A, 0x0969, 0x0128, 0x0127, 0x0107, 0x0107,
    0x0107, 0x0107, 0x0107, 0x0107, 0x0107, 0x0107, 0x0107, 0x0107, 0x0148, 0x0969, 0x11AA, 0x11CB,
    0x19EB, 0x11EB, 0x11CA, 0x0989, 0x0948, 0x0128, 0x0127, 0x0107, 0x0107, 0x0107, 0x0107, 0x0107,
    0x0107, 0x0107, 0x0107, 0x0107, 0x0107, 0x0107, 0x0107, 0x0107, 0x0107, 0x0107, 0x0107, 0x0107,
    0x11AA, 0x11AA, 0x11AA, 0x11AA, 0x11AA, 0x11AA, 0x11AA, 0x11AA, 0x11AA, 0x11AA, 0x11AA, 0x11AA,
    0x11AA, 0x11AA, 0x11AA, 0x11AA, 0x11AA, 0x11AA, 0x11AA, 0x11AA, 0x11CB, 0x11CB, 0x11CB, 0x11EC,
    0x1A0C, 0x1A0C, 0x1A2D, 0x1A0C, 0x11CB, 0x098A, 0x0949, 0x0128, 0x0107, 0x0107, 0x0107, 0x0107,
    0x0107, 0x0107, 0x0107, 0x0107, 0x0107, 0x0107, 0x0127, 0x0148, 0x0969, 0x11AA, 0x11EB, 0x19EC,
    0x19EB, 0x11CB, 0x0989, 0x0968, 0x0128, 0x0107, 0x0107, 0x0107, 0x0107, 0x0107, 0x0107, 0x0107,
    0x0107, 0x0107, 0x0107, 0x0107, 0x0107, 0x0107, 0x0107, 0x0107, 0x0107, 0x0107, 0x0107, 0x0107,
    0x0107, 0x0107, 0x0107, 0x0107, 0x0107, 0x0107, 0x0107, 0x0107, 0x0107, 0x0107, 0x0107, 0x0107,
    0x0107, 0x0107, 0x0107, 0x0107, 0x0107, 0x0107, 0x0107, 0x0107, 0x0107, 0x0107, 0x0107, 0x0107,
    0x0107, 0x0107, 0x0107, 0x0107, 0x0107, 0x0107, 0x0107, 0x0107, 0x0107, 0x0107, 0x0107, 0x0107,
    0x0107, 0x0107, 0x0107, 0x0107, 0x0107, 0x0107, 0x0107, 0x0107, 0x0107, 0x0107, 0x0107, 0x0107,
    0x0107, 0x0107, 0x0107, 0x0107, 0x0107, 0x0107, 0x0127, 0x0148, 0x0969, 0x09AA, 0x11EB, 0x1A2D,
    0x1A4D, 0x1A4D, 0x1A2D, 0x11EC, 0x11CB, 0x11AB, 0x11AA, 0x09AA, 0x09AA, 0x09AA, 0x09AA, 0x09AA,
    0x11AA, 0x11AA, 0x11CB, 0x11EC, 0x1A0C, 0x1A2D, 0x224E, 0x224E, 0x224E, 0x224E, 0x1A2D, 0x1A0D,
    0x19EC, 0x11CB, 0x11AB, 0x11AA, 0x11AA, 0x11AA, 0x11AA, 0x11AA, 0x11AA, 0x11AA, 0x11AA, 0x11AB,
    0x11AB, 0x11AB, 0x11CB, 0x11CB, 0x11CB, 0x11CB, 0x11CB, 0x11CB, 0x11CB, 0x11AB, 0x11AA, 0x11AA,
    0x11AA, 0x11AA, 0x11AA, 0x11AB, 0x11AB, 0x11AB, 0x11AB, 0x11AB, 0x11AB, 0x11CB, 0x11CB, 0x11CB,
    0x11EC, 0x1A0C, 0x1A0C, 0x1A0C, 0x11EB, 0x11AA, 0x0969, 0x0148, 0x0127, 0x0107, 0x0107, 0x0107,
    0x0107, 0x0107, 0x0107, 0x0106, 0x0106, 0x0106, 0x0107, 0x0127, 0x0948, 0x0989, 0x11CA, 0x19EB,
    0x19EB, 0x11CB, 0x11AA, 0x0969, 0x0148, 0x0127, 0x0107, 0x0107, 0x0107, 0x0107, 0x0107, 0x0107,
    0x0107, 0x0107, 0x0107, 0x0107, 0x0107, 0x0107, 0x0107, 0x0107, 0x0107, 0x0107, 0x0107, 0x0107,
    0x11CB, 0x11EB, 0x11EB, 0x11EB, 0x19EC, 0x1A0C, 0x1A0C, 0x11EC, 0x11EB, 0x11EB, 0x11CB, 0x11EB,
    0x11EB, 0x11EB, 0x11EB, 0x11EB, 0x11EB, 0x11EB, 0x11EB, 0x11EB, 0x11EC, 0x11EC, 0x11EC, 0x1A0C,
    0x1A2D, 0x1A2D, 0x1A2D, 0x1A0C, 0x11CB, 0x0989, 0x0148, 0x0127, 0x0107, 0x0107, 0x0107, 0x0107,
    0x0107, 0x0107, 0x0107, 0x0107, 0x0107, 0x0107, 0x0128, 0x0969, 0x098A, 0x11CB, 0x19EB, 0x19EB,
    0x11CB, 0x11AA, 0x0969, 0x0148, 0x0127, 0x0107, 0x0107, 0x0107, 0x0107, 0x0107, 0x0107, 0x0107,
    0x0107, 0x0107, 0x0107, 0x0107, 0x0107, 0x0107, 0x0107, 0x0107, 0x0107, 0x0107, 0x0107, 0x0107,
    0x0107, 0x0107, 0x0107, 0x0107, 0x0107, 0x0107, 0x0107, 0x0107, 0x0107, 0x0107, 0x0107, 0x0107,
    0x0107, 0x0107, 0x0107, 0x0107, 0x0107, 0x0107, 0x0107, 0x0107, 0x0107, 0x0107, 0x0107, 0x0107,
    0x0107, 0x0107, 0x0107, 0x0107, 0x0107, 0x0107, 0x0107, 0x0107, 0x0107, 0x0107, 0x0107, 0x0107,
    0x0107, 0x0107, 0x0107, 0x0107, 0x0107, 0x0107, 0x0107, 0x0107, 0x0107, 0x0107, 0x0107, 0x0107,
    0x0107, 0x0107, 0x0107, 0x0107, 0x0107, 0x0127, 0x0127, 0x0148, 0x098A, 0x11CB, 0x1A0C, 0x1A4D,
    0x226E, 0x224E, 0x1A2D, 0x1A0C, 0x11EC, 0x11CB, 0x11CB, 0x11CB, 0x11CB, 0x11CB, 0x11CB, 0x11CB,
    0x11CB, 0x11CB, 0x11CB, 0x19EC, 0x1A0C, 0x1A2D, 0x224E, 0x224E, 0x224E, 0x224E, 0x1A2D, 0x1A0D,
    0x1A0C, 0x19EB, 0x11CB, 0x11CB, 0x11CB, 0x11CB, 0x11CB, 0x11CB, 0x11CB, 0x11CB, 0x11CB, 0x11CB,
    0x11EB, 0x11EB, 0x11EC, 0x19EC, 0x1A0C, 0x1A0C, 0x1A0C, 0x1A0C, 0x1A0C, 0x11EC, 0x11EC, 0x11EB,
    0x11EB, 0x11EB, 0x11EB, 0x11EB, 0x11EB, 0x11EC, 0x11EC, 0x11EC, 0x11EC, 0x11EC, 0x11EC, 0x120C,
    0x1A0C, 0x1A2D, 0x1A2D, 0x1A0C, 0x11CB, 0x098A, 0x0969, 0x0128, 0x0107, 0x0107, 0x0107, 0x0107,
    0x0107, 0x0106, 0x0106, 0x0106, 0x0106, 0x0107, 0x0127, 0x0148, 0x0969, 0x11AA, 0x11CB, 0x19EB,
    0x11CB, 0x11AA, 0x0969, 0x0948, 0x0127, 0x0107, 0x0107, 0x0107, 0x0107, 0x0107, 0x0107, 0x0107,
    0x0107, 0x0107, 0x0107, 0x0107, 0x0107, 0x0107, 0x0107, 0x0107, 0x0107, 0x0107, 0x0107, 0x0107,
    0x11EB, 0x11EB, 0x19EC, 0x1A0C, 0x1A0C, 0x1A2D, 0x1A2D, 0x1A0C, 0x1A0C, 0x19EC, 0x11EC, 0x11EC,
    0x11EB, 0x11EB, 0x11EB, 0x11EC, 0x11EC, 0x11EC, 0x11EC, 0x11EC, 0x11EC, 0x11EC, 0x1A0C, 0x1A0D,
    0x1A2D, 0x1A2D, 0x1A2D, 0x19EC, 0x11CA, 0x0969, 0x0148, 0x0107, 0x0107, 0x0107, 0x0107, 0x0107,
    0x0107, 0x0107, 0x0107, 0x0107, 0x0107, 0x0127, 0x0148, 0x0969, 0x11AA, 0x11EB, 0x19EB, 0x19EB,
    0x11CA, 0x0989, 0x0948, 0x0127, 0x0107, 0x0107, 0x0107, 0x0107, 0x0107, 0x0107, 0x0107, 0x0107,
    0x0107, 0x0107, 0x0107, 0x0107, 0x0107, 0x0107, 0x0107, 0x0107, 0x0107, 0x0107, 0x0107, 0x0107,
    0x0107, 0x0107, 0x0107, 0x0107, 0x0107, 0x0107, 0x0107, 0x0107, 0x0107, 0x0107, 0x0107, 0x0107,
    0x0107, 0x0107, 0x0107, 0x0107, 0x0107, 0x0107, 0x0107, 0x0107, 0x0107, 0x0107, 0x0107, 0x0107,
    0x0107, 0x0107, 0x0107, 0x0107, 0x0107, 0x0107, 0x0107, 0x0107, 0x0107, 0x0107, 0x0107, 0x0107,
    0x0107, 0x0107, 0x0107, 0x0107, 0x0107, 0x0107, 0x0107, 0x0107, 0x0107, 0x0107, 0x0107, 0x0107,
    0x0107, 0x0107, 0x0107, 0x0107, 0x0107, 0x0127, 0x0148, 0x0969, 0x11AA, 0x11EC, 0x1A2D, 0x226E,
    0x226E, 0x226E, 0x1A4D, 0x1A0D, 0x11EC, 0x11EB, 0x11CB, 0x11CB, 0x11CB, 0x11CB, 0x11CB, 0x11CB,
    0x11CB, 0x11CB, 0x11CB, 0x11EC, 0x19EC, 0x1A0C, 0x1A2D, 0x1A2D, 0x1A2D, 0x1A2D, 0x1A0C, 0x1A0C,
    0x19EC, 0x19EB, 0x11CB, 0x11EB, 0x11EB, 0x11EB, 0x11CB, 0x11CB, 0x11CB, 0x11EB, 0x11EB, 0x11EB,
    0x19EB, 0x19EC, 0x19EC, 0x1A0C, 0x1A2D, 0x1A2D, 0x1A4D, 0x1A2D, 0x1A2D, 0x1A0C, 0x1A0C, 0x11EC,
    0x11EC, 0x11EC, 0x11EC, 0x11EC, 0x11EC, 0x11EC, 0x11EC, 0x11EC, 0x11EC, 0x11EC, 0x120C, 0x1A0C,
    0x1A2D, 0x1A2D, 0x1A2D, 0x1A0C, 0x11CB, 0x098A, 0x0148, 0x0127, 0x0107, 0x0107, 0x0106, 0x0106,
    0x0106, 0x0106, 0x0106, 0x0106, 0x0106, 0x0107, 0x0127, 0x0948, 0x1189, 0x11CA, 0x19EB, 0x19EB,
    0x11CA, 0x0989, 0x0968, 0x0128, 0x0107, 0x0107, 0x0107, 0x0107, 0x0107, 0x0107, 0x0107, 0x0107,
    0x0107, 0x0107, 0x0107, 0x0107, 0x0107, 0x0107, 0x0107, 0x0107, 0x0107, 0x0107, 0x0107, 0x0107,
    0x11CB, 0x11CB, 0x11EB, 0x1A0C, 0x1A0C, 0x1A2D, 0x1A2D, 0x1A2D, 0x1A0C, 0x11EC, 0x11EB, 0x11CB,
    0x11CB, 0x11CB, 0x11CB, 0x11CB, 0x11CB, 0x11CB, 0x11CB, 0x11CB, 0x11CB, 0x11CB, 0x11EC, 0x120C,
    0x1A0C, 0x1A2D, 0x1A2D, 0x19EC, 0x11CB, 0x0989, 0x0948, 0x0127, 0x0107, 0x0107, 0x0107, 0x0107,
    0x0107, 0x0106, 0x0107, 0x0107, 0x0107, 0x0128, 0x0969, 0x118A, 0x11CB, 0x19EB, 0x19EB, 0x11CB,
    0x118A, 0x0969, 0x0148, 0x0127, 0x0107, 0x0107, 0x0107, 0x0107, 0x0107, 0x0107, 0x0107, 0x0107,
    0x0107, 0x0107, 0x0107, 0x0107, 0x0107, 0x0107, 0x0107, 0x0107, 0x0107, 0x0107, 0x0107, 0x0107,
    0x0107, 0x0107, 0x0107, 0x0107, 0x0107, 0x0107, 0x0107, 0x0107, 0x0107, 0x0107, 0x0107, 0x0107,
    0x0107, 0x0107, 0x0107, 0x0107, 0x0107, 0x0107, 0x0107, 0x0107, 0x0107, 0x0107, 0x0107, 0x0107,
    0x0107, 0x0107, 0x0107, 0x0107, 0x0107, 0x0107, 0x0107, 0x0107, 0x0107, 0x0107, 0x0107, 0x0107,
    0x0107, 0x0107, 0x0107, 0x0107, 0x0107, 0x0107, 0x0107, 0x0107, 0x0107, 0x0107, 0x0107, 0x0107,
    0x0107, 0x0107, 0x0107, 0x0107, 0x0127, 0x0128, 0x0968, 0x098A, 0x11CB, 0x1A2D, 0x224E, 0x226E,
    0x226E, 0x226E, 0x1A2D, 0x1A0C, 0x11EB, 0x11CB, 0x11CB, 0x11AB, 0x11AA, 0x11AA, 0x11AA, 0x11AA,
    0x11AA, 0x11AA, 0x11AB, 0x11AB, 0x11CB, 0x11CB, 0x11EB, 0x11EB, 0x11EC, 0x11CB, 0x11CB, 0x11CB,
    0x11CB, 0x11AB, 0x11AA, 0x11CA, 0x11CA, 0x11CA, 0x11AA, 0x11AA, 0x11AA, 0x11AA, 0x11AB, 0x11CB,
    0x11CB, 0x11CB, 0x11EB, 0x19EC, 0x1A0C, 0x1A2D, 0x1A4D, 0x1A4D, 0x1A2D, 0x1A0C, 0x11EC, 0x11EB,
    0x11CB, 0x11CB, 0x11CB, 0x11CB, 0x11CB, 0x11CB, 0x11CB, 0x11CB, 0x11CB, 0x11CB, 0x11EB, 0x11EC,
    0x120C, 0x1A0C, 0x1A0C, 0x1A0C, 0x11CB, 0x098A, 0x0948, 0x0127, 0x0107, 0x0107, 0x0106, 0x0106,
    0x0106, 0x0106, 0x0106, 0x0106, 0x0107, 0x0127, 0x0948, 0x0969, 0x11AA, 0x11CB, 0x19EB, 0x11CB,
    0x11AA, 0x0969, 0x0948, 0x0127, 0x0107, 0x0107, 0x0107, 0x0107, 0x0107, 0x0107, 0x0107, 0x0107,
    0x0107, 0x0107, 0x0107, 0x0107, 0x0107, 0x0107, 0x0107, 0x0107, 0x0107, 0x0107, 0x0107, 0x0107,
    0x098A, 0x09AA, 0x11AA, 0x11CB, 0x19EC, 0x1A2C, 0x1A2D, 0x1A2D, 0x120C, 0x11EB, 0x11CB, 0x09AA,
    0x09AA, 0x098A, 0x098A, 0x098A, 0x098A, 0x098A, 0x098A, 0x098A, 0x098A, 0x09AA, 0x09AA, 0x11CB,
    0x11EB, 0x1A0C, 0x1A0C, 0x1A0C, 0x11CB, 0x098A, 0x0948, 0x0128, 0x0107, 0x0107, 0x0107, 0x0107,
    0x0107, 0x0106, 0x0107, 0x0107, 0x0127, 0x0948, 0x0969, 0x11AA, 0x11EB, 0x19EB, 0x11EB, 0x11AA,
    0x0969, 0x0148, 0x0127, 0x0107, 0x0107, 0x0107, 0x0107, 0x0107, 0x0107, 0x0107, 0x0107, 0x0107,
    0x0107, 0x0107, 0x0107, 0x0107, 0x0107, 0x0107, 0x0107, 0x0107, 0x0107, 0x0107, 0x0107, 0x0107,
    0x0107, 0x0107, 0x0107, 0x0107, 0x0107, 0x0107, 0x0107, 0x0107, 0x0107, 0x0107, 0x0107, 0x0107,
    0x0107, 0x0107, 0x0107, 0x0107, 0x0107, 0x0107, 0x0107, 0x0107, 0x0107, 0x0107, 0x0107, 0x0107,
    0x0107, 0x0107, 0x0107, 0x0107, 0x0107, 0x0107, 0x0107, 0x0107, 0x0107, 0x0107, 0x0107, 0x0107,
    0x0107, 0x0107, 0x0107, 0x0107, 0x0107, 0x0107, 0x0107, 0x0107, 0x0107, 0x0107, 0x0107, 0x0107,
    0x0107, 0x0107, 0x0107, 0x0107, 0x0127, 0x0148, 0x0969, 0x11AA, 0x11EC, 0x1A2D, 0x224E, 0x226E,
    0x226E, 0x1A4E, 0x1A2D, 0x11EC, 0x11CB, 0x11AA, 0x098A, 0x098A, 0x0989, 0x0989, 0x0989, 0x0989,
    0x0969, 0x0969, 0x0969, 0x0989, 0x098A, 0x098A, 0x098A, 0x098A, 0x098A, 0x098A, 0x098A, 0x098A,
    0x0989, 0x0989, 0x0989, 0x0989, 0x0989, 0x0989, 0x0989, 0x0989, 0x0989, 0x0989, 0x0989, 0x0989,
    0x0989, 0x098A, 0x11AA, 0x11CB, 0x11EC, 0x1A0C, 0x1A2D, 0x1A2D, 0x1A0D, 0x11EC, 0x11CB, 0x11AB,
    0x09AA, 0x098A, 0x098A, 0x098A, 0x098A, 0x098A, 0x098A, 0x098A, 0x098A, 0x09AA, 0x09AA, 0x11AB,
    0x11CB, 0x11EC, 0x19EC, 0x11EC, 0x11CB, 0x09AA, 0x0969, 0x0128, 0x0127, 0x0107, 0x0106, 0x0106,
    0x0106, 0x0106, 0x0106, 0x0107, 0x0107, 0x0127, 0x0968, 0x1189, 0x11CA, 0x19CB, 0x11CB, 0x11AA,
    0x0989, 0x0948, 0x0127, 0x0107, 0x0107, 0x0107, 0x0107, 0x0107, 0x0107, 0x0107, 0x0107, 0x0107,
    0x0107, 0x0107, 0x0107, 0x0107, 0x0107, 0x0107, 0x0107, 0x0107, 0x0107, 0x0107, 0x0107, 0x0107,
    0x0948, 0x0969, 0x0969, 0x09AA, 0x11CB, 0x19EC, 0x1A0C, 0x1A0C, 0x11EC, 0x11CB, 0x098A, 0x0989,
    0x0969, 0x0969, 0x0969, 0x0949, 0x0948, 0x0948, 0x0948, 0x0949, 0x0969, 0x0969, 0x0969, 0x098A,
    0x11AA, 0x11CB, 0x19EC, 0x19EC, 0x11EB, 0x11AA, 0x0969, 0x0148, 0x0107, 0x0107, 0x0107, 0x0107,
    0x0107, 0x0106, 0x0107, 0x0107, 0x0128, 0x0969, 0x118A, 0x11CB, 0x19EB, 0x19EB, 0x11CB, 0x098A,
    0x0948, 0x0128, 0x0127, 0x0107, 0x0107, 0x0107, 0x0107, 0x0107, 0x0107, 0x0107, 0x0107, 0x0107,
    0x0107, 0x0107, 0x0107, 0x0107, 0x0107, 0x0107, 0x0107, 0x0107, 0x0107, 0x0107, 0x0107, 0x0107,
    0x0107, 0x0107, 0x0107, 0x0107, 0x0107, 0x0107, 0x0107, 0x0107, 0x0107, 0x0107, 0x0107, 0x0107,
    0x0107, 0x0107, 0x0107, 0x0107, 0x0107, 0x0107, 0x0107, 0x0107, 0x0107, 0x0107, 0x0107, 0x0107,
    0x0107, 0x0107, 0x0107, 0x0107, 0x0107, 0x0107, 0x0107, 0x0107, 0x0107, 0x0107, 0x0107, 0x0107,
    0x0107, 0x0107, 0x0107, 0x0107, 0x0107, 0x0107, 0x0107, 0x0107, 0x0107, 0x0107, 0x0107, 0x0107,
    0x0107, 0x0107, 0x0107, 0x0127, 0x0148, 0x0969, 0x09AA, 0x11CB, 0x1A0C, 0x1A2D, 0x1A4D, 0x1A4E,
    0x1A4D, 0x1A2D, 0x1A0C, 0x11EB, 0x11AA, 0x0969, 0x0969, 0x0949, 0x0148, 0x0148, 0x0148, 0x0148,
    0x0948, 0x0948, 0x0948, 0x0948, 0x0948, 0x0948, 0x0948, 0x0948, 0x0948, 0x0948, 0x0948, 0x0948,
    0x0948, 0x0948, 0x0948, 0x0948, 0x0948, 0x0948, 0x0948, 0x0948, 0x0948, 0x0948, 0x0948, 0x0948,
    0x0948, 0x0948, 0x0969, 0x098A, 0x11AA, 0x11EC, 0x1A0C, 0x1A2D, 0x1A0C, 0x11EB, 0x11AA, 0x098A,
    0x0969, 0x0969, 0x0969, 0x0949, 0x0969, 0x0969, 0x0969, 0x0969, 0x0969, 0x0969, 0x0969, 0x0989,
    0x098A, 0x11AB, 0x11CB, 0x11EB, 0x11CB, 0x11AA, 0x0989, 0x0948, 0x0127, 0x0107, 0x0107, 0x0107,
    0x0107, 0x0107, 0x0107, 0x0107, 0x0127, 0x0948, 0x0969, 0x11AA, 0x11CB, 0x19CB, 0x11CA, 0x1189,
    0x0968, 0x0128, 0x0107, 0x0107, 0x0107, 0x0107, 0x0107, 0x0107, 0x0107, 0x0107, 0x0107, 0x0107,
    0x0107, 0x0107, 0x0107, 0x0107, 0x0107, 0x0107, 0x0107, 0x0107, 0x0107, 0x0107, 0x0107, 0x0107,
    0x0127, 0x0128, 0x0148, 0x0969, 0x09AA, 0x11CB, 0x19EC, 0x1A0C, 0x11EC, 0x11CB, 0x098A, 0x0969,
    0x0148, 0x0128, 0x0128, 0x0128, 0x0127, 0x0127, 0x0128, 0x0128, 0x0128, 0x0128, 0x0148, 0x0948,
    0x0989, 0x11AA, 0x11CB, 0x19EB, 0x11EB, 0x11CA, 0x0989, 0x0948, 0x0128, 0x0107, 0x0107, 0x0107,
    0x0107, 0x0107, 0x0107, 0x0127, 0x0948, 0x0989, 0x11AA, 0x19EB, 0x19EB, 0x11CB, 0x11AA, 0x0969,
    0x0148, 0x0127, 0x0107, 0x0107, 0x0107, 0x0107, 0x0107, 0x0107, 0x0107, 0x0107, 0x0107, 0x0107,
    0x0107, 0x0107, 0x0107, 0x0107, 0x0107, 0x0107, 0x0107, 0x0107, 0x0107, 0x0107, 0x0107, 0x0107,
    0x0107, 0x0107, 0x0107, 0x0107, 0x0107, 0x0107, 0x0107, 0x0107, 0x0107, 0x0107, 0x0107, 0x0107,
    0x0107, 0x0107, 0x0107, 0x0107, 0x0107, 0x0107, 0x0107, 0x0107, 0x0107, 0x0107, 0x0107, 0x0107,
    0x0107, 0x0107, 0x0107, 0x0107, 0x0107, 0x0107, 0x0107, 0x0107, 0x0107, 0x0107, 0x0107, 0x0107,
    0x0107, 0x0107, 0x0107, 0x0107, 0x0107, 0x0107, 0x0107, 0x0107, 0x0107, 0x0107, 0x0107, 0x0107,
    0x0107, 0x0107, 0x0107, 0x0127, 0x0148, 0x0989, 0x11AA, 0x11EB, 0x1A0C, 0x1A2D, 0x1A0D, 0x1A0D,
    0x1A2D, 0x1A0D, 0x1A0C, 0x11CB, 0x11AA, 0x0969, 0x0148, 0x0128, 0x0128, 0x0127, 0x0127, 0x0127,
    0x0127, 0x0127, 0x0127, 0x0127, 0x0127, 0x0127, 0x0128, 0x0128, 0x0127, 0x0127, 0x0127, 0x0127,
    0x0127, 0x0127, 0x0127, 0x0127, 0x0127, 0x0107, 0x0107, 0x0107, 0x0107, 0x0127, 0x0127, 0x0127,
    0x0127, 0x0127, 0x0128, 0x0948, 0x0989, 0x11CB, 0x11EB, 0x1A0C, 0x19EC, 0x11CB, 0x09AA, 0x0969,
    0x0948, 0x0148, 0x0128, 0x0128, 0x0128, 0x0128, 0x0128, 0x0128, 0x0128, 0x0128, 0x0128, 0x0148,
    0x0969, 0x098A, 0x11AA, 0x11CB, 0x11CB, 0x11CA, 0x098A, 0x0969, 0x0148, 0x0127, 0x0107, 0x0107,
    0x0107, 0x0107, 0x0107, 0x0127, 0x0128, 0x0969, 0x11AA, 0x11CB, 0x19CB, 0x11CB, 0x11AA, 0x0969,
    0x0948, 0x0127, 0x0107, 0x0107, 0x0107, 0x0107, 0x0107, 0x0107, 0x0107, 0x0107, 0x0107, 0x0107,
    0x0107, 0x0107, 0x0107, 0x0107, 0x0107, 0x0107, 0x0107, 0x0107, 0x0107, 0x0107, 0x0107, 0x0107,
    0x0107, 0x0127, 0x0127, 0x0148, 0x0969, 0x11AA, 0x11EB, 0x19EC, 0x11EC, 0x11CB, 0x098A, 0x0969,
    0x0148, 0x0127, 0x0107, 0x0107, 0x0107, 0x0107, 0x0107, 0x0107, 0x0107, 0x0107, 0x0127, 0x0128,
    0x0948, 0x0989, 0x11AA, 0x11CB, 0x19EB, 0x11CB, 0x11AA, 0x0969, 0x0148, 0x0127, 0x0107, 0x0107,
    0x0107, 0x0107, 0x0127, 0x0148, 0x0969, 0x11AA, 0x11CB, 0x19EB, 0x11EB, 0x11AA, 0x0989, 0x0948,
    0x0127, 0x0107, 0x0107, 0x0107, 0x0106, 0x0107, 0x0107, 0x0107, 0x0107, 0x0107, 0x0107, 0x0107,
    0x0107, 0x0107, 0x0107, 0x0107, 0x0107, 0x0107, 0x0107, 0x0107, 0x0107, 0x0107, 0x0107, 0x0107,
    0x0107, 0x0107, 0x0107, 0x0107, 0x0107, 0x0107, 0x0107, 0x0107, 0x0107, 0x0107, 0x0107, 0x0107,
    0x0107, 0x0107, 0x0107, 0x0107, 0x0107, 0x0107, 0x0107, 0x0107, 0x0107, 0x0107, 0x0107, 0x0107,
    0x0107, 0x0107, 0x0107, 0x0107, 0x0107, 0x0107, 0x0107, 0x0107, 0x0107, 0x0107, 0x0107, 0x0107,
    0x0107, 0x0107, 0x0107, 0x0107, 0x0107, 0x0107, 0x0107, 0x0107, 0x0107, 0x0107, 0x0107, 0x0107,
    0x0107, 0x0107, 0x0127, 0x0148, 0x0969, 0x11AA, 0x11CB, 0x19EC, 0x1A0C, 0x19EC, 0x11EC, 0x11EC,
    0x11EC, 0x1A0C, 0x1A0C, 0x11EB, 0x11AA, 0x0969, 0x0148, 0x0128, 0x0107, 0x0107, 0x0107, 0x0107,
    0x0107, 0x0107, 0x0107, 0x0107, 0x0107, 0x0107, 0x0107, 0x0107, 0x0107, 0x0107, 0x0107, 0x0107,
    0x0107, 0x0107, 0x0107, 0x0107, 0x0107, 0x0107, 0x0107, 0x0107, 0x0107, 0x0107, 0x0107, 0x0107,
    0x0107, 0x0107, 0x0127, 0x0128, 0x0969, 0x098A, 0x11CB, 0x11EB, 0x19EC, 0x11CB, 0x11AA, 0x0969,
    0x0148, 0x0128, 0x0127, 0x0107, 0x0107, 0x0107, 0x0107, 0x0107, 0x0107, 0x0127, 0x0127, 0x0128,
    0x0148, 0x0969, 0x098A, 0x11CA, 0x11CB, 0x11CB, 0x11AA, 0x0989, 0x0948, 0x0128, 0x0107, 0x0107,
    0x0107, 0x0107, 0x0107, 0x0127, 0x0948, 0x0989, 0x11AA, 0x19CB, 0x19CB, 0x11CA, 0x1189, 0x0948,
    0x0127, 0x0107, 0x0107, 0x0107, 0x0107, 0x0107, 0x0107, 0x0107, 0x0107, 0x0107, 0x0107, 0x0107,
    0x0107, 0x0107, 0x0107, 0x0107, 0x0107, 0x0107, 0x0107, 0x0107, 0x0107, 0x0107, 0x0107, 0x0107,
    0x0107, 0x0107, 0x0127, 0x0128, 0x0969, 0x098A, 0x11CB, 0x11EB, 0x11EC, 0x11CB, 0x09AA, 0x0969,
    0x0148, 0x0127, 0x0107, 0x0107, 0x0107, 0x0107, 0x0107, 0x0107, 0x0107, 0x0107, 0x0107, 0x0127,
    0x0128, 0x0969, 0x0989, 0x11CA, 0x11EB, 0x11CB, 0x11AA, 0x1189, 0x0948, 0x0128, 0x0107, 0x0107,
    0x0107, 0x0107, 0x0128, 0x0948, 0x0989, 0x11AA, 0x19CB, 0x19EB, 0x11CB, 0x118A, 0x0969, 0x0148,
    0x0127, 0x0107, 0x0107, 0x0107, 0x0106, 0x0107, 0x0107, 0x0107, 0x0107, 0x0107, 0x0107, 0x0107,
    0x0107, 0x0107, 0x0107, 0x0107, 0x0107, 0x0107, 0x0107, 0x0107, 0x0107, 0x0107, 0x0107, 0x0107,
    0x0107, 0x0107, 0x0107, 0x0107, 0x0107, 0x0107, 0x0107, 0x0107, 0x0107, 0x0107, 0x0107, 0x0107,
    0x0107, 0x0107, 0x0107, 0x0107, 0x0107, 0x0107, 0x0107, 0x0107, 0x0107, 0x0107, 0x0107, 0x0107,
    0x0107, 0x0107, 0x0107, 0x0107, 0x0107, 0x0107, 0x0107, 0x0107, 0x0107, 0x0107, 0x0107, 0x0107,
    0x0107, 0x0107, 0x0107, 0x0107, 0x0107, 0x0107, 0x0107, 0x0107, 0x0107, 0x0107, 0x0107, 0x0107,
    0x0107, 0x0107, 0x0127, 0x0948, 0x0989, 0x11CA, 0x11EB, 0x19EC, 0x11EB, 0x11CB, 0x11AB, 0x11AA,
    0x11CB, 0x11EB, 0x11EC, 0x11EB, 0x11CB, 0x098A, 0x0949, 0x0128, 0x0107, 0x0107, 0x0107, 0x0107,
    0x0107, 0x0107, 0x0107, 0x0107, 0x0107, 0x0107, 0x0107, 0x0107, 0x0107, 0x0107, 0x0107, 0x0107,
    0x0107, 0x0107, 0x0107, 0x0107, 0x0107, 0x0107, 0x0107, 0x0107, 0x0107, 0x0107, 0x0107, 0x0106,
    0x0107, 0x0107, 0x0107, 0x0127, 0x0148, 0x0969, 0x11AA, 0x11CB, 0x11EB, 0x11EB, 0x11CB, 0x0989,
    0x0948, 0x0128, 0x0127, 0x0107, 0x0107, 0x0107, 0x0107, 0x0107, 0x0107, 0x0107, 0x0107, 0x0127,
    0x0127, 0x0148, 0x0969, 0x09AA, 0x11CA, 0x11CB, 0x11CB, 0x11AA, 0x0969, 0x0148, 0x0127, 0x0107,
    0x0107, 0x0107, 0x0127, 0x0148, 0x0969, 0x11AA, 0x11CB, 0x19EB, 0x11CB, 0x11AA, 0x0969, 0x0928,
    0x0127, 0x0107, 0x0107, 0x0107, 0x0107, 0x0107, 0x0107, 0x0107, 0x0107, 0x0107, 0x0107, 0x0107,
    0x0107, 0x0107, 0x0107, 0x0107, 0x0107, 0x0107, 0x0107, 0x0107, 0x0107, 0x0107, 0x0107, 0x0107,
    0x0107, 0x0107, 0x0107, 0x0127, 0x0148, 0x0969, 0x11AA, 0x11EB, 0x11EC, 0x11EB, 0x11CB, 0x098A,
    0x0948, 0x0128, 0x0107, 0x0107, 0x0107, 0x0107, 0x0107, 0x0107, 0x0107, 0x0107, 0x0107, 0x0107,
    0x0127, 0x0148, 0x0969, 0x11AA, 0x11CB, 0x11CB, 0x11CB, 0x11AA, 0x0969, 0x0948, 0x0127, 0x0107,
    0x0107, 0x0127, 0x0148, 0x0969, 0x11AA, 0x11CB, 0x19EB, 0x11CB, 0x11AA, 0x0969, 0x0948, 0x0127,
    0x0107, 0x0107, 0x0107, 0x0107, 0x0107, 0x0107, 0x0107, 0x0107, 0x0107, 0x0107, 0x0107, 0x0107,
    0x0107, 0x0107, 0x0107, 0x0107, 0x0107, 0x0107, 0x0107, 0x0107, 0x0107, 0x0107, 0x0107, 0x0107,
    0x0107, 0x0107, 0x0107, 0x0107, 0x0107, 0x0107, 0x0107, 0x0107, 0x0107, 0x0107, 0x0107, 0x0107,
    0x0107, 0x0107, 0x0107, 0x0107, 0x0107, 0x0107, 0x0107, 0x0107, 0x0107, 0x0107, 0x0107, 0x0107,
    0x0107, 0x0107, 0x0107, 0x0107, 0x0107, 0x0107, 0x0107, 0x0107, 0x0107, 0x0107, 0x0107, 0x0107,
    0x0107, 0x0107, 0x0107, 0x0107, 0x0107, 0x0107, 0x0107, 0x0107, 0x0107, 0x0107, 0x0107, 0x0107,
    0x0107, 0x0127, 0x0148, 0x0969, 0x11AA, 0x11CB, 0x19EC, 0x19EB, 0x11CB, 0x11AA, 0x098A, 0x0989,
    0x098A, 0x11CB, 0x11EB, 0x19EB, 0x11CB, 0x11AA, 0x0969, 0x0148, 0x0127, 0x0107, 0x0107, 0x0107,
    0x0107, 0x0107, 0x0107, 0x0107, 0x0107, 0x0107, 0x0107, 0x0107, 0x0107, 0x0107, 0x0107, 0x0107,
    0x0107, 0x0106, 0x0106, 0x0106, 0x0106, 0x0107, 0x0107, 0x0107, 0x0107, 0x0107, 0x0107, 0x0106,
    0x0107, 0x0107, 0x0107, 0x0127, 0x0128, 0x0948, 0x0989, 0x11CA, 0x11EB, 0x11EB, 0x11CB, 0x11AA,
    0x0969, 0x0148, 0x0127, 0x0107, 0x0107, 0x0107, 0x0107, 0x0107, 0x0107, 0x0107, 0x0107, 0x0107,
    0x0127, 0x0128, 0x0948, 0x0989, 0x11AA, 0x11CB, 0x11CB, 0x11CA, 0x098A, 0x0969, 0x0148, 0x0127,
    0x0107, 0x0127, 0x0128, 0x0968, 0x118A, 0x11CA, 0x19EB, 0x11EB, 0x11CA, 0x0989, 0x0948, 0x0128,
    0x0107, 0x0107, 0x0107, 0x0107, 0x0107, 0x0107, 0x0107, 0x0107, 0x0107, 0x0107, 0x0107, 0x0107,
    0x0107, 0x0107, 0x0107, 0x0107, 0x0107, 0x0107, 0x0107, 0x0107, 0x0107, 0x0107, 0x0107, 0x0107,
    0x0107, 0x0107, 0x0107, 0x0127, 0x0128, 0x0948, 0x0989, 0x11CB, 0x11EB, 0x11EB, 0x11CB, 0x11AA,
    0x0969, 0x0148, 0x0127, 0x0107, 0x0107, 0x0107, 0x0107, 0x0107, 0x0107, 0x0107, 0x0107, 0x0107,
    0x0107, 0x0128, 0x0948, 0x0969, 0x11AA, 0x11CB, 0x11CB, 0x11CA, 0x118A, 0x0969, 0x0128, 0x0127,
    0x0127, 0x0128, 0x0969, 0x118A, 0x11CA, 0x19EB, 0x19EB, 0x11CA, 0x0989, 0x0969, 0x0128, 0x0127,
    0x0107, 0x0107, 0x0107, 0x0107, 0x0107, 0x0107, 0x0107, 0x0107, 0x0107, 0x0107, 0x0107, 0x0107,
    0x0107, 0x0107, 0x0107, 0x0107, 0x0107, 0x0107, 0x0107, 0x0107, 0x0107, 0x0107, 0x0107, 0x0107,
    0x0107, 0x0107, 0x0107, 0x0107, 0x0107, 0x0107, 0x0107, 0x0107, 0x0107, 0x0107, 0x0107, 0x0107,
    0x0107, 0x0107, 0x0107, 0x0107, 0x0107, 0x0107, 0x0107, 0x0107, 0x0107, 0x0107, 0x0107, 0x0107,
    0x0107, 0x0107, 0x0107, 0x0107, 0x0107, 0x0107, 0x0107, 0x0107, 0x0107, 0x0107, 0x0107, 0x0107,
    0x0107, 0x0107, 0x0107, 0x0107, 0x0107, 0x0107, 0x0107, 0x0107, 0x0107, 0x0107, 0x0107, 0x0107,
    0x0107, 0x0127, 0x0948, 0x0989, 0x11CB, 0x11EB, 0x19EB, 0x11CB, 0x11AA, 0x0969, 0x0969, 0x0949,
    0x0969, 0x11AA, 0x11CB, 0x19EB, 0x19EB, 0x11CB, 0x098A, 0x0969, 0x0128, 0x0107, 0x0107, 0x0107,
    0x0107, 0x0107, 0x0107, 0x0107, 0x0107, 0x0107, 0x0107, 0x0107, 0x0107, 0x0107, 0x0107, 0x0107,
    0x0107, 0x0106, 0x0106, 0x0106, 0x0107, 0x0107, 0x0107, 0x0107, 0x0107, 0x0107, 0x0107, 0x0107,
    0x0107, 0x0107, 0x0107, 0x0107, 0x0127, 0x0148, 0x0969, 0x11AA, 0x11CB, 0x11EB, 0x11EB, 0x11CA,
    0x098A, 0x0969, 0x0128, 0x0127, 0x0107, 0x0107, 0x0107, 0x0107, 0x0107, 0x0107, 0x0107, 0x0107,
    0x0107, 0x0127, 0x0148, 0x0969, 0x0989, 0x11CA, 0x11CB, 0x11CB, 0x11AA, 0x0989, 0x0948, 0x0128,
    0x0127, 0x0128, 0x0948, 0x0989, 0x11AA, 0x11CB, 0x19EB, 0x11CB, 0x11AA, 0x0969, 0x0928, 0x0107,
    0x0107, 0x0107, 0x0107, 0x0107, 0x0107, 0x0107, 0x0107, 0x0107, 0x0107, 0x0107, 0x0107, 0x0107,
    0x0107, 0x0107, 0x0107, 0x0107, 0x0107, 0x0107, 0x0107, 0x0107, 0x0107, 0x0107, 0x0107, 0x0107,
    0x0107, 0x0107, 0x0107, 0x0107, 0x0127, 0x0148, 0x0969, 0x11AA, 0x11CB, 0x11EB, 0x11EB, 0x11CB,
    0x0989, 0x0949, 0x0128, 0x0107, 0x0107, 0x0107, 0x0107, 0x0107, 0x0107, 0x0107, 0x0107, 0x0107,
    0x0107, 0x0127, 0x0128, 0x0969, 0x1189, 0x11AA, 0x11CB, 0x11CB, 0x11AA, 0x0989, 0x0948, 0x0128,
    0x0128, 0x0948, 0x0969, 0x11AA, 0x11CB, 0x19EB, 0x11CB, 0x11AA, 0x0969, 0x0148, 0x0127, 0x0107,
    0x0107, 0x0107, 0x0107, 0x0107, 0x0107, 0x0107, 0x0107, 0x0107, 0x0107, 0x0107, 0x0107, 0x0107,
    0x0107, 0x0107, 0x0107, 0x0107, 0x0107, 0x0107, 0x0107, 0x0107, 0x0107, 0x0107, 0x0107, 0x0107,
    0x0107, 0x0107, 0x0107, 0x0107, 0x0107, 0x0107, 0x0107, 0x0107, 0x0107, 0x0107, 0x0107, 0x0107,
    0x0107, 0x0107, 0x0107, 0x0107, 0x0107, 0x0107, 0x0107, 0x0107, 0x0107, 0x0107, 0x0107, 0x0107,
    0x0107, 0x0107, 0x0107, 0x0107, 0x0107, 0x0107, 0x0107, 0x0107, 0x0107, 0x0107, 0x0107, 0x0107,
    0x0107, 0x0107, 0x0107, 0x0107, 0x0107, 0x0107, 0x0107, 0x0107, 0x0107, 0x0107, 0x0107, 0x0107,
    0x0127, 0x0148, 0x0969, 0x11AA, 0x11CB, 0x19EB, 0x11EB, 0x11AA, 0x0989, 0x0949, 0x0148, 0x0128,
    0x0948, 0x0989, 0x11AA, 0x11EB, 0x19EB, 0x11EB, 0x11AA, 0x0969, 0x0148, 0x0127, 0x0107, 0x0107,
    0x0107, 0x0107, 0x0107, 0x0107, 0x0107, 0x0107, 0x0107, 0x0107, 0x0107, 0x0107, 0x0107, 0x0107,
    0x0107, 0x0107, 0x0107, 0x0107, 0x0107, 0x0107, 0x0107, 0x0107, 0x0107, 0x0107, 0x0107, 0x0107,
    0x0107, 0x0107, 0x0107, 0x0107, 0x0127, 0x0128, 0x0948, 0x0989, 0x11AA, 0x11EB, 0x11EB, 0x11CB,
    0x11AA, 0x0969, 0x0148, 0x0127, 0x0107, 0x0107, 0x0107, 0x0107, 0x0107, 0x0107, 0x0107, 0x0107,
    0x0107, 0x0107, 0x0127, 0x0148, 0x0969, 0x11AA, 0x11CB, 0x11CB, 0x11CB, 0x11AA, 0x0969, 0x0948,
    0x0128, 0x0948, 0x0969, 0x11AA, 0x11CB, 0x19EB, 0x11EB, 0x11AA, 0x0989, 0x0948, 0x0128, 0x0107,
    0x0107, 0x0107, 0x0107, 0x0107, 0x0107, 0x0107, 0x0107, 0x0107, 0x0107, 0x0107, 0x0107, 0x0107,
    0x0107, 0x0107, 0x0107, 0x0107, 0x0107, 0x0107, 0x0107, 0x0107, 0x0107, 0x0107, 0x0107, 0x0107,
    0x0107, 0x0107, 0x0107, 0x0107, 0x0107, 0x0128, 0x0948, 0x0989, 0x11AA, 0x11EB, 0x11EB, 0x11CB,
    0x11AA, 0x0969, 0x0148, 0x0127, 0x0107, 0x0107, 0x0107, 0x0107, 0x0107, 0x0107, 0x0107, 0x0107,
    0x0107, 0x0107, 0x0127, 0x0948, 0x0969, 0x118A, 0x11CA, 0x11CB, 0x11CA, 0x11AA, 0x0969, 0x0948,
    0x0948, 0x0969, 0x11AA, 0x11CB, 0x19EB, 0x11EB, 0x11AA, 0x0989, 0x0948, 0x0128, 0x0107, 0x0107,
    0x0107, 0x0107, 0x0107, 0x0107, 0x0107, 0x0107, 0x0107, 0x0107, 0x0107, 0x0107, 0x0107, 0x0107,
    0x0107, 0x0107, 0x0107, 0x0107, 0x0107, 0x0107, 0x0107, 0x0107, 0x0107, 0x0107, 0x0107, 0x0107,
    0x0107, 0x0107, 0x0107, 0x0107, 0x0107, 0x0107, 0x0107, 0x0107, 0x0107, 0x0107, 0x0107, 0x0107,
    0x0107, 0x0107, 0x0107, 0x0107, 0x0107, 0x0107, 0x0107, 0x0107, 0x0107, 0x0107, 0x0107, 0x0107,
    0x0107, 0x0107, 0x0107, 0x0107, 0x0107, 0x0107, 0x0107, 0x0107, 0x0107, 0x0107, 0x0107, 0x0107,
    0x0107, 0x0107, 0x0107, 0x0107, 0x0107, 0x0107, 0x0107, 0x0107, 0x0107, 0x0107, 0x0107, 0x0107,
    0x0128, 0x0968, 0x098A, 0x11CB, 0x19EB, 0x19EB, 0x11CB, 0x11AA, 0x0969, 0x0128, 0x0127, 0x0127,
    0x0128, 0x0969, 0x098A, 0x11CB, 0x19EB, 0x19EB, 0x11CB, 0x118A, 0x0969, 0x0128, 0x0127, 0x0107,
    0x0107, 0x0107, 0x0107, 0x0107, 0x0107, 0x0107, 0x0107, 0x0107, 0x0107, 0x0107, 0x0107, 0x0107,
    0x0107, 0x0107, 0x0107, 0x0107, 0x0107, 0x0107, 0x0107, 0x0107, 0x0107, 0x0107, 0x0107, 0x0107,
    0x0107, 0x0107, 0x0107, 0x0107, 0x0107, 0x0127, 0x0148, 0x0969, 0x098A, 0x11CB, 0x11EB, 0x11EB,
    0x11CB, 0x098A, 0x0969, 0x0148, 0x0127, 0x0107, 0x0107, 0x0107, 0x0107, 0x0107, 0x0107, 0x0107,
    0x0107, 0x0107, 0x0107, 0x0128, 0x0948, 0x0989, 0x11AA, 0x11CB, 0x11CB, 0x11CA, 0x098A, 0x0969,
    0x0948, 0x0969, 0x0989, 0x11AA, 0x11EB, 0x19EB, 0x11CB, 0x11AA, 0x0969, 0x0128, 0x0127, 0x0107,
    0x0107, 0x0107, 0x0107, 0x0107, 0x0107, 0x0107, 0x0107, 0x0107, 0x0107, 0x0107, 0x0107, 0x0107,
    0x0107, 0x0107, 0x0107, 0x0107, 0x0107, 0x0107, 0x0107, 0x0107, 0x0107, 0x0107, 0x0107, 0x0106,
    0x0107, 0x0107, 0x0107, 0x0107, 0x0107, 0x0127, 0x0148, 0x0969, 0x098A, 0x11CB, 0x11EB, 0x11EB,
    0x11CB, 0x098A, 0x0948, 0x0128, 0x0107, 0x0107, 0x0107, 0x0106, 0x0106, 0x0106, 0x0106, 0x0107,
    0x0107, 0x0107, 0x0107, 0x0128, 0x0948, 0x0989, 0x11AA, 0x11CB, 0x11CB, 0x11AA, 0x118A, 0x0989,
    0x0989, 0x118A, 0x11CB, 0x11EB, 0x19EB, 0x11CB, 0x11AA, 0x0969, 0x0148, 0x0127, 0x0107, 0x0107,
    0x0107, 0x0107, 0x0107, 0x0107, 0x0107, 0x0107, 0x0107, 0x0107, 0x0107, 0x0107, 0x0107, 0x0107,
    0x0107, 0x0107, 0x0107, 0x0107, 0x0107, 0x0107, 0x0107, 0x0107, 0x0107, 0x0107, 0x0107, 0x0107,
    0x0107, 0x0107, 0x0107, 0x0107, 0x0107, 0x0107, 0x0107, 0x0107, 0x0107, 0x0107, 0x0107, 0x0107,
    0x0107, 0x0107, 0x0107, 0x0107, 0x0107, 0x0107, 0x0107, 0x0107, 0x0107, 0x0107, 0x0107, 0x0107,
    0x0107, 0x0107, 0x0107, 0x0107, 0x0107, 0x0107, 0x0107, 0x0107, 0x0107, 0x0107, 0x0107, 0x0107,
    0x0107, 0x0107, 0x0107, 0x0107, 0x0107, 0x0107, 0x0107, 0x0107, 0x0107, 0x0107, 0x0107, 0x0127,
    0x0948, 0x0969, 0x11AA, 0x11CB, 0x19EB, 0x11CB, 0x11AA, 0x0969, 0x0948, 0x0127, 0x0107, 0x0107,
    0x0127, 0x0948, 0x0969, 0x11AA, 0x11CB, 0x19EB, 0x11EB, 0x11AA, 0x0989, 0x0948, 0x0128, 0x0107,
    0x0107, 0x0107, 0x0107, 0x0107, 0x0107, 0x0107, 0x0107, 0x0107, 0x0107, 0x0107, 0x0107, 0x0107,
    0x0107, 0x0107, 0x0107, 0x0107, 0x0107, 0x0107, 0x0107, 0x0107, 0x0107, 0x0107, 0x0107, 0x0107,
    0x0107, 0x0107, 0x0107, 0x0107, 0x0107, 0x0127, 0x0127, 0x0948, 0x0969, 0x11AA, 0x11CB, 0x11EB,
    0x11CB, 0x11AA, 0x0969, 0x0948, 0x0127, 0x0107, 0x0107, 0x0107, 0x0107, 0x0107, 0x0107, 0x0107,
    0x0107, 0x0107, 0x0107, 0x0127, 0x0128, 0x0969, 0x118A, 0x11CA, 0x11CB, 0x11CB, 0x11AA, 0x098A,
    0x0989, 0x098A, 0x11AA, 0x11CB, 0x19EB, 0x11EB, 0x11AA, 0x0989, 0x0948, 0x0128, 0x0107, 0x0107,
    0x0107, 0x0107, 0x0107, 0x0107, 0x0107, 0x0107, 0x0107, 0x0107, 0x0107, 0x0107, 0x0107, 0x0107,
    0x0107, 0x0107, 0x0107, 0x0107, 0x0107, 0x0107, 0x0107, 0x0107, 0x0107, 0x0107, 0x0107, 0x0107,
    0x0107, 0x0107, 0x0107, 0x0107, 0x0107, 0x0107, 0x0128, 0x0148, 0x0969, 0x11AA, 0x11CB, 0x11EB,
    0x11CB, 0x11AA, 0x0969, 0x0148, 0x0127, 0x0107, 0x0107, 0x0106, 0x0106, 0x0106, 0x0106, 0x0106,
    0x0107, 0x0107, 0x0107, 0x0107, 0x0128, 0x0949, 0x1189, 0x11AA, 0x11CB, 0x11CB, 0x11AA, 0x11AA,
    0x11AA, 0x11CB, 0x11EB, 0x19EC, 0x19EB, 0x11CB, 0x098A, 0x0949, 0x0128, 0x0127, 0x0107, 0x0107,
    0x0107, 0x0107, 0x0107, 0x0107, 0x0107, 0x0127, 0x0107, 0x0107, 0x0107, 0x0107, 0x0107, 0x0107,
    0x0107, 0x0107, 0x0107, 0x0107, 0x0107, 0x0107, 0x0107, 0x0107, 0x0107, 0x0107, 0x0107, 0x0107,
    0x0107, 0x0107, 0x0107, 0x0107, 0x0107, 0x0107, 0x0107, 0x0107, 0x0107, 0x0107, 0x0107, 0x0107,
    0x0107, 0x0107, 0x0107, 0x0107, 0x0107, 0x0107, 0x0107, 0x0107, 0x0107, 0x0107, 0x0107, 0x0107,
    0x0107, 0x0107, 0x0107, 0x0107, 0x0107, 0x0107, 0x0107, 0x0107, 0x0107, 0x0107, 0x0107, 0x0107,
    0x0107, 0x0107, 0x0107, 0x0107, 0x0107, 0x0107, 0x0107, 0x0107, 0x0107, 0x0107, 0x0127, 0x0128,
    0x0969, 0x118A, 0x11CB, 0x19EB, 0x19EB, 0x11CB, 0x098A, 0x0969, 0x0128, 0x0107, 0x0107, 0x0107,
    0x0107, 0x0128, 0x0948, 0x0989, 0x11CA, 0x11EB, 0x19EB, 0x11CB, 0x11AA, 0x0969, 0x0148, 0x0127,
    0x0107, 0x0107, 0x0107, 0x0107, 0x0107, 0x0107, 0x0107, 0x0107, 0x0107, 0x0107, 0x0107, 0x0107,
    0x0107, 0x0107, 0x0107, 0x0107, 0x0107, 0x0107, 0x0107, 0x0107, 0x0107, 0x0107, 0x0107, 0x0107,
    0x0107, 0x0107, 0x0107, 0x0107, 0x0107, 0x0107, 0x0127, 0x0128, 0x0969, 0x0989, 0x11CA, 0x11EB,
    0x11EB, 0x11CB, 0x118A, 0x0969, 0x0128, 0x0127, 0x0107, 0x0107, 0x0107, 0x0107, 0x0107, 0x0107,
    0x0107, 0x0107, 0x0107, 0x0107, 0x0127, 0x0948, 0x0969, 0x11AA, 0x11CB, 0x11CB, 0x11CB, 0x11AA,
    0x11AA, 0x11CB, 0x11CB, 0x19EB, 0x19EB, 0x11CB, 0x11AA, 0x0969, 0x0148, 0x0127, 0x0107, 0x0107,
    0x0107, 0x0107, 0x0107, 0x0107, 0x0127, 0x0127, 0x0127, 0x0127, 0x0127, 0x0127, 0x0107, 0x0107,
    0x0107, 0x0107, 0x0107, 0x0107, 0x0107, 0x0107, 0x0107, 0x0107, 0x0107, 0x0107, 0x0107, 0x0107,
    0x0107, 0x0107, 0x0107, 0x0107, 0x0107, 0x0107, 0x0127, 0x0128, 0x0969, 0x098A, 0x11CA, 0x11EB,
    0x11EB, 0x11CB, 0x098A, 0x0948, 0x0128, 0x0107, 0x0107, 0x0106, 0x0106, 0x0106, 0x0106, 0x0106,
    0x0106, 0x0107, 0x0107, 0x0107, 0x0127, 0x0948, 0x0969, 0x11AA, 0x11CB, 0x11CB, 0x11CB, 0x11CB,
    0x11EB, 0x19EC, 0x1A0C, 0x1A0C, 0x11EB, 0x11AA, 0x098A, 0x0949, 0x0148, 0x0128, 0x0128, 0x0128,
    0x0128, 0x0128, 0x0128, 0x0128, 0x0128, 0x0128, 0x0128, 0x0128, 0x0128, 0x0128, 0x0127, 0x0127,
    0x0127, 0x0127, 0x0127, 0x0127, 0x0127, 0x0127, 0x0127, 0x0127, 0x0127, 0x0127, 0x0127, 0x0127,
    0x0127, 0x0127, 0x0127, 0x0127, 0x0127, 0x0127, 0x0127, 0x0127, 0x0127, 0x0127, 0x0127, 0x0127,
    0x0127, 0x0127, 0x0127, 0x0127, 0x0127, 0x0127, 0x0127, 0x0127, 0x0127, 0x0127, 0x0127, 0x0127,
    0x0127, 0x0127, 0x0127, 0x0127, 0x0127, 0x0127, 0x0127, 0x0127, 0x0127, 0x0127, 0x0127, 0x0127,
    0x0127, 0x0127, 0x0127, 0x0127, 0x0127, 0x0127, 0x0127, 0x0127, 0x0127, 0x0127, 0x0128, 0x0948,
    0x0989, 0x11CA, 0x19EB, 0x19EB, 0x11CB, 0x11AA, 0x0969, 0x0948, 0x0127, 0x0107, 0x0107, 0x0107,
    0x0107, 0x0127, 0x0148, 0x0969, 0x11AA, 0x11CB, 0x19EB, 0x11EB, 0x11CA, 0x0989, 0x0948, 0x0128,
    0x0107, 0x0107, 0x0107, 0x0107, 0x0107, 0x0107, 0x0107, 0x0107, 0x0107, 0x0107, 0x0107, 0x0107,
    0x0107, 0x0107, 0x0107, 0x0107, 0x0107, 0x0107, 0x0107, 0x0107, 0x0107, 0x0107, 0x0107, 0x0107,
    0x0107, 0x0107, 0x0107, 0x0107, 0x0107, 0x0107, 0x0107, 0x0127, 0x0148, 0x0969, 0x11AA, 0x11CB,
    0x11EB, 0x11CB, 0x11AA, 0x0989, 0x0948, 0x0127, 0x0107, 0x0107, 0x0107, 0x0107, 0x0107, 0x0107,
    0x0107, 0x0107, 0x0106, 0x0107, 0x0107, 0x0127, 0x0948, 0x1189, 0x11AA, 0x11CB, 0x19EB, 0x19EB,
    0x11EC, 0x19EC, 0x1A0C, 0x1A0C, 0x19EC, 0x11CB, 0x098A, 0x0969, 0x0148, 0x0128, 0x0128, 0x0128,
    0x0127, 0x0127, 0x0128, 0x0128, 0x0128, 0x0128, 0x0128, 0x0128, 0x0128, 0x0128, 0x0128, 0x0128,
    0x0128, 0x0128, 0x0128, 0x0128, 0x0127, 0x0127, 0x0127, 0x0127, 0x0127, 0x0127, 0x0127, 0x0127,
    0x0107, 0x0107, 0x0107, 0x0107, 0x0107, 0x0107, 0x0107, 0x0127, 0x0148, 0x0969, 0x11AA, 0x11CB,
    0x11EB, 0x11CB, 0x11AA, 0x0969, 0x0948, 0x0127, 0x0107, 0x0107, 0x0106, 0x0106, 0x0106, 0x0106,
    0x0106, 0x0107, 0x0107, 0x0107, 0x0107, 0x0128, 0x0948, 0x0989, 0x11AA, 0x11CB, 0x19EC, 0x1A0C,
    0x1A0C, 0x1A2D, 0x1A2D, 0x1A0C, 0x11EC, 0x11CB, 0x098A, 0x0969, 0x0969, 0x0949, 0x0948, 0x0949,
    0x0949, 0x0949, 0x0949, 0x0949, 0x0949, 0x0949, 0x0949, 0x0949, 0x0148, 0x0148, 0x0148, 0x0148,
    0x0148, 0x0148, 0x0148, 0x0148, 0x0148, 0x0148, 0x0148, 0x0148, 0x0148, 0x0148, 0x0148, 0x0148,
    0x0148, 0x0148, 0x0148, 0x0148, 0x0148, 0x0148, 0x0148, 0x0148, 0x0148, 0x0148, 0x0148, 0x0148,
    0x0148, 0x0148, 0x0148, 0x0148, 0x0148, 0x0148, 0x0148, 0x0148, 0x0148, 0x0148, 0x0148, 0x0148,
    0x0148, 0x0148, 0x0148, 0x0148, 0x0148, 0x0148, 0x0148, 0x0148, 0x0148, 0x0148, 0x0148, 0x0148,
    0x0148, 0x0148, 0x0148, 0x0148, 0x0148, 0x0148, 0x0148, 0x0148, 0x0148, 0x0148, 0x0969, 0x0989,
    0x11AA, 0x11CB, 0x19EB, 0x19EB, 0x11CA, 0x0989, 0x0948, 0x0128, 0x0107, 0x0107, 0x0107, 0x0106,
    0x0107, 0x0107, 0x0127, 0x0948, 0x0989, 0x11AA, 0x11EB, 0x19EB, 0x11CB, 0x11AA, 0x0969, 0x0148,
    0x0127, 0x0107, 0x0107, 0x0107, 0x0107, 0x0107, 0x0107, 0x0107, 0x0107, 0x0107, 0x0107, 0x0107,
    0x0107, 0x0107, 0x0107, 0x0107, 0x0107, 0x0107, 0x0107, 0x0107, 0x0107, 0x0107, 0x0107, 0x0107,
    0x0107, 0x0107, 0x0107, 0x0107, 0x0107, 0x0107, 0x0107, 0x0127, 0x0128, 0x0948, 0x0989, 0x11AA,
    0x11CB, 0x11EB, 0x11CB, 0x11AA, 0x0969, 0x0148, 0x0127, 0x0107, 0x0107, 0x0106, 0x0106, 0x0106,
    0x0106, 0x0106, 0x0106, 0x0106, 0x0107, 0x0107, 0x0128, 0x0969, 0x11AA, 0x11CB, 0x19EC, 0x1A0C,
    0x1A0D, 0x1A2D, 0x1A2D, 0x1A2D, 0x19EC, 0x11CB, 0x09AA, 0x0969, 0x0969, 0x0949, 0x0948, 0x0948,
    0x0948, 0x0948, 0x0948, 0x0948, 0x0948, 0x0948, 0x0948, 0x0948, 0x0948, 0x0948, 0x0948, 0x0948,
    0x0948, 0x0148, 0x0148, 0x0148, 0x0148, 0x0148, 0x0148, 0x0148, 0x0148, 0x0148, 0x0148, 0x0148,
    0x0107, 0x0107, 0x0107, 0x0107, 0x0107, 0x0107, 0x0107, 0x0127, 0x0128, 0x0948, 0x0989, 0x11AA,
    0x11CB, 0x11CB, 0x11CB, 0x118A, 0x0969, 0x0128, 0x0107, 0x0107, 0x0107, 0x0107, 0x0107, 0x0107,
    0x0107, 0x0107, 0x0107, 0x0107, 0x0107, 0x0107, 0x0948, 0x0969, 0x11AA, 0x11CB, 0x1A0C, 0x1A2D,
    0x224D, 0x224E, 0x1A4D, 0x1A2D, 0x1A0C, 0x11EB, 0x11AB, 0x09AA, 0x098A, 0x098A, 0x098A, 0x098A,
    0x098A, 0x098A, 0x098A, 0x098A, 0x098A, 0x098A, 0x098A, 0x098A, 0x098A, 0x098A, 0x098A, 0x098A,
    0x0989, 0x0989, 0x0989, 0x0989, 0x0989, 0x0989, 0x0989, 0x0989, 0x0989, 0x0989, 0x0989, 0x0989,
    0x0989, 0x0989, 0x0989, 0x0989, 0x0989, 0x0989, 0x0989, 0x0989, 0x0989, 0x0989, 0x0969, 0x0989,
    0x0989, 0x0989, 0x0989, 0x0989, 0x0989, 0x0989, 0x0989, 0x0989, 0x0989, 0x0989, 0x0989, 0x0989,
    0x0989, 0x0989, 0x0989, 0x0989, 0x0989, 0x0989, 0x0989, 0x0989, 0x0989, 0x0989, 0x0989, 0x0989,
    0x0989, 0x0969, 0x0969, 0x0969, 0x0969, 0x0969, 0x0969, 0x0969, 0x0969, 0x0989, 0x098A, 0x11AB,
    0x11EB, 0x19EC, 0x19EB, 0x11CB, 0x11AA, 0x0969, 0x0148, 0x0127, 0x0107, 0x0107, 0x0107, 0x0106,
    0x0107, 0x0107, 0x0127, 0x0128, 0x0969, 0x118A, 0x11CB, 0x19EB, 0x19EB, 0x11CB, 0x098A, 0x0969,
    0x0128, 0x0127, 0x0107, 0x0107, 0x0107, 0x0107, 0x0107, 0x0107, 0x0107, 0x0107, 0x0107, 0x0107,
    0x0107, 0x0107, 0x0107, 0x0107, 0x0107, 0x0107, 0x0107, 0x0107, 0x0107, 0x0107, 0x0107, 0x0107,
    0x0107, 0x0107, 0x0107, 0x0107, 0x0107, 0x0107, 0x0107, 0x0107, 0x0127, 0x0148, 0x0968, 0x1189,
    0x11CA, 0x11CB, 0x11CB, 0x11AA, 0x0989, 0x0948, 0x0127, 0x0107, 0x0107, 0x0106, 0x0106, 0x0106,
    0x0106, 0x0106, 0x0106, 0x0106, 0x0107, 0x0107, 0x0127, 0x0948, 0x0989, 0x11CB, 0x19EC, 0x1A2D,
    0x1A4D, 0x224E, 0x1A4E, 0x1A2D, 0x1A0C, 0x11EC, 0x11CB, 0x09AA, 0x098A, 0x098A, 0x098A, 0x098A,
    0x098A, 0x098A, 0x098A, 0x098A, 0x098A, 0x098A, 0x098A, 0x098A, 0x098A, 0x098A, 0x098A, 0x098A,
    0x098A, 0x098A, 0x098A, 0x098A, 0x098A, 0x0989, 0x0989, 0x0989, 0x0989, 0x0969, 0x0969, 0x0969,
    0x0107, 0x0107, 0x0107, 0x0107, 0x0107, 0x0107, 0x0107, 0x0107, 0x0127, 0x0148, 0x0969, 0x098A,
    0x11CA, 0x11CB, 0x11CB, 0x11AA, 0x0989, 0x0948, 0x0127, 0x0107, 0x0107, 0x0107, 0x0107, 0x0107,
    0x0107, 0x0107, 0x0107, 0x0107, 0x0107, 0x0107, 0x0128, 0x0949, 0x098A, 0x11CB, 0x1A0D, 0x224E,
    0x226E, 0x226E, 0x226E, 0x1A4D, 0x1A2D, 0x1A0C, 0x11EC, 0x11CB, 0x11CB, 0x11CB, 0x11CB, 0x11EB,
    0x11EB, 0x11EB, 0x11EB, 0x11CB, 0x11CB, 0x11CB, 0x11CB, 0x11CB, 0x11CB, 0x11CB, 0x11CB, 0x11CB,
    0x11CB, 0x11CB, 0x11CB, 0x11CA, 0x11AA, 0x11AA, 0x11AA, 0x11CA, 0x11CA, 0x11CA, 0x11CA, 0x11AA,
    0x11AA, 0x11CB, 0x11CB, 0x11CB, 0x11CB, 0x11CB, 0x11CB, 0x11CB, 0x11CB, 0x11CB, 0x11AA, 0x11AA,
    0x11CA, 0x11AA, 0x11AA, 0x11AA, 0x11AA, 0x11AA, 0x11AA, 0x11AA, 0x11AA, 0x11AB, 0x11AB, 0x11CB,
    0x11CB, 0x11CB, 0x11CB, 0x11CB, 0x11CB, 0x11AB, 0x11AB, 0x11AB, 0x11AB, 0x11AB, 0x11AB, 0x11AB,
    0x11AB, 0x11AB, 0x11AB, 0x11AA, 0x11AA, 0x11AA, 0x11AA, 0x11AA, 0x11AB, 0x11CB, 0x11CB, 0x11EC,
    0x1A0C, 0x1A0C, 0x11EB, 0x11AA, 0x0989, 0x0948, 0x0128, 0x0107, 0x0107, 0x0107, 0x0107, 0x0106,
    0x0107, 0x0107, 0x0107, 0x0127, 0x0948, 0x0969, 0x11AA, 0x11CB, 0x19EB, 0x11CB, 0x11AA, 0x0969,
    0x0948, 0x0128, 0x0107, 0x0107, 0x0107, 0x0107, 0x0107, 0x0107, 0x0107, 0x0107, 0x0107, 0x0107,
    0x0107, 0x0107, 0x0107, 0x0107, 0x0107, 0x0107, 0x0107, 0x0107, 0x0107, 0x0107, 0x0107, 0x0107,
    0x0107, 0x0107, 0x0107, 0x0107, 0x0107, 0x0107, 0x0107, 0x0107, 0x0107, 0x0127, 0x0948, 0x0969,
    0x11AA, 0x11CB, 0x11CB, 0x11CB, 0x11AA, 0x0969, 0x0948, 0x0127, 0x0107, 0x0106, 0x0106, 0x0106,
    0x0106, 0x0106, 0x0106, 0x0106, 0x0106, 0x0107, 0x0107, 0x0148, 0x0969, 0x11AA, 0x19EC, 0x1A2D,
    0x224E, 0x226E, 0x226E, 0x1A4E, 0x1A2D, 0x120C, 0x11EC, 0x11CB, 0x11CB, 0x11CB, 0x11CB, 0x11CB,
    0x11CB, 0x11CB, 0x11CB, 0x11CB, 0x11CB, 0x11CB, 0x11CB, 0x11CB, 0x11CB, 0x11CB, 0x11CB, 0x11CB,
    0x11CB, 0x11CB, 0x11CB, 0x11CB, 0x11CB, 0x11CB, 0x11CB, 0x11CB, 0x11AB, 0x11AB, 0x11AB, 0x11AA,
    0x0107, 0x0107, 0x0107, 0x0107, 0x0107, 0x0107, 0x0107, 0x0107, 0x0107, 0x0127, 0x0148, 0x0969,
    0x11AA, 0x11CB, 0x11EB, 0x11CB, 0x11AA, 0x0969, 0x0128, 0x0127, 0x0107, 0x0107, 0x0107, 0x0107,
    0x0107, 0x0107, 0x0107, 0x0107, 0x0107, 0x0107, 0x0127, 0x0948, 0x098A, 0x11CB, 0x1A0D, 0x224E,
    0x226E, 0x226E, 0x226E, 0x1A4E, 0x1A2D, 0x1A0C, 0x1A0C, 0x1A0C, 0x19EC, 0x1A0C, 0x1A0C, 0x1A0C,
    0x120C, 0x120C, 0x120C, 0x120C, 0x120C, 0x120C, 0x11EC, 0x11EC, 0x11EC, 0x11EC, 0x11EC, 0x11EC,
    0x11EB, 0x11EB, 0x11EB, 0x11EB, 0x11EB, 0x11EB, 0x11EB, 0x11EB, 0x11EB, 0x11EB, 0x11EB, 0x11EB,
    0x11EB, 0x11EC, 0x11EC, 0x1A0C, 0x1A0C, 0x1A0C, 0x1A0C, 0x1A0C, 0x120C, 0x11EC, 0x11EB, 0x11EB,
    0x11EB, 0x11EB, 0x11EB, 0x11EB, 0x11EB, 0x11EB, 0x11EB, 0x11EB, 0x11EB, 0x11EB, 0x11EB, 0x11EB,
    0x11EB, 0x11EB, 0x11EB, 0x11EB, 0x11EB, 0x11EB, 0x11EB, 0x11EB, 0x11EB, 0x11EB, 0x11EB, 0x11EB,
    0x11EB, 0x11EB, 0x11EB, 0x11EB, 0x11CB, 0x11CB, 0x11CB, 0x11EB, 0x11EC, 0x1A0C, 0x1A0C, 0x1A2D,
    0x1A2C, 0x1A0C, 0x11CB, 0x098A, 0x0969, 0x0128, 0x0127, 0x0107, 0x0107, 0x0107, 0x0107, 0x0107,
    0x0107, 0x0107, 0x0107, 0x0127, 0x0128, 0x0948, 0x0989, 0x11CB, 0x11EB, 0x11EB, 0x11CB, 0x118A,
    0x0969, 0x0148, 0x0127, 0x0107, 0x0107, 0x0107, 0x0107, 0x0107, 0x0107, 0x0107, 0x0107, 0x0107,
    0x0107, 0x0107, 0x0107, 0x0107, 0x0107, 0x0107, 0x0107, 0x0107, 0x0107, 0x0107, 0x0107, 0x0107,
    0x0107, 0x0107, 0x0107, 0x0107, 0x0107, 0x0107, 0x0107, 0x0107, 0x0107, 0x0127, 0x0127, 0x0948,
    0x0989, 0x11AA, 0x11CB, 0x11EB, 0x11CA, 0x1189, 0x0948, 0x0128, 0x0127, 0x0107, 0x0106, 0x0106,
    0x0106, 0x0106, 0x0106, 0x0106, 0x0106, 0x0107, 0x0107, 0x0128, 0x0969, 0x11AA, 0x11EC, 0x1A2D,
    0x224E, 0x226E, 0x224E, 0x1A4D, 0x1A2D, 0x1A0C, 0x11EC, 0x11EC, 0x11EC, 0x11EC, 0x11EC, 0x11EC,
    0x11EC, 0x11EC, 0x11EC, 0x11EC, 0x11EB, 0x11EB, 0x11EB, 0x11EB, 0x11EB, 0x11EB, 0x11EB, 0x11EB,
    0x11EB, 0x11EC, 0x11EC, 0x11EC, 0x11EC, 0x11EC, 0x11EC, 0x11EC, 0x11EB, 0x11EB, 0x11EB, 0x11CB,
    0x0107, 0x0107, 0x0107, 0x0107, 0x0107, 0x0107, 0x0107, 0x0107, 0x0107, 0x0127, 0x0128, 0x0968,
    0x0989, 0x11CA, 0x11CB, 0x11CB, 0x11AA, 0x0989, 0x0948, 0x0128, 0x0107, 0x0107, 0x0107, 0x0107,
    0x0107, 0x0107, 0x0107, 0x0107, 0x0107, 0x0107, 0x0127, 0x0948, 0x098A, 0x11CB, 0x1A0C, 0x224D,
    0x224E, 0x224E, 0x1A4D, 0x1A2D, 0x1A0C, 0x1A0C, 0x1A0C, 0x1A0C, 0x19EC, 0x1A0C, 0x1A0C, 0x1A0C,
    0x120C, 0x120C, 0x120C, 0x120C, 0x120C, 0x120C, 0x11EC, 0x11EC, 0x11EC, 0x11EC, 0x11EC, 0x11EC,
    0x11EB, 0x11EB, 0x11EB, 0x11EB, 0x11EB, 0x11EB, 0x11EB, 0x11EB, 0x11EB, 0x11EB, 0x11EB, 0x11EB,
    0x11EC, 0x19EC, 0x1A0C, 0x1A2D, 0x1A2D, 0x1A4D, 0x1A4E, 0x1A4D, 0x1A2D, 0x1A0C, 0x1A0C, 0x11EC,
    0x11EB, 0x11EB, 0x11EB, 0x11EB, 0x11EB, 0x11EB, 0x11EB, 0x11EB, 0x11EB, 0x11EB, 0x11EB, 0x11EB,
    0x11EB, 0x11EB, 0x11EB, 0x11EB, 0x11EB, 0x11EB, 0x11EB, 0x11EB, 0x11EB, 0x11EB, 0x11EB, 0x11EB,
    0x11EB, 0x11EB, 0x11EB, 0x11EB, 0x11EB, 0x11EB, 0x11EC, 0x11EC, 0x1A0C, 0x1A2D, 0x1A2D, 0x1A2D,
    0x1A2D, 0x19EC, 0x11AA, 0x0969, 0x0948, 0x0127, 0x0107, 0x0107, 0x0107, 0x0107, 0x0107, 0x0107,
    0x0107, 0x0107, 0x0107, 0x0107, 0x0127, 0x0148, 0x0969, 0x11AA, 0x11CB, 0x11EB, 0x11EB, 0x11AA,
    0x0989, 0x0948, 0x0128, 0x0127, 0x0107, 0x0107, 0x0107, 0x0107, 0x0107, 0x0107, 0x0107, 0x0107,
    0x0107, 0x0107, 0x0107, 0x0107, 0x0107, 0x0107, 0x0107, 0x0107, 0x0107, 0x0107, 0x0107, 0x0107,
    0x0107, 0x0107, 0x0107, 0x0107, 0x0107, 0x0107, 0x0107, 0x0107, 0x0107, 0x0107, 0x0127, 0x0148,
    0x0969, 0x11AA, 0x11CB, 0x11EB, 0x11CB, 0x11AA, 0x0969, 0x0948, 0x0127, 0x0107, 0x0107, 0x0106,
    0x0106, 0x0106, 0x0107, 0x0107, 0x0107, 0x0107, 0x0107, 0x0128, 0x0969, 0x11AA, 0x11EC, 0x1A2D,
    0x1A4D, 0x1A4E, 0x1A4D, 0x1A2D, 0x1A0C, 0x11EC, 0x11EC, 0x11EC, 0x11EC, 0x11EC, 0x11EC, 0x11EC,
    0x11EC, 0x11EC, 0x11EC, 0x11EC, 0x11EB, 0x11EB, 0x11EB, 0x11EB, 0x11EB, 0x11EB, 0x11EB, 0x11EB,
    0x11EB, 0x11EC, 0x11EC, 0x11EC, 0x11EC, 0x11EC, 0x11EC, 0x11EC, 0x11EC, 0x11EB, 0x11EB, 0x11CB,
    0x0107, 0x0107, 0x0107, 0x0107, 0x0107, 0x0107, 0x0107, 0x0107, 0x0107, 0x0107, 0x0127, 0x0148,
    0x0969, 0x11AA, 0x11CB, 0x11EB, 0x11CB, 0x11AA, 0x0969, 0x0948, 0x0127, 0x0107, 0x0107, 0x0107,
    0x0107, 0x0107, 0x0107, 0x0107, 0x0107, 0x0107, 0x0128, 0x0949, 0x098A, 0x11CB, 0x1A0C, 0x1A2D,
    0x1A2D, 0x1A0D, 0x1A0C, 0x11EC, 0x11EB, 0x11CB, 0x11CB, 0x11CB, 0x11CB, 0x11CB, 0x11CB, 0x11CB,
    0x11CB, 0x11CB, 0x11CB, 0x11CB, 0x11CB, 0x11CB, 0x11CB, 0x11CB, 0x11CB, 0x11CB, 0x11CB, 0x11CB,
    0x11CB, 0x11CB, 0x11CB, 0x11CB, 0x11CB, 0x11CB, 0x11CB, 0x11CB, 0x11CB, 0x11CB, 0x11CB, 0x11CB,
    0x11CB, 0x11EC, 0x1A0C, 0x1A2D, 0x1A4E, 0x224E, 0x226E, 0x224E, 0x1A4D, 0x1A2D, 0x1A0C, 0x11EB,
    0x11CB, 0x11CB, 0x11CB, 0x11CA, 0x11CA, 0x11CB, 0x11CB, 0x11CB, 0x11CB, 0x11CB, 0x11CB, 0x11CB,
    0x11CB, 0x11CB, 0x11CB, 0x11CB, 0x11CB, 0x11CB, 0x11CB, 0x11CB, 0x11CB, 0x11CB, 0x11CB, 0x11CB,
    0x11CB, 0x11CB, 0x11CB, 0x11CB, 0x11CB, 0x11CB, 0x11CB, 0x11EC, 0x1A0C, 0x1A2D, 0x1A2D, 0x1A2D,
    0x1A0C, 0x11CB, 0x098A, 0x0949, 0x0128, 0x0107, 0x0107, 0x0107, 0x0107, 0x0107, 0x0107, 0x0107,
    0x0107, 0x0107, 0x0107, 0x0107, 0x0107, 0x0127, 0x0948, 0x0989, 0x11AA, 0x11EB, 0x19EB, 0x11CB,
    0x11AA, 0x0969, 0x0148, 0x0128, 0x0107, 0x0107, 0x0107, 0x0107, 0x0107, 0x0107, 0x0107, 0x0107,
    0x0107, 0x0107, 0x0107, 0x0107, 0x0107, 0x0107, 0x0107, 0x0107, 0x0107, 0x0107, 0x0107, 0x0107,
    0x0107, 0x0107, 0x0107, 0x0107, 0x0107, 0x0107, 0x0107, 0x0107, 0x0107, 0x0107, 0x0107, 0x0127,
    0x0948, 0x0989, 0x11AA, 0x11EB, 0x11EB, 0x11CB, 0x11AA, 0x0969, 0x0148, 0x0127, 0x0107, 0x0107,
    0x0106, 0x0106, 0x0107, 0x0107, 0x0107, 0x0107, 0x0127, 0x0148, 0x0969, 0x11AA, 0x11EB, 0x1A0C,
    0x1A2D, 0x1A0D, 0x120C, 0x11EC, 0x11CB, 0x11CB, 0x11CB, 0x11CB, 0x11CB, 0x11CB, 0x11CB, 0x11CB,
    0x11CB, 0x11CB, 0x11CB, 0x11CB, 0x11CB, 0x11CB, 0x11CB, 0x11CB, 0x11CB, 0x11CB, 0x11CB, 0x11CB,
    0x11CB, 0x11CB, 0x11CB, 0x11CB, 0x11CB, 0x11CB, 0x11CB, 0x11CB, 0x11CB, 0x11CB, 0x11CB, 0x11AB,
    0x0107, 0x0107, 0x0107, 0x0107, 0x0107, 0x0107, 0x0107, 0x0107, 0x0107, 0x0107, 0x0127, 0x0128,
    0x0948, 0x0989, 0x11AA, 0x11CB, 0x11CB, 0x11CA, 0x098A, 0x0949, 0x0128, 0x0107, 0x0107, 0x0107,
    0x0107, 0x0107, 0x0107, 0x0107, 0x0107, 0x0127, 0x0128, 0x0969, 0x11AA, 0x11CB, 0x1A0C, 0x1A0C,
    0x19EC, 0x11CB, 0x11AB, 0x11AA, 0x098A, 0x098A, 0x098A, 0x098A, 0x098A, 0x098A, 0x098A, 0x098A,
    0x098A, 0x098A, 0x098A, 0x098A, 0x098A, 0x098A, 0x098A, 0x098A, 0x098A, 0x098A, 0x098A, 0x098A,
    0x0989, 0x0989, 0x0989, 0x0989, 0x0989, 0x0989, 0x0989, 0x0989, 0x0989, 0x0989, 0x098A, 0x098A,
    0x11AA, 0x11CB, 0x11EC, 0x1A0D, 0x1A2D, 0x1A4E, 0x224E, 0x1A4E, 0x1A2D, 0x1A0C, 0x11EB, 0x11CB,
    0x11AA, 0x098A, 0x0989, 0x0989, 0x0989, 0x0989, 0x0989, 0x0989, 0x0989, 0x0989, 0x0989, 0x0989,
    0x0989, 0x0989, 0x0989, 0x0989, 0x0989, 0x0989, 0x0989, 0x0989, 0x0989, 0x0989, 0x0989, 0x0989,
    0x098A, 0x098A, 0x098A, 0x098A, 0x098A, 0x098A, 0x11AA, 0x11CB, 0x11EC, 0x1A0D, 0x1A2D, 0x1A2D,
    0x11EC, 0x11AA, 0x0969, 0x0148, 0x0127, 0x0107, 0x0107, 0x0107, 0x0107, 0x0107, 0x0107, 0x0107,
    0x0107, 0x0107, 0x0107, 0x0107, 0x0107, 0x0127, 0x0148, 0x0969, 0x11AA, 0x11CB, 0x19EB, 0x11EB,
    0x11CB, 0x098A, 0x0969, 0x0128, 0x0127, 0x0107, 0x0107, 0x0107, 0x0107, 0x0107, 0x0107, 0x0107,
    0x0107, 0x0107, 0x0107, 0x0107, 0x0107, 0x0107, 0x0107, 0x0107, 0x0107, 0x0107, 0x0107, 0x0107,
    0x0107, 0x0107, 0x0107, 0x0107, 0x0107, 0x0107, 0x0107, 0x0107, 0x0107, 0x0107, 0x0107, 0x0127,
    0x0128, 0x0969, 0x098A, 0x11CB, 0x11EB, 0x11EB, 0x11CA, 0x0989, 0x0948, 0x0128, 0x0127, 0x0107,
    0x0107, 0x0107, 0x0107, 0x0107, 0x0107, 0x0107, 0x0128, 0x0948, 0x0989, 0x11AB, 0x11EC, 0x1A0C,
    0x1A0C, 0x11EB, 0x11CB, 0x09AA, 0x098A, 0x098A, 0x098A, 0x0989, 0x0989, 0x0989, 0x0989, 0x0989,
    0x098A, 0x098A, 0x098A, 0x098A, 0x098A, 0x0989, 0x0989, 0x0989, 0x0989, 0x0989, 0x0989, 0x0989,
    0x0989, 0x098A, 0x098A, 0x098A, 0x098A, 0x098A, 0x098A, 0x098A, 0x098A, 0x098A, 0x098A, 0x098A,
    0x0107, 0x0107, 0x0107, 0x0107, 0x0107, 0x0107, 0x0107, 0x0107, 0x0107, 0x0107, 0x0107, 0x0127,
    0x0148, 0x0969, 0x09AA, 0x11CA, 0x11CB, 0x11CB, 0x11AA, 0x0969, 0x0948, 0x0128, 0x0107, 0x0107,
    0x0107, 0x0107, 0x0107, 0x0107, 0x0107, 0x0128, 0x0948, 0x0989, 0x11CB, 0x19EB, 0x19EC, 0x19EB,
    0x11AB, 0x098A, 0x0969, 0x0969, 0x0949, 0x0948, 0x0948, 0x0948, 0x0948, 0x0948, 0x0948, 0x0948,
    0x0948, 0x0948, 0x0948, 0x0948, 0x0948, 0x0948, 0x0948, 0x0948, 0x0948, 0x0948, 0x0948, 0x0948,
    0x0948, 0x0948, 0x0948, 0x0948, 0x0948, 0x0948, 0x0948, 0x0948, 0x0948, 0x0948, 0x0968, 0x0969,
    0x098A, 0x11AA, 0x11EB, 0x1A0C, 0x1A2D, 0x1A2D, 0x1A2D, 0x1A2D, 0x1A0D, 0x1A0C, 0x11CB, 0x11AA,
    0x0989, 0x0969, 0x0948, 0x0948, 0x0948, 0x0148, 0x0148, 0x0148, 0x0148, 0x0148, 0x0148, 0x0148,
    0x0148, 0x0148, 0x0148, 0x0148, 0x0148, 0x0148, 0x0148, 0x0148, 0x0148, 0x0148, 0x0148, 0x0148,
    0x0148, 0x0148, 0x0148, 0x0948, 0x0949, 0x0969, 0x098A, 0x11AB, 0x11EC, 0x1A0C, 0x1A0C, 0x1A0C,
    0x11CB, 0x098A, 0x0949, 0x0128, 0x0107, 0x0107, 0x0107, 0x0107, 0x0107, 0x0107, 0x0107, 0x0107,
    0x0107, 0x0107, 0x0107, 0x0107, 0x0107, 0x0107, 0x0127, 0x0948, 0x0989, 0x11AA, 0x11EB, 0x19EB,
    0x11CB, 0x11AA, 0x0969, 0x0948, 0x0128, 0x0127, 0x0107, 0x0107, 0x0107, 0x0107, 0x0107, 0x0107,
    0x0107, 0x0107, 0x0107, 0x0107, 0x0107, 0x0107, 0x0107, 0x0107, 0x0107, 0x0107, 0x0107, 0x0107,
    0x0107, 0x0107, 0x0107, 0x0107, 0x0107, 0x0107, 0x0107, 0x0107, 0x0107, 0x0107, 0x0107, 0x0107,
    0x0127, 0x0948, 0x0989, 0x11AA, 0x11EB, 0x11EB, 0x11CB, 0x11AA, 0x0969, 0x0948, 0x0127, 0x0107,
    0x0107, 0x0107, 0x0107, 0x0107, 0x0107, 0x0127, 0x0148, 0x0969, 0x11AA, 0x11CB, 0x19EC, 0x19EC,
    0x11CB, 0x11AA, 0x0989, 0x0969, 0x0149, 0x0148, 0x0148, 0x0148, 0x0948, 0x0948, 0x0948, 0x0948,
    0x0948, 0x0948, 0x0948, 0x0148, 0x0148, 0x0148, 0x0948, 0x0948, 0x0948, 0x0948, 0x0948, 0x0948,
    0x0948, 0x0948, 0x0948, 0x0948, 0x0948, 0x0148, 0x0148, 0x0148, 0x0148, 0x0148, 0x0948, 0x0949,
    0x0107, 0x0107, 0x0107, 0x0107, 0x0107, 0x0107, 0x0107, 0x0107, 0x0107, 0x0107, 0x0107, 0x0107,
    0x0127, 0x0948, 0x0989, 0x11AA, 0x11CB, 0x11CB, 0x11CB, 0x118A, 0x0969, 0x0148, 0x0127, 0x0107,
    0x0107, 0x0107, 0x0107, 0x0107, 0x0127, 0x0948, 0x0969, 0x11AA, 0x11CB, 0x19EB, 0x19EB, 0x11AB,
    0x098A, 0x0969, 0x0148, 0x0128, 0x0128, 0x0127, 0x0127, 0x0127, 0x0127, 0x0127, 0x0127, 0x0127,
    0x0127, 0x0127, 0x0127, 0x0127, 0x0127, 0x0127, 0x0127, 0x0127, 0x0127, 0x0127, 0x0127, 0x0127,
    0x0127, 0x0127, 0x0127, 0x0127, 0x0127, 0x0127, 0x0127, 0x0127, 0x0127, 0x0128, 0x0148, 0x0948,
    0x0989, 0x11AA, 0x11EB, 0x1A0C, 0x1A0C, 0x1A0C, 0x1A0C, 0x1A0C, 0x1A0C, 0x19EC, 0x11CB, 0x118A,
    0x0969, 0x0948, 0x0128, 0x0127, 0x0127, 0x0127, 0x0127, 0x0127, 0x0127, 0x0127, 0x0127, 0x0127,
    0x0127, 0x0127, 0x0127, 0x0127, 0x0127, 0x0127, 0x0127, 0x0127, 0x0127, 0x0127, 0x0127, 0x0127,
    0x0127, 0x0127, 0x0128, 0x0128, 0x0148, 0x0949, 0x0989, 0x11AA, 0x11EB, 0x1A0C, 0x1A0C, 0x11EB,
    0x09AA, 0x0969, 0x0148, 0x0127, 0x0107, 0x0107, 0x0107, 0x0107, 0x0107, 0x0107, 0x0107, 0x0107,
    0x0107, 0x0107, 0x0107, 0x0107, 0x0107, 0x0107, 0x0127, 0x0128, 0x0969, 0x118A, 0x11CB, 0x19EB,
    0x19EB, 0x11CB, 0x11AA, 0x0969, 0x0148, 0x0127, 0x0127, 0x0107, 0x0107, 0x0107, 0x0107, 0x0107,
    0x0107, 0x0107, 0x0107, 0x0107, 0x0107, 0x0107, 0x0107, 0x0107, 0x0107, 0x0107, 0x0107, 0x0107,
    0x0107, 0x0107, 0x0107, 0x0107, 0x0107, 0x0107, 0x0107, 0x0107, 0x0107, 0x0107, 0x0107, 0x0107,
    0x0127, 0x0128, 0x0969, 0x098A, 0x11CB, 0x11EB, 0x11EB, 0x11CB, 0x098A, 0x0969, 0x0128, 0x0127,
    0x0107, 0x0107, 0x0107, 0x0107, 0x0127, 0x0128, 0x0949, 0x098A, 0x11CB, 0x11EB, 0x19EB, 0x11CB,
    0x11AA, 0x0969, 0x0948, 0x0128, 0x0128, 0x0127, 0x0127, 0x0127, 0x0127, 0x0127, 0x0127, 0x0127,
    0x0127, 0x0127, 0x0127, 0x0127, 0x0127, 0x0127, 0x0127, 0x0127, 0x0127, 0x0127, 0x0127, 0x0127,
    0x0127, 0x0127, 0x0127, 0x0127, 0x0127, 0x0127, 0x0127, 0x0127, 0x0128, 0x0128, 0x0128, 0x0128,
    0x0107, 0x0107, 0x0107, 0x0107, 0x0107, 0x0107, 0x0107, 0x0107, 0x0107, 0x0107, 0x0107, 0x0107,
    0x0127, 0x0128, 0x0969, 0x098A, 0x11CA, 0x11CB, 0x11CB, 0x11AA, 0x0989, 0x0948, 0x0128, 0x0107,
    0x0107, 0x0107, 0x0107, 0x0127, 0x0128, 0x0969, 0x118A, 0x11CB, 0x19EB, 0x19EB, 0x11CB, 0x118A,
    0x0969, 0x0148, 0x0127, 0x0107, 0x0107, 0x0107, 0x0107, 0x0107, 0x0107, 0x0107, 0x0107, 0x0107,
    0x0107, 0x0107, 0x0107, 0x0107, 0x0107, 0x0107, 0x0107, 0x0107, 0x0107, 0x0107, 0x0107, 0x0107,
    0x0107, 0x0107, 0x0107, 0x0107, 0x0107, 0x0107, 0x0107, 0x0107, 0x0107, 0x0127, 0x0128, 0x0948,
    0x0989, 0x11CB, 0x11EB, 0x19EC, 0x19EC, 0x11EB, 0x11CB, 0x11CB, 0x11EB, 0x11EB, 0x11CB, 0x11AA,
    0x0969, 0x0948, 0x0127, 0x0107, 0x0107, 0x0107, 0x0107, 0x0107, 0x0107, 0x0107, 0x0107, 0x0107,
    0x0107, 0x0107, 0x0107, 0x0107, 0x0107, 0x0107, 0x0107, 0x0107, 0x0107, 0x0107, 0x0107, 0x0107,
    0x0107, 0x0107, 0x0107, 0x0127, 0x0128, 0x0949, 0x098A, 0x11CB, 0x11EB, 0x19EC, 0x11EB, 0x11CB,
    0x0989, 0x0948, 0x0128, 0x0107, 0x0107, 0x0107, 0x0107, 0x0107, 0x0107, 0x0107, 0x0107, 0x0107,
    0x0107, 0x0107, 0x0107, 0x0107, 0x0107, 0x0107, 0x0107, 0x0127, 0x0948, 0x0969, 0x11AA, 0x11CB,
    0x19EB, 0x11EB, 0x11CB, 0x0989, 0x0969, 0x0128, 0x0127, 0x0107, 0x0107, 0x0107, 0x0107, 0x0107,
    0x0107, 0x0107, 0x0107, 0x0107, 0x0107, 0x0107, 0x0107, 0x0107, 0x0107, 0x0107, 0x0107, 0x0107,
    0x0107, 0x0107, 0x0107, 0x0107, 0x0107, 0x0107, 0x0107, 0x0107, 0x0107, 0x0107, 0x0107, 0x0107,
    0x0107, 0x0127, 0x0148, 0x0969, 0x11AA, 0x11CB, 0x11EB, 0x11EB, 0x11AA, 0x0989, 0x0948, 0x0128,
    0x0127, 0x0107, 0x0107, 0x0107, 0x0128, 0x0148, 0x0969, 0x11AA, 0x11CB, 0x19EC, 0x11EB, 0x11AA,
    0x0989, 0x0948, 0x0128, 0x0127, 0x0127, 0x0107, 0x0107, 0x0107, 0x0107, 0x0107, 0x0107, 0x0107,
    0x0107, 0x0107, 0x0107, 0x0107, 0x0107, 0x0107, 0x0107, 0x0107, 0x0107, 0x0107, 0x0107, 0x0107,
    0x0107, 0x0107, 0x0107, 0x0107, 0x0107, 0x0107, 0x0107, 0x0107, 0x0107, 0x0107, 0x0107, 0x0127,
    0x0107, 0x0107, 0x0107, 0x0107, 0x0107, 0x0107, 0x0107, 0x0107, 0x0107, 0x0107, 0x0107, 0x0107,
    0x0107, 0x0127, 0x0148, 0x0969, 0x11AA, 0x11CB, 0x11EB, 0x11CB, 0x11AA, 0x0969, 0x0148, 0x0127,
    0x0107, 0x0107, 0x0127, 0x0127, 0x0948, 0x0989, 0x11AA, 0x19EB, 0x19EB, 0x11CB, 0x11AA, 0x0969,
    0x0948, 0x0127, 0x0107, 0x0107, 0x0107, 0x0107, 0x0107, 0x0107, 0x0107, 0x0107, 0x0107, 0x0107,
    0x0107, 0x0107, 0x0107, 0x0107, 0x0107, 0x0107, 0x0107, 0x0107, 0x0107, 0x0107, 0x0107, 0x0107,
    0x0107, 0x0107, 0x0107, 0x0107, 0x0107, 0x0107, 0x0107, 0x0107, 0x0107, 0x0127, 0x0148, 0x0969,
    0x11AA, 0x11EB, 0x19EB, 0x11EB, 0x11CB, 0x11AA, 0x11AA, 0x11AA, 0x11CB, 0x11CB, 0x11CB, 0x11AA,
    0x0989, 0x0948, 0x0128, 0x0107, 0x0107, 0x0107, 0x0107, 0x0107, 0x0107, 0x0107, 0x0107, 0x0107,
    0x0107, 0x0107, 0x0107, 0x0107, 0x0107, 0x0107, 0x0107, 0x0107, 0x0107, 0x0107, 0x0107, 0x0107,
    0x0107, 0x0107, 0x0107, 0x0127, 0x0148, 0x0969, 0x11AA, 0x11CB, 0x19EB, 0x11EB, 0x11CB, 0x09AA,
    0x0969, 0x0148, 0x0127, 0x0107, 0x0107, 0x0107, 0x0107, 0x0107, 0x0107, 0x0107, 0x0107, 0x0107,
    0x0107, 0x0107, 0x0107, 0x0107, 0x0107, 0x0107, 0x0107, 0x0127, 0x0128, 0x0969, 0x098A, 0x11CB,
    0x11EB, 0x11EC, 0x11CB, 0x11AA, 0x0969, 0x0148, 0x0128, 0x0127, 0x0107, 0x0107, 0x0107, 0x0107,
    0x0107, 0x0107, 0x0107, 0x0107, 0x0107, 0x0107, 0x0107, 0x0107, 0x0107, 0x0107, 0x0107, 0x0107,
    0x0107, 0x0107, 0x0107, 0x0107, 0x0107, 0x0107, 0x0107, 0x0107, 0x0107, 0x0107, 0x0107, 0x0107,
    0x0107, 0x0127, 0x0128, 0x0968, 0x0989, 0x11CB, 0x11EB, 0x11EB, 0x11CB, 0x11AA, 0x0969, 0x0148,
    0x0127, 0x0127, 0x0107, 0x0127, 0x0148, 0x0969, 0x118A, 0x11CB, 0x19EB, 0x19EB, 0x11CB, 0x11AA,
    0x0969, 0x0148, 0x0127, 0x0107, 0x0107, 0x0107, 0x0107, 0x0107, 0x0107, 0x0107, 0x0107, 0x0107,
    0x0107, 0x0107, 0x0107, 0x0107, 0x0107, 0x0107, 0x0107, 0x0107, 0x0107, 0x0107, 0x0107, 0x0107,
    0x0107, 0x0107, 0x0107, 0x0107, 0x0107, 0x0107, 0x0107, 0x0107, 0x0107, 0x0107, 0x0107, 0x0127,
    0x0107, 0x0107, 0x0107, 0x0107, 0x0107, 0x0107, 0x0107, 0x0107, 0x0107, 0x0107, 0x0107, 0x0107,
    0x0107, 0x0127, 0x0128, 0x0948, 0x0989, 0x11CA, 0x11EB, 0x11EB, 0x11CB, 0x118A, 0x0969, 0x0148,
    0x0127, 0x0127, 0x0127, 0x0148, 0x0969, 0x11AA, 0x11CB, 0x19EB, 0x19EB, 0x11CB, 0x0989, 0x0968,
    0x0128, 0x0127, 0x0107, 0x0107, 0x0107, 0x0106, 0x0106, 0x0106, 0x0106, 0x0106, 0x0107, 0x0107,
    0x0107, 0x0107, 0x0107, 0x0107, 0x0107, 0x0107, 0x0107, 0x0107, 0x0107, 0x0107, 0x0107, 0x0107,
    0x0107, 0x0107, 0x0107, 0x0107, 0x0107, 0x0107, 0x0107, 0x0107, 0x0107, 0x0128, 0x0968, 0x098A,
    0x11CB, 0x19EB, 0x1A0C, 0x11EB, 0x11AA, 0x098A, 0x0969, 0x0989, 0x11AA, 0x11CB, 0x11CB, 0x11CB,
    0x11AA, 0x0969, 0x0948, 0x0127, 0x0107, 0x0107, 0x0107, 0x0107, 0x0107, 0x0107, 0x0107, 0x0107,
    0x0107, 0x0107, 0x0107, 0x0106, 0x0106, 0x0106, 0x0106, 0x0107, 0x0107, 0x0107, 0x0106, 0x0106,
    0x0107, 0x0107, 0x0107, 0x0128, 0x0948, 0x0989, 0x11CA, 0x11EB, 0x19EB, 0x11EB, 0x11AA, 0x0989,
    0x0148, 0x0128, 0x0127, 0x0107, 0x0107, 0x0107, 0x0107, 0x0107, 0x0107, 0x0107, 0x0107, 0x0107,
    0x0107, 0x0107, 0x0107, 0x0107, 0x0107, 0x0107, 0x0107, 0x0107, 0x0127, 0x0148, 0x0969, 0x11AA,
    0x11CB, 0x11EC, 0x11EB, 0x11CB, 0x098A, 0x0969, 0x0148, 0x0127, 0x0107, 0x0107, 0x0107, 0x0107,
    0x0107, 0x0107, 0x0107, 0x0107, 0x0107, 0x0107, 0x0107, 0x0107, 0x0107, 0x0107, 0x0107, 0x0107,
    0x0107, 0x0107, 0x0107, 0x0107, 0x0107, 0x0107, 0x0107, 0x0107, 0x0107, 0x0107, 0x0107, 0x0107,
    0x0107, 0x0107, 0x0127, 0x0148, 0x0969, 0x11AA, 0x11CB, 0x11EB, 0x11EB, 0x11CA, 0x0989, 0x0968,
    0x0128, 0x0127, 0x0127, 0x0128, 0x0949, 0x098A, 0x11AB, 0x11EB, 0x19EC, 0x11EB, 0x11AA, 0x0989,
    0x0948, 0x0127, 0x0107, 0x0107, 0x0107, 0x0107, 0x0106, 0x0106, 0x0106, 0x0106, 0x0106, 0x0106,
    0x0107, 0x0107, 0x0107, 0x0107, 0x0107, 0x0107, 0x0107, 0x0107, 0x0107, 0x0107, 0x0107, 0x0107,
    0x0107, 0x0107, 0x0107, 0x0107, 0x0107, 0x0107, 0x0107, 0x0107, 0x0107, 0x0107, 0x0127, 0x0127,
    0x0107, 0x0107, 0x0107, 0x0107, 0x0107, 0x0107, 0x0107, 0x0107, 0x0107, 0x0107, 0x0107, 0x0107,
    0x0107, 0x0107, 0x0127, 0x0148, 0x0969, 0x11AA, 0x11CB, 0x11EB, 0x11CB, 0x11AA, 0x0989, 0x0948,
    0x0128, 0x0128, 0x0148, 0x0969, 0x0989, 0x11CB, 0x19EB, 0x19EB, 0x11CB, 0x11AA, 0x0969, 0x0148,
    0x0127, 0x0107, 0x0107, 0x0106, 0x0106, 0x0106, 0x0106, 0x0106, 0x0106, 0x0106, 0x0106, 0x0106,
    0x0106, 0x0106, 0x0106, 0x0106, 0x0107, 0x0107, 0x0107, 0x0107, 0x0107, 0x0107, 0x0107, 0x0107,
    0x0107, 0x0107, 0x0107, 0x0106, 0x0106, 0x0107, 0x0107, 0x0107, 0x0127, 0x0948, 0x0989, 0x11AA,
    0x11EB, 0x1A0C, 0x19EB, 0x11CB, 0x098A, 0x0969, 0x0948, 0x0969, 0x0989, 0x11AA, 0x11CB, 0x11CB,
    0x11CA, 0x1189, 0x0969, 0x0128, 0x0107, 0x0107, 0x0107, 0x0107, 0x0107, 0x0107, 0x0107, 0x0107,
    0x0107, 0x0107, 0x0107, 0x0106, 0x0106, 0x0106, 0x0106, 0x0107, 0x0107, 0x0107, 0x0106, 0x0106,
    0x0107, 0x0107, 0x0127, 0x0148, 0x0969, 0x11AA, 0x11CB, 0x19EB, 0x11EB, 0x11CA, 0x0989, 0x0969,
    0x0128, 0x0127, 0x0107, 0x0107, 0x0107, 0x0107, 0x0107, 0x0107, 0x0107, 0x0107, 0x0107, 0x0107,
    0x0107, 0x0107, 0x0107, 0x0107, 0x0107, 0x0107, 0x0107, 0x0107, 0x0127, 0x0128, 0x0948, 0x0989,
    0x11CA, 0x11EB, 0x19EC, 0x11EB, 0x11CA, 0x0989, 0x0148, 0x0128, 0x0127, 0x0107, 0x0107, 0x0107,
    0x0107, 0x0107, 0x0107, 0x0107, 0x0107, 0x0107, 0x0107, 0x0107, 0x0107, 0x0107, 0x0107, 0x0107,
    0x0107, 0x0107, 0x0107, 0x0107, 0x0107, 0x0107, 0x0107, 0x0107, 0x0107, 0x0107, 0x0107, 0x0107,
    0x0107, 0x0107, 0x0127, 0x0128, 0x0948, 0x0989, 0x11CA, 0x11EB, 0x19EB, 0x11EB, 0x11AA, 0x0969,
    0x0148, 0x0148, 0x0128, 0x0148, 0x0969, 0x11AA, 0x11CB, 0x19EC, 0x19EB, 0x11CB, 0x098A, 0x0969,
    0x0128, 0x0127, 0x0107, 0x0107, 0x0107, 0x0106, 0x0106, 0x0106, 0x0106, 0x0106, 0x0106, 0x0106,
    0x0107, 0x0107, 0x0107, 0x0107, 0x0107, 0x0107, 0x0107, 0x0107, 0x0107, 0x0107, 0x0107, 0x0107,
    0x0107, 0x0107, 0x0107, 0x0107, 0x0107, 0x0107, 0x0107, 0x0107, 0x0107, 0x0127, 0x0128, 0x0128,
    0x0107, 0x0107, 0x0107, 0x0107, 0x0107, 0x0107, 0x0107, 0x0107, 0x0107, 0x0107, 0x0107, 0x0107,
    0x0107, 0x0107, 0x0127, 0x0128, 0x0948, 0x0989, 0x11CA, 0x11EB, 0x11EB, 0x11CB, 0x11AA, 0x0969,
    0x0148, 0x0148, 0x0948, 0x0989, 0x11AA, 0x11EB, 0x19EC, 0x19EB, 0x11CA, 0x0989, 0x0948, 0x0127,
    0x0107, 0x0107, 0x0106, 0x0106, 0x0106, 0x0106, 0x0106, 0x0106, 0x0106, 0x0106, 0x0106, 0x0106,
    0x0106, 0x0106, 0x0106, 0x0106, 0x0107, 0x0107, 0x0107, 0x0107, 0x0107, 0x0107, 0x0107, 0x0106,
    0x0106, 0x0107, 0x0107, 0x0106, 0x0106, 0x0107, 0x0107, 0x0127, 0x0148, 0x0969, 0x11AA, 0x11EB,
    0x1A0C, 0x1A0C, 0x11EB, 0x11AA, 0x0969, 0x0148, 0x0128, 0x0948, 0x0969, 0x118A, 0x11CA, 0x11CB,
    0x11CB, 0x11AA, 0x0969, 0x0948, 0x0127, 0x0107, 0x0107, 0x0107, 0x0107, 0x0107, 0x0107, 0x0107,
    0x0107, 0x0107, 0x0107, 0x0106, 0x0106, 0x0107, 0x0107, 0x0107, 0x0107, 0x0107, 0x0106, 0x0106,
    0x0107, 0x0107, 0x0128, 0x0948, 0x0989, 0x11CA, 0x11EB, 0x19EB, 0x11CB, 0x11AA, 0x0969, 0x0148,
    0x0127, 0x0107, 0x0107, 0x0107, 0x0107, 0x0107, 0x0107, 0x0107, 0x0107, 0x0107, 0x0107, 0x0107,
    0x0107, 0x0107, 0x0107, 0x0107, 0x0107, 0x0107, 0x0107, 0x0107, 0x0127, 0x0127, 0x0148, 0x0969,
    0x09AA, 0x11CB, 0x19EB, 0x19EC, 0x11CB, 0x09AA, 0x0969, 0x0148, 0x0127, 0x0107, 0x0107, 0x0107,
    0x0107, 0x0107, 0x0107, 0x0107, 0x0107, 0x0107, 0x0107, 0x0107, 0x0107, 0x0107, 0x0107, 0x0107,
    0x0107, 0x0107, 0x0107, 0x0107, 0x0107, 0x0107, 0x0107, 0x0107, 0x0107, 0x0107, 0x0107, 0x0107,
    0x0107, 0x0107, 0x0107, 0x0127, 0x0148, 0x0969, 0x11AA, 0x11CB, 0x19EB, 0x11EB, 0x11CB, 0x09AA,
    0x0969, 0x0148, 0x0148, 0x0969, 0x098A, 0x11CB, 0x11EB, 0x19EC, 0x11CB, 0x11AA, 0x0969, 0x0948,
    0x0127, 0x0107, 0x0107, 0x0107, 0x0106, 0x0106, 0x0106, 0x0106, 0x0106, 0x0106, 0x0106, 0x0106,
    0x0107, 0x0107, 0x0107, 0x0107, 0x0107, 0x0107, 0x0107, 0x0107, 0x0107, 0x0107, 0x0107, 0x0107,
    0x0107, 0x0107, 0x0107, 0x0107, 0x0107, 0x0107, 0x0107, 0x0107, 0x0127, 0x0128, 0x0148, 0x0969,
    0x0107, 0x0107, 0x0107, 0x0107, 0x0107, 0x0107, 0x0107, 0x0107, 0x0107, 0x0107, 0x0107, 0x0107,
    0x0107, 0x0107, 0x0107, 0x0127, 0x0148, 0x0969, 0x11AA, 0x11CB, 0x11EB, 0x11EB, 0x11CB, 0x098A,
    0x0969, 0x0969, 0x0989, 0x11AA, 0x11CB, 0x19EB, 0x19EB, 0x11CB, 0x11AA, 0x0969, 0x0148, 0x0127,
    0x0107, 0x0107, 0x0106, 0x0106, 0x0106, 0x0106, 0x0106, 0x0106, 0x0106, 0x0106, 0x0106, 0x0106,
    0x0106, 0x0106, 0x0106, 0x0106, 0x0106, 0x0107, 0x0107, 0x0107, 0x0107, 0x0107, 0x0107, 0x0106,
    0x0106, 0x0106, 0x0107, 0x0107, 0x0107, 0x0107, 0x0107, 0x0127, 0x0948, 0x0989, 0x11CA, 0x19EB,
    0x1A0C, 0x11EB, 0x11CB, 0x0989, 0x0948, 0x0128, 0x0127, 0x0128, 0x0948, 0x0969, 0x11AA, 0x11CB,
    0x11EB, 0x11CB, 0x11AA, 0x0969, 0x0128, 0x0127, 0x0107, 0x0107, 0x0107, 0x0107, 0x0107, 0x0107,
    0x0107, 0x0107, 0x0107, 0x0107, 0x0107, 0x0107, 0x0107, 0x0107, 0x0107, 0x0107, 0x0107, 0x0107,
    0x0107, 0x0127, 0x0148, 0x0969, 0x11AA, 0x11CB, 0x19EB, 0x11EB, 0x11AA, 0x0989, 0x0948, 0x0128,
    0x0127, 0x0107, 0x0107, 0x0107, 0x0107, 0x0107, 0x0107, 0x0107, 0x0107, 0x0107, 0x0107, 0x0107,
    0x0107, 0x0107, 0x0107, 0x0107, 0x0107, 0x0107, 0x0107, 0x0107, 0x0107, 0x0127, 0x0128, 0x0148,
    0x0989, 0x11AA, 0x11EB, 0x1A0C, 0x11EB, 0x11CB, 0x0989, 0x0969, 0x0128, 0x0127, 0x0107, 0x0107,
    0x0107, 0x0107, 0x0107, 0x0107, 0x0107, 0x0107, 0x0107, 0x0107, 0x0107, 0x0107, 0x0107, 0x0107,
    0x0107, 0x0107, 0x0107, 0x0107, 0x0107, 0x0107, 0x0107, 0x0107, 0x0107, 0x0107, 0x0107, 0x0107,
    0x0107, 0x0107, 0x0107, 0x0107, 0x0128, 0x0948, 0x0989, 0x11AA, 0x11EB, 0x11EB, 0x11EB, 0x11AA,
    0x098A, 0x0969, 0x0969, 0x098A, 0x11AA, 0x11CB, 0x19EC, 0x11EB, 0x11CA, 0x0989, 0x0948, 0x0128,
    0x0107, 0x0107, 0x0107, 0x0107, 0x0106, 0x0107, 0x0107, 0x0106, 0x0106, 0x0106, 0x0106, 0x0107,
    0x0107, 0x0107, 0x0107, 0x0107, 0x0107, 0x0107, 0x0107, 0x0107, 0x0107, 0x0107, 0x0107, 0x0107,
    0x0107, 0x0107, 0x0107, 0x0107, 0x0107, 0x0107, 0x0107, 0x0127, 0x0128, 0x0948, 0x0969, 0x098A,
    0x0107, 0x0107, 0x0107, 0x0107, 0x0107, 0x0107, 0x0107, 0x0107, 0x0107, 0x0107, 0x0107, 0x0107,
    0x0107, 0x0107, 0x0107, 0x0127, 0x0128, 0x0948, 0x0989, 0x11AA, 0x11CB, 0x11EB, 0x11CB, 0x11AB,
    0x098A, 0x098A, 0x11AA, 0x11CB, 0x11EB, 0x19EC, 0x11EB, 0x11AA, 0x0989, 0x0948, 0x0128, 0x0107,
    0x0107, 0x0107, 0x0107, 0x0107, 0x0107, 0x0107, 0x0107, 0x0107, 0x0107, 0x0107, 0x0107, 0x0107,
    0x0106, 0x0106, 0x0106, 0x0106, 0x0107, 0x0107, 0x0107, 0x0107, 0x0107, 0x0107, 0x0107, 0x0107,
    0x0107, 0x0107, 0x0107, 0x0107, 0x0107, 0x0107, 0x0127, 0x0148, 0x0969, 0x11AA, 0x11EB, 0x1A0C,
    0x1A0C, 0x11EB, 0x09AA, 0x0969, 0x0148, 0x0127, 0x0107, 0x0127, 0x0128, 0x0968, 0x0989, 0x11CA,
    0x11EB, 0x11CB, 0x11AA, 0x0989, 0x0948, 0x0128, 0x0107, 0x0107, 0x0107, 0x0107, 0x0107, 0x0107,
    0x0107, 0x0107, 0x0107, 0x0107, 0x0107, 0x0107, 0x0107, 0x0107, 0x0107, 0x0107, 0x0107, 0x0107,
    0x0127, 0x0128, 0x0968, 0x118A, 0x11CA, 0x19EB, 0x11EB, 0x11CB, 0x098A, 0x0969, 0x0148, 0x0127,
    0x0107, 0x0107, 0x0107, 0x0107, 0x0107, 0x0107, 0x0107, 0x0107, 0x0107, 0x0107, 0x0107, 0x0107,
    0x0107, 0x0107, 0x0107, 0x0107, 0x0107, 0x0107, 0x0107, 0x0107, 0x0107, 0x0127, 0x0127, 0x0148,
    0x0969, 0x09AA, 0x11CB, 0x11EB, 0x19EC, 0x11EB, 0x11AA, 0x0969, 0x0148, 0x0128, 0x0107, 0x0107,
    0x0107, 0x0107, 0x0107, 0x0107, 0x0107, 0x0107, 0x0107, 0x0107, 0x0107, 0x0107, 0x0107, 0x0107,
    0x0107, 0x0107, 0x0107, 0x0107, 0x0107, 0x0107, 0x0107, 0x0107, 0x0107, 0x0107, 0x0107, 0x0107,
    0x0107, 0x0107, 0x0107, 0x0107, 0x0127, 0x0148, 0x0969, 0x09AA, 0x11CB, 0x11EB, 0x11EB, 0x11CB,
    0x11AA, 0x09AA, 0x098A, 0x09AA, 0x11CB, 0x11EB, 0x11EB, 0x11CB, 0x118A, 0x0969, 0x0128, 0x0127,
    0x0107, 0x0107, 0x0107, 0x0107, 0x0107, 0x0107, 0x0107, 0x0107, 0x0107, 0x0107, 0x0107, 0x0107,
    0x0107, 0x0107, 0x0107, 0x0107, 0x0107, 0x0107, 0x0107, 0x0107, 0x0107, 0x0107, 0x0107, 0x0107,
    0x0107, 0x0107, 0x0107, 0x0107, 0x0107, 0x0107, 0x0107, 0x0127, 0x0948, 0x0969, 0x11AA, 0x11CB,
    0x0107, 0x0107, 0x0107, 0x0107, 0x0107, 0x0107, 0x0107, 0x0107, 0x0107, 0x0107, 0x0107, 0x0107,
    0x0107, 0x0107, 0x0107, 0x0107, 0x0127, 0x0148, 0x0969, 0x098A, 0x11CB, 0x11EB, 0x11EB, 0x11CB,
    0x11CB, 0x11CB, 0x11CB, 0x11EC, 0x19EC, 0x19EC, 0x11CB, 0x118A, 0x0969, 0x0148, 0x0127, 0x0107,
    0x0107, 0x0107, 0x0107, 0x0107, 0x0107, 0x0107, 0x0107, 0x0107, 0x0107, 0x0107, 0x0127, 0x0107,
    0x0107, 0x0107, 0x0107, 0x0107, 0x0107, 0x0107, 0x0107, 0x0107, 0x0107, 0x0107, 0x0107, 0x0107,
    0x0107, 0x0107, 0x0107, 0x0107, 0x0107, 0x0107, 0x0128, 0x0968, 0x0989, 0x11CA, 0x19EB, 0x1A0C,
    0x11EB, 0x11AA, 0x0989, 0x0148, 0x0127, 0x0107, 0x0107, 0x0107, 0x0127, 0x0948, 0x0969, 0x11AA,
    0x11CB, 0x19EB, 0x11CB, 0x11AA, 0x0969, 0x0948, 0x0127, 0x0107, 0x0107, 0x0107, 0x0107, 0x0107,
    0x0107, 0x0107, 0x0107, 0x0107, 0x0107, 0x0107, 0x0107, 0x0107, 0x0107, 0x0107, 0x0107, 0x0107,
    0x0128, 0x0948, 0x0989, 0x11AA, 0x11CB, 0x19EB, 0x11CB, 0x11AA, 0x0969, 0x0148, 0x0127, 0x0107,
    0x0107, 0x0107, 0x0107, 0x0107, 0x0107, 0x0107, 0x0107, 0x0107, 0x0107, 0x0107, 0x0107, 0x0107,
    0x0107, 0x0107, 0x0107, 0x0107, 0x0107, 0x0107, 0x0107, 0x0107, 0x0107, 0x0107, 0x0127, 0x0128,
    0x0148, 0x0989, 0x11AA, 0x11EB, 0x19EC, 0x11EB, 0x11CB, 0x098A, 0x0969, 0x0148, 0x0127, 0x0107,
    0x0107, 0x0107, 0x0107, 0x0107, 0x0107, 0x0107, 0x0107, 0x0107, 0x0107, 0x0107, 0x0107, 0x0107,
    0x0107, 0x0107, 0x0107, 0x0107, 0x0107, 0x0107, 0x0107, 0x0107, 0x0107, 0x0107, 0x0107, 0x0107,
    0x0107, 0x0107, 0x0107, 0x0107, 0x0107, 0x0127, 0x0148, 0x0989, 0x11AA, 0x11EB, 0x11EB, 0x11EB,
    0x11CB, 0x11CB, 0x11CB, 0x11CB, 0x11EB, 0x11EC, 0x11EB, 0x11AA, 0x0989, 0x0948, 0x0127, 0x0107,
    0x0107, 0x0107, 0x0107, 0x0107, 0x0107, 0x0107, 0x0107, 0x0107, 0x0107, 0x0107, 0x0107, 0x0107,
    0x0107, 0x0107, 0x0107, 0x0107, 0x0107, 0x0107, 0x0107, 0x0107, 0x0107, 0x0107, 0x0107, 0x0107,
    0x0107, 0x0107, 0x0107, 0x0107, 0x0107, 0x0107, 0x0127, 0x0148, 0x0969, 0x11AA, 0x11CB, 0x1A0C,
    0x0107, 0x0107, 0x0107, 0x0107, 0x0107, 0x0107, 0x0107, 0x0107, 0x0107, 0x0107, 0x0107, 0x0107,
    0x0107, 0x0107, 0x0107, 0x0107, 0x0107, 0x0127, 0x0148, 0x0969, 0x11AA, 0x11CB, 0x19EC, 0x19EC,
    0x19EC, 0x1A0C, 0x1A0C, 0x1A0C, 0x1A0C, 0x11EC, 0x11CB, 0x0989, 0x0949, 0x0128, 0x0127, 0x0127,
    0x0127, 0x0127, 0x0127, 0x0127, 0x0127, 0x0127, 0x0127, 0x0127, 0x0127, 0x0127, 0x0127, 0x0127,
    0x0127, 0x0127, 0x0127, 0x0127, 0x0127, 0x0127, 0x0127, 0x0127, 0x0107, 0x0107, 0x0107, 0x0107,
    0x0127, 0x0127, 0x0107, 0x0127, 0x0127, 0x0128, 0x0948, 0x0989, 0x11AA, 0x11EB, 0x19EB, 0x19EB,
    0x11CB, 0x0989, 0x0968, 0x0148, 0x0127, 0x0107, 0x0107, 0x0107, 0x0107, 0x0127, 0x0948, 0x0989,
    0x11AA, 0x11CB, 0x11EB, 0x11CB, 0x118A, 0x0969, 0x0148, 0x0128, 0x0107, 0x0107, 0x0107, 0x0107,
    0x0107, 0x0107, 0x0107, 0x0107, 0x0127, 0x0127, 0x0127, 0x0127, 0x0127, 0x0127, 0x0127, 0x0128,
    0x0948, 0x0969, 0x11AA, 0x11CB, 0x19EB, 0x11CB, 0x11AA, 0x0989, 0x0948, 0x0128, 0x0127, 0x0107,
    0x0107, 0x0107, 0x0107, 0x0107, 0x0107, 0x0107, 0x0107, 0x0107, 0x0107, 0x0127, 0x0127, 0x0127,
    0x0127, 0x0127, 0x0127, 0x0107, 0x0107, 0x0107, 0x0107, 0x0107, 0x0107, 0x0107, 0x0127, 0x0127,
    0x0128, 0x0969, 0x0989, 0x11CB, 0x11EB, 0x19EC, 0x11EB, 0x11CA, 0x0989, 0x0948, 0x0128, 0x0127,
    0x0107, 0x0107, 0x0107, 0x0107, 0x0107, 0x0107, 0x0107, 0x0107, 0x0107, 0x0107, 0x0107, 0x0107,
    0x0107, 0x0107, 0x0107, 0x0107, 0x0107, 0x0107, 0x0107, 0x0107, 0x0107, 0x0107, 0x0107, 0x0107,
    0x0107, 0x0107, 0x0107, 0x0107, 0x0107, 0x0127, 0x0128, 0x0968, 0x0989, 0x11CA, 0x11EB, 0x11EC,
    0x11EC, 0x11EC, 0x11EC, 0x120C, 0x120C, 0x11EC, 0x11CB, 0x098A, 0x0969, 0x0148, 0x0128, 0x0127,
    0x0127, 0x0127, 0x0127, 0x0127, 0x0127, 0x0127, 0x0127, 0x0127, 0x0127, 0x0127, 0x0127, 0x0127,
    0x0127, 0x0127, 0x0127, 0x0127, 0x0127, 0x0127, 0x0127, 0x0127, 0x0127, 0x0127, 0x0127, 0x0127,
    0x0127, 0x0127, 0x0127, 0x0127, 0x0127, 0x0127, 0x0148, 0x0968, 0x0989, 0x11CB, 0x1A0C, 0x1A2C,
    0x0107, 0x0107, 0x0107, 0x0107, 0x0107, 0x0107, 0x0107, 0x0107, 0x0107, 0x0107, 0x0107, 0x0107,
    0x0107, 0x0107, 0x0107, 0x0107, 0x0107, 0x0127, 0x0128, 0x0969, 0x098A, 0x11CB, 0x11EC, 0x1A0C,
    0x1A2D, 0x1A2D, 0x1A2D, 0x1A2D, 0x1A0C, 0x11EC, 0x11AB, 0x098A, 0x0969, 0x0148, 0x0148, 0x0148,
    0x0148, 0x0148, 0x0148, 0x0148, 0x0148, 0x0148, 0x0148, 0x0148, 0x0148, 0x0148, 0x0148, 0x0148,
    0x0148, 0x0148, 0x0148, 0x0148, 0x0148, 0x0148, 0x0148, 0x0148, 0x0128, 0x0148, 0x0128, 0x0148,
    0x0148, 0x0148, 0x0148, 0x0148, 0x0148, 0x0948, 0x0989, 0x11AA, 0x11CB, 0x11EB, 0x19EB, 0x11CB,
    0x11AA, 0x0969, 0x0148, 0x0127, 0x0107, 0x0107, 0x0107, 0x0107, 0x0107, 0x0127, 0x0128, 0x0969,
    0x118A, 0x11CB, 0x11EB, 0x11CB, 0x11AA, 0x098A, 0x0969, 0x0948, 0x0128, 0x0128, 0x0128, 0x0128,
    0x0128, 0x0128, 0x0128, 0x0128, 0x0148, 0x0148, 0x0148, 0x0148, 0x0148, 0x0148, 0x0148, 0x0948,
    0x0969, 0x118A, 0x11CB, 0x11EB, 0x19EB, 0x11CB, 0x11AA, 0x0969, 0x0148, 0x0127, 0x0107, 0x0107,
    0x0107, 0x0107, 0x0107, 0x0107, 0x0107, 0x0107, 0x0107, 0x0127, 0x0127, 0x0127, 0x0128, 0x0128,
    0x0128, 0x0127, 0x0127, 0x0127, 0x0107, 0x0107, 0x0107, 0x0107, 0x0107, 0x0107, 0x0107, 0x0127,
    0x0127, 0x0148, 0x0969, 0x09AA, 0x11CB, 0x19EB, 0x19EB, 0x11CB, 0x11AA, 0x0969, 0x0148, 0x0127,
    0x0107, 0x0107, 0x0107, 0x0107, 0x0107, 0x0107, 0x0107, 0x0107, 0x0107, 0x0107, 0x0107, 0x0107,
    0x0107, 0x0107, 0x0107, 0x0107, 0x0107, 0x0107, 0x0107, 0x0107, 0x0107, 0x0107, 0x0107, 0x0107,
    0x0107, 0x0107, 0x0107, 0x0107, 0x0107, 0x0107, 0x0127, 0x0148, 0x0969, 0x09AA, 0x11CB, 0x11EC,
    0x1A0C, 0x1A2D, 0x1A2D, 0x1A2D, 0x1A0C, 0x11EC, 0x11CB, 0x098A, 0x0969, 0x0948, 0x0148, 0x0128,
    0x0128, 0x0148, 0x0148, 0x0148, 0x0148, 0x0148, 0x0148, 0x0148, 0x0148, 0x0148, 0x0148, 0x0148,
    0x0148, 0x0148, 0x0148, 0x0148, 0x0148, 0x0148, 0x0148, 0x0148, 0x0148, 0x0148, 0x0148, 0x0148,
    0x0148, 0x0148, 0x0148, 0x0148, 0x0148, 0x0148, 0x0969, 0x0989, 0x11AA, 0x11EB, 0x1A0C, 0x1A2D,
    0x0107, 0x0107, 0x0107, 0x0107, 0x0107, 0x0107, 0x0107, 0x0107, 0x0107, 0x0107, 0x0107, 0x0107,
    0x0107, 0x0107, 0x0107, 0x0107, 0x0107, 0x0107, 0x0127, 0x0148, 0x0969, 0x11AA, 0x11EB, 0x1A0C,
    0x1A2D, 0x224E, 0x224E, 0x1A4D, 0x1A2D, 0x19EC, 0x11CB, 0x09AA, 0x0989, 0x0969, 0x0969, 0x0969,
    0x0969, 0x0969, 0x0969, 0x0969, 0x0969, 0x0969, 0x0969, 0x0989, 0x0989, 0x0989, 0x0989, 0x0989,
    0x0989, 0x0969, 0x0969, 0x0969, 0x0969, 0x0969, 0x0969, 0x0969, 0x0969, 0x0969, 0x0969, 0x0969,
    0x0969, 0x0969, 0x0969, 0x0969, 0x0989, 0x098A, 0x11AA, 0x11CB, 0x19EB, 0x19EB, 0x11EB, 0x11AA,
    0x0989, 0x0948, 0x0127, 0x0127, 0x0107, 0x0107, 0x0107, 0x0107, 0x0107, 0x0107, 0x0127, 0x0948,
    0x0969, 0x11AA, 0x11CB, 0x19EB, 0x11EB, 0x11CB, 0x11AA, 0x0989, 0x0969, 0x0969, 0x0969, 0x0969,
    0x0969, 0x0969, 0x0969, 0x0969, 0x0969, 0x0969, 0x0969, 0x0969, 0x0969, 0x0969, 0x0989, 0x098A,
    0x11AA, 0x11CB, 0x19EC, 0x19EC, 0x19EB, 0x11CB, 0x0989, 0x0948, 0x0128, 0x0107, 0x0107, 0x0107,
    0x0107, 0x0107, 0x0107, 0x0107, 0x0107, 0x0107, 0x0127, 0x0127, 0x0128, 0x0148, 0x0148, 0x0148,
    0x0148, 0x0148, 0x0128, 0x0127, 0x0127, 0x0127, 0x0127, 0x0127, 0x0107, 0x0107, 0x0107, 0x0107,
    0x0127, 0x0128, 0x0948, 0x0989, 0x11AA, 0x11EB, 0x19EB, 0x11EB, 0x11CB, 0x0989, 0x0968, 0x0128,
    0x0127, 0x0107, 0x0107, 0x0107, 0x0107, 0x0107, 0x0107, 0x0107, 0x0107, 0x0107, 0x0107, 0x0107,
    0x0107, 0x0107, 0x0107, 0x0107, 0x0107, 0x0107, 0x0107, 0x0107, 0x0107, 0x0107, 0x0107, 0x0107,
    0x0107, 0x0107, 0x0107, 0x0107, 0x0107, 0x0107, 0x0127, 0x0128, 0x0148, 0x0989, 0x11CA, 0x11EC,
    0x1A0C, 0x1A2D, 0x1A4D, 0x1A4D, 0x1A2D, 0x1A0C, 0x11CB, 0x11AA, 0x098A, 0x0969, 0x0969, 0x0969,
    0x0969, 0x0969, 0x0969, 0x0969, 0x0969, 0x0969, 0x0969, 0x0969, 0x0969, 0x0989, 0x0989, 0x0989,
    0x0989, 0x0989, 0x0989, 0x0969, 0x0969, 0x0969, 0x0969, 0x0969, 0x0969, 0x0969, 0x0969, 0x0969,
    0x0969, 0x0969, 0x0969, 0x0969, 0x0989, 0x0989, 0x098A, 0x11CA, 0x11EB, 0x1A0C, 0x1A0C, 0x1A2C,
    0x0107, 0x0107, 0x0107, 0x0107, 0x0107, 0x0107, 0x0107, 0x0107, 0x0107, 0x0107, 0x0107, 0x0107,
    0x0107, 0x0107, 0x0107, 0x0107, 0x0107, 0x0107, 0x0127, 0x0128, 0x0948, 0x098A, 0x11CB, 0x1A0C,
    0x1A2D, 0x226E, 0x226E, 0x226E, 0x1A4D, 0x1A0C, 0x11EB, 0x11CB, 0x11AA, 0x11AA, 0x11AA, 0x11AA,
    0x11AA, 0x11AA, 0x11AA, 0x11AA, 0x11AA, 0x11AA, 0x11AA, 0x11CA, 0x11CB, 0x11CB, 0x11CB, 0x11CB,
    0x11CB, 0x11CB, 0x11AA, 0x11AA, 0x11AA, 0x11AA, 0x11AA, 0x11AA, 0x11AA, 0x11AA, 0x11AA, 0x11AA,
    0x11AA, 0x11AA, 0x11AA, 0x11CB, 0x11CB, 0x11CB, 0x11EB, 0x1A0C, 0x1A0C, 0x19EB, 0x11CA, 0x0989,
    0x0968, 0x0128, 0x0127, 0x0107, 0x0107, 0x0107, 0x0107, 0x0107, 0x0107, 0x0107, 0x0107, 0x0128,
    0x0968, 0x118A, 0x11CB, 0x19EC, 0x1A0C, 0x19EC, 0x11CB, 0x11CB, 0x11AA, 0x11AA, 0x118A, 0x118A,
    0x11AA, 0x11AA, 0x11AA, 0x11AA, 0x11AA, 0x11AA, 0x11AA, 0x11AA, 0x11AA, 0x11AA, 0x11CA, 0x11CB,
    0x11EB, 0x1A0C, 0x1A0C, 0x1A0C, 0x11EB, 0x11AA, 0x0969, 0x0148, 0x0127, 0x0107, 0x0107, 0x0107,
    0x0107, 0x0107, 0x0107, 0x0107, 0x0107, 0x0127, 0x0127, 0x0148, 0x0148, 0x0969, 0x0989, 0x0989,
    0x0989, 0x0969, 0x0148, 0x0128, 0x0127, 0x0127, 0x0127, 0x0127, 0x0107, 0x0107, 0x0107, 0x0107,
    0x0107, 0x0127, 0x0148, 0x0969, 0x0989, 0x11CB, 0x11EB, 0x19EB, 0x11EB, 0x11AA, 0x0969, 0x0148,
    0x0127, 0x0107, 0x0107, 0x0107, 0x0107, 0x0107, 0x0107, 0x0107, 0x0107, 0x0107, 0x0107, 0x0107,
    0x0107, 0x0107, 0x0107, 0x0107, 0x0107, 0x0107, 0x0107, 0x0107, 0x0107, 0x0107, 0x0107, 0x0107,
    0x0107, 0x0107, 0x0107, 0x0107, 0x0107, 0x0107, 0x0107, 0x0127, 0x0148, 0x0969, 0x09AA, 0x11CB,
    0x1A0C, 0x1A4D, 0x224E, 0x224E, 0x1A4D, 0x1A0C, 0x11EC, 0x11CB, 0x11AA, 0x11AA, 0x11AA, 0x11AA,
    0x11AA, 0x11AA, 0x11AA, 0x11AA, 0x11AA, 0x11AA, 0x11AA, 0x11AA, 0x11AA, 0x11CA, 0x11CB, 0x11CB,
    0x11CB, 0x11CB, 0x11CA, 0x11AA, 0x11AA, 0x11AA, 0x11AA, 0x11AA, 0x11AA, 0x11AA, 0x11AA, 0x11AA,
    0x11AA, 0x11AA, 0x11AA, 0x11AA, 0x11CA, 0x11CB, 0x11CB, 0x11EB, 0x1A0C, 0x1A0C, 0x1A0C, 0x1A0C,
    0x0107, 0x0107, 0x0107, 0x0107, 0x0107, 0x0107, 0x0107, 0x0107, 0x0107, 0x0107, 0x0107, 0x0107,
    0x0107, 0x0107, 0x0107, 0x0107, 0x0107, 0x0107, 0x0107, 0x0127, 0x0148, 0x0969, 0x09AA, 0x11EB,
    0x1A2D, 0x226E, 0x226E, 0x226E, 0x1A4D, 0x1A2D, 0x1A0C, 0x11EB, 0x11CB, 0x11CB, 0x11CB, 0x11CB,
    0x11CB, 0x11CB, 0x11CB, 0x11CB, 0x11CB, 0x11EB, 0x11EB, 0x11EB, 0x11EC, 0x120C, 0x1A0C, 0x1A0C,
    0x1A0C, 0x1A0C, 0x11EC, 0x11EB, 0x11EB, 0x11EB, 0x11EB, 0x11EB, 0x11EB, 0x11EB, 0x11EB, 0x11EB,
    0x11EB, 0x11EB, 0x11EB, 0x11EC, 0x1A0C, 0x1A0C, 0x1A2C, 0x1A2C, 0x1A0C, 0x11EB, 0x11AA, 0x0969,
    0x0948, 0x0127, 0x0107, 0x0107, 0x0107, 0x0107, 0x0107, 0x0107, 0x0107, 0x0107, 0x0107, 0x0127,
    0x0948, 0x0989, 0x11CB, 0x1A0C, 0x1A2C, 0x1A2D, 0x1A0C, 0x19EC, 0x11EB, 0x11CB, 0x11CB, 0x11CB,
    0x11CB, 0x11CB, 0x11CB, 0x11CB, 0x11CB, 0x11CB, 0x11CB, 0x11CB, 0x11CB, 0x11EB, 0x11EB, 0x19EC,
    0x1A0C, 0x1A2D, 0x1A2D, 0x1A0C, 0x11EB, 0x09AA, 0x0969, 0x0128, 0x0127, 0x0107, 0x0107, 0x0107,
    0x0107, 0x0107, 0x0107, 0x0107, 0x0107, 0x0127, 0x0128, 0x0148, 0x0969, 0x09AA, 0x11CA, 0x11CB,
    0x11AA, 0x0989, 0x0969, 0x0148, 0x0127, 0x0127, 0x0127, 0x0107, 0x0107, 0x0107, 0x0107, 0x0107,
    0x0107, 0x0107, 0x0127, 0x0148, 0x0969, 0x11AA, 0x11CB, 0x19EB, 0x11EB, 0x11CB, 0x098A, 0x0969,
    0x0128, 0x0127, 0x0107, 0x0107, 0x0107, 0x0107, 0x0107, 0x0107, 0x0107, 0x0107, 0x0107, 0x0107,
    0x0107, 0x0107, 0x0107, 0x0107, 0x0107, 0x0107, 0x0107, 0x0107, 0x0107, 0x0107, 0x0107, 0x0107,
    0x0107, 0x0107, 0x0107, 0x0107, 0x0107, 0x0107, 0x0107, 0x0107, 0x0127, 0x0148, 0x0969, 0x11AA,
    0x11EC, 0x1A2D, 0x224E, 0x224E, 0x224D, 0x1A2D, 0x1A0C, 0x19EB, 0x11CB, 0x11CB, 0x11CB, 0x11CB,
    0x11CB, 0x11CB, 0x11CB, 0x11CB, 0x11CB, 0x11CB, 0x11CB, 0x11EB, 0x11EB, 0x11EC, 0x1A0C, 0x1A0C,
    0x1A0C, 0x1A0C, 0x120C, 0x11EB, 0x11EB, 0x11EB, 0x11CB, 0x11CB, 0x11CB, 0x11CB, 0x11CB, 0x11CB,
    0x11CB, 0x11CB, 0x11EB, 0x11EB, 0x11EB, 0x1A0C, 0x1A0C, 0x1A2C, 0x1A0C, 0x1A0C, 0x11EB, 0x11CB,
    0x0107, 0x0107, 0x0107, 0x0107, 0x0107, 0x0107, 0x0107, 0x0107, 0x0107, 0x0107, 0x0107, 0x0107,
    0x0107, 0x0107, 0x0107, 0x0107, 0x0107, 0x0107, 0x0107, 0x0127, 0x0128, 0x0148, 0x0989, 0x11CB,
    0x1A0C, 0x1A4D, 0x226E, 0x226E, 0x1A4D, 0x1A2D, 0x1A0C, 0x11EB, 0x11EB, 0x11EB, 0x11EB, 0x11EB,
    0x11EB, 0x11EB, 0x11EB, 0x11EB, 0x11EB, 0x11EB, 0x11EB, 0x120C, 0x1A0C, 0x1A2D, 0x1A2D, 0x1A4D,
    0x1A4D, 0x1A2D, 0x1A0C, 0x1A0C, 0x11EC, 0x11EC, 0x11EB, 0x11EB, 0x11EB, 0x11EB, 0x11EB, 0x11EB,
    0x11EC, 0x11EC, 0x1A0C, 0x1A0C, 0x1A2D, 0x1A2D, 0x1A2D, 0x1A2D, 0x1A0C, 0x11CB, 0x0989, 0x0948,
    0x0127, 0x0107, 0x0107, 0x0107, 0x0107, 0x0107, 0x0107, 0x0107, 0x0107, 0x0107, 0x0107, 0x0127,
    0x0948, 0x0989, 0x11CB, 0x1A0C, 0x1A2D, 0x224D, 0x1A2D, 0x1A2D, 0x1A0C, 0x11EB, 0x11CB, 0x11CB,
    0x11CB, 0x11CB, 0x11CB, 0x11CB, 0x11EB, 0x11EB, 0x11EB, 0x11EB, 0x11EB, 0x11EB, 0x11EC, 0x1A0C,
    0x1A0C, 0x1A2D, 0x1A2D, 0x1A0C, 0x11EB, 0x09AA, 0x0969, 0x0128, 0x0127, 0x0107, 0x0107, 0x0107,
    0x0107, 0x0107, 0x0107, 0x0127, 0x0127, 0x0127, 0x0148, 0x0969, 0x09AA, 0x11CB, 0x120C, 0x1A0C,
    0x11EB, 0x11CA, 0x0989, 0x0148, 0x0128, 0x0127, 0x0107, 0x0107, 0x0107, 0x0107, 0x0107, 0x0107,
    0x0107, 0x0107, 0x0127, 0x0128, 0x0948, 0x0989, 0x11CA, 0x11EB, 0x19EB, 0x11EB, 0x11AA, 0x0989,
    0x0148, 0x0127, 0x0107, 0x0107, 0x0107, 0x0107, 0x0107, 0x0107, 0x0107, 0x0107, 0x0107, 0x0107,
    0x0107, 0x0107, 0x0107, 0x0107, 0x0107, 0x0107, 0x0107, 0x0107, 0x0107, 0x0107, 0x0107, 0x0107,
    0x0107, 0x0107, 0x0107, 0x0107, 0x0107, 0x0107, 0x0107, 0x0107, 0x0127, 0x0128, 0x0948, 0x098A,
    0x11CB, 0x1A0C, 0x1A4D, 0x224E, 0x224D, 0x1A2D, 0x1A0C, 0x19EB, 0x11EB, 0x11CB, 0x11CB, 0x11CB,
    0x11CB, 0x11CB, 0x11CB, 0x11CB, 0x11CB, 0x11EB, 0x11EB, 0x11EB, 0x1A0C, 0x1A0C, 0x1A2D, 0x1A2D,
    0x1A4D, 0x1A2D, 0x1A2D, 0x1A0C, 0x120C, 0x11EB, 0x11EB, 0x11EB, 0x11EB, 0x11EB, 0x11EB, 0x11EB,
    0x11EB, 0x11EB, 0x11EB, 0x11EC, 0x1A0C, 0x1A2C, 0x1A2D, 0x1A2D, 0x1A0C, 0x11EB, 0x11CA, 0x09AA,
    0x0107, 0x0107, 0x0107, 0x0107, 0x0107, 0x0107, 0x0107, 0x0107, 0x0107, 0x0107, 0x0107, 0x0107,
    0x0107, 0x0107, 0x0107, 0x0107, 0x0107, 0x0107, 0x0107, 0x0107, 0x0127, 0x0128, 0x0969, 0x09AA,
    0x11EB, 0x1A2C, 0x1A4D, 0x1A4D, 0x1A2D, 0x1A0C, 0x11EB, 0x11CB, 0x11CB, 0x11CA, 0x11CA, 0x11CA,
    0x11CA, 0x11CA, 0x11CA, 0x11CA, 0x11CB, 0x11CB, 0x11CB, 0x11EB, 0x11EC, 0x1A0C, 0x1A2D, 0x1A4D,
    0x1A4D, 0x1A4D, 0x1A2C, 0x1A0C, 0x11EB, 0x11CB, 0x11CB, 0x11CB, 0x11CB, 0x11CB, 0x11CB, 0x11CB,
    0x11CB, 0x11EB, 0x11EC, 0x1A0C, 0x1A2D, 0x1A4D, 0x1A2D, 0x1A0C, 0x11EB, 0x11AA, 0x0969, 0x0148,
    0x0127, 0x0107, 0x0107, 0x0107, 0x0107, 0x0107, 0x0107, 0x0107, 0x0107, 0x0107, 0x0107, 0x0127,
    0x0948, 0x0989, 0x11CB, 0x1A0C, 0x1A2D, 0x224D, 0x224D, 0x1A2D, 0x1A0C, 0x11EB, 0x11CB, 0x11AB,
    0x11AA, 0x11AA, 0x11AA, 0x11CB, 0x11CB, 0x11CB, 0x11CB, 0x11CB, 0x11CB, 0x11CB, 0x11CB, 0x11EB,
    0x1A0C, 0x1A0C, 0x1A0C, 0x1A0C, 0x11EB, 0x11AA, 0x0969, 0x0148, 0x0127, 0x0107, 0x0107, 0x0107,
    0x0107, 0x0107, 0x0107, 0x0127, 0x0127, 0x0148, 0x0168, 0x0989, 0x11CB, 0x1A0C, 0x1A2D, 0x1A2D,
    0x1A2C, 0x11EB, 0x09AA, 0x0969, 0x0148, 0x0127, 0x0127, 0x0107, 0x0107, 0x0107, 0x0107, 0x0107,
    0x0107, 0x0107, 0x0107, 0x0127, 0x0148, 0x0969, 0x09AA, 0x11CB, 0x11EB, 0x11EB, 0x11CB, 0x09AA,
    0x0969, 0x0148, 0x0127, 0x0107, 0x0107, 0x0107, 0x0107, 0x0107, 0x0107, 0x0107, 0x0107, 0x0107,
    0x0107, 0x0107, 0x0107, 0x0107, 0x0107, 0x0107, 0x0107, 0x0107, 0x0107, 0x0107, 0x0107, 0x0107,
    0x0107, 0x0107, 0x0107, 0x0107, 0x0107, 0x0107, 0x0107, 0x0107, 0x0107, 0x0127, 0x0148, 0x0969,
    0x11AA, 0x11EC, 0x1A0C, 0x1A2D, 0x1A2D, 0x1A0C, 0x19EC, 0x11CB, 0x11CB, 0x11CA, 0x11CA, 0x11CA,
    0x11CA, 0x11CB, 0x11CB, 0x11CB, 0x11CB, 0x11CB, 0x11CB, 0x11CB, 0x11EB, 0x1A0C, 0x1A2D, 0x1A4D,
    0x1A4D, 0x1A4D, 0x1A2D, 0x1A0C, 0x11EC, 0x11EB, 0x11CB, 0x11CB, 0x11CB, 0x11CA, 0x11CB, 0x11CB,
    0x11CB, 0x11CB, 0x11CB, 0x11EB, 0x1A0C, 0x1A2C, 0x1A2D, 0x1A2D, 0x1A0C, 0x11CB, 0x098A, 0x0969,
    0x0107, 0x0107, 0x0107, 0x0107, 0x0107, 0x0107, 0x0107, 0x0107, 0x0107, 0x0107, 0x0107, 0x0107,
    0x0107, 0x0107, 0x0107, 0x0107, 0x0107, 0x0107, 0x0107, 0x0107, 0x0107, 0x0127, 0x0148, 0x0989,
    0x11AA, 0x11EB, 0x1A2C, 0x1A2D, 0x1A0C, 0x11EC, 0x11CB, 0x11AA, 0x098A, 0x0989, 0x0989, 0x0989,
    0x0989, 0x0989, 0x0989, 0x0989, 0x0989, 0x098A, 0x098A, 0x11AA, 0x11CB, 0x11EC, 0x1A2C, 0x1A4D,
    0x1A4D, 0x1A2D, 0x1A0C, 0x11EB, 0x11CB, 0x11AA, 0x09AA, 0x098A, 0x098A, 0x098A, 0x09AA, 0x09AA,
    0x09AA, 0x11AB, 0x11CB, 0x120C, 0x1A2D, 0x1A2D, 0x1A2D, 0x1A0C, 0x11CB, 0x0989, 0x0948, 0x0127,
    0x0107, 0x0107, 0x0107, 0x0107, 0x0107, 0x0107, 0x0107, 0x0107, 0x0107, 0x0107, 0x0107, 0x0128,
    0x0948, 0x118A, 0x11CB, 0x1A0C, 0x1A2D, 0x224D, 0x1A2D, 0x1A0C, 0x19EC, 0x11CB, 0x11AA, 0x098A,
    0x0989, 0x0989, 0x0989, 0x0989, 0x0989, 0x0989, 0x0989, 0x0989, 0x098A, 0x098A, 0x09AA, 0x11AA,
    0x11CB, 0x11EB, 0x1A0C, 0x1A0C, 0x11EC, 0x11CB, 0x0989, 0x0948, 0x0128, 0x0127, 0x0107, 0x0107,
    0x0107, 0x0107, 0x0127, 0x0127, 0x0128, 0x0148, 0x0969, 0x09AA, 0x11EB, 0x1A2C, 0x1A4D, 0x1A4D,
    0x1A4D, 0x1A0C, 0x11CB, 0x098A, 0x0969, 0x0128, 0x0127, 0x0107, 0x0107, 0x0107, 0x0107, 0x0107,
    0x0107, 0x0107, 0x0107, 0x0107, 0x0127, 0x0148, 0x0989, 0x11AA, 0x11EB, 0x11EB, 0x11EB, 0x11AA,
    0x0989, 0x0948, 0x0128, 0x0127, 0x0107, 0x0107, 0x0107, 0x0107, 0x0107, 0x0107, 0x0107, 0x0107,
    0x0107, 0x0107, 0x0107, 0x0107, 0x0107, 0x0107, 0x0107, 0x0107, 0x0107, 0x0107, 0x0107, 0x0107,
    0x0107, 0x0107, 0x0107, 0x0107, 0x0107, 0x0107, 0x0107, 0x0107, 0x0107, 0x0127, 0x0127, 0x0948,
    0x0989, 0x11AB, 0x19EC, 0x1A0C, 0x1A0C, 0x1A0C, 0x19EB, 0x11AA, 0x11AA, 0x0989, 0x0989, 0x0989,
    0x0989, 0x0989, 0x0989, 0x0989, 0x0989, 0x0989, 0x098A, 0x09AA, 0x11AA, 0x11CB, 0x120C, 0x1A2D,
    0x1A4D, 0x1A4D, 0x1A2D, 0x120C, 0x11CB, 0x11AA, 0x09AA, 0x098A, 0x098A, 0x0989, 0x0989, 0x0989,
    0x098A, 0x09AA, 0x11AA, 0x11CB, 0x120C, 0x1A0C, 0x1A2C, 0x1A0C, 0x11EB, 0x11AA, 0x0969, 0x0948,
    0x0107, 0x0107, 0x0107, 0x0107, 0x0107, 0x0107, 0x0107, 0x0107, 0x0107, 0x0107, 0x0107, 0x0107,
    0x0107, 0x0107, 0x0107, 0x0107, 0x0107, 0x0107, 0x0107, 0x0107, 0x0107, 0x0127, 0x0128, 0x0968,
    0x0989, 0x11CB, 0x19EB, 0x1A0C, 0x1A0C, 0x11EB, 0x11AA, 0x0989, 0x0969, 0x0968, 0x0948, 0x0948,
    0x0948, 0x0948, 0x0948, 0x0948, 0x0948, 0x0948, 0x0969, 0x0969, 0x098A, 0x11AB, 0x11EB, 0x1A0C,
    0x1A2D, 0x1A2C, 0x120C, 0x11CB, 0x09AA, 0x0969, 0x0969, 0x0969, 0x0969, 0x0969, 0x0969, 0x0969,
    0x0969, 0x098A, 0x11AB, 0x11EC, 0x1A0C, 0x1A0C, 0x1A0C, 0x11CB, 0x098A, 0x0969, 0x0128, 0x0127,
    0x0107, 0x0107, 0x0107, 0x0107, 0x0107, 0x0107, 0x0107, 0x0107, 0x0107, 0x0107, 0x0127, 0x0948,
    0x0969, 0x11AA, 0x11CB, 0x1A0C, 0x1A0C, 0x1A2D, 0x1A0C, 0x1A0C, 0x11EB, 0x11AA, 0x098A, 0x0969,
    0x0949, 0x0948, 0x0948, 0x0948, 0x0948, 0x0948, 0x0948, 0x0948, 0x0948, 0x0948, 0x0969, 0x0969,
    0x098A, 0x11AA, 0x11CB, 0x11EC, 0x11EC, 0x11CB, 0x09AA, 0x0969, 0x0148, 0x0127, 0x0107, 0x0107,
    0x0107, 0x0127, 0x0127, 0x0127, 0x0148, 0x0969, 0x098A, 0x11CB, 0x120C, 0x1A2D, 0x1A4D, 0x1A4D,
    0x1A4D, 0x1A2C, 0x11EC, 0x11AA, 0x0969, 0x0148, 0x0127, 0x0107, 0x0107, 0x0107, 0x0107, 0x0107,
    0x0107, 0x0107, 0x0107, 0x0107, 0x0127, 0x0128, 0x0968, 0x0989, 0x11CA, 0x11EB, 0x11EB, 0x11CB,
    0x11AA, 0x0969, 0x0148, 0x0127, 0x0107, 0x0107, 0x0107, 0x0107, 0x0107, 0x0107, 0x0107, 0x0107,
    0x0107, 0x0107, 0x0107, 0x0107, 0x0107, 0x0107, 0x0107, 0x0107, 0x0107, 0x0107, 0x0107, 0x0107,
    0x0107, 0x0107, 0x0107, 0x0107, 0x0107, 0x0107, 0x0107, 0x0107, 0x0107, 0x0107, 0x0127, 0x0128,
    0x0969, 0x098A, 0x11CB, 0x19EC, 0x1A0C, 0x19EB, 0x11CB, 0x118A, 0x0969, 0x0969, 0x0948, 0x0948,
    0x0948, 0x0948, 0x0948, 0x0948, 0x0948, 0x0948, 0x0948, 0x0969, 0x0969, 0x098A, 0x11CB, 0x11EC,
    0x1A2C, 0x1A2D, 0x1A0C, 0x11EC, 0x11CB, 0x098A, 0x0969, 0x0969, 0x0968, 0x0968, 0x0968, 0x0948,
    0x0969, 0x0969, 0x098A, 0x11AA, 0x11EB, 0x1A0C, 0x1A0C, 0x19EB, 0x11CA, 0x0989, 0x0948, 0x0128,
    0x0107, 0x0107, 0x0107, 0x0107, 0x0107, 0x0107, 0x0107, 0x0107, 0x0107, 0x0107, 0x0107, 0x0107,
    0x0107, 0x0107, 0x0107, 0x0107, 0x0107, 0x0107, 0x0107, 0x0107, 0x0107, 0x0107, 0x0127, 0x0148,
    0x0969, 0x09AA, 0x11CB, 0x19EB, 0x19EB, 0x11EB, 0x11AA, 0x0969, 0x0948, 0x0148, 0x0128, 0x0127,
    0x0127, 0x0127, 0x0127, 0x0127, 0x0128, 0x0128, 0x0128, 0x0148, 0x0969, 0x098A, 0x11AA, 0x11EB,
    0x1A0C, 0x1A0C, 0x11EB, 0x11CB, 0x098A, 0x0969, 0x0148, 0x0128, 0x0128, 0x0128, 0x0148, 0x0148,
    0x0969, 0x0989, 0x11AA, 0x11EB, 0x1A0C, 0x1A0C, 0x11EB, 0x11AA, 0x0969, 0x0148, 0x0127, 0x0107,
    0x0107, 0x0107, 0x0107, 0x0107, 0x0107, 0x0107, 0x0107, 0x0107, 0x0107, 0x0127, 0x0128, 0x0969,
    0x118A, 0x11AA, 0x11CB, 0x19EB, 0x19EC, 0x19EC, 0x19EC, 0x19EB, 0x11CB, 0x11AA, 0x0989, 0x0948,
    0x0148, 0x0128, 0x0128, 0x0128, 0x0127, 0x0127, 0x0128, 0x0128, 0x0128, 0x0128, 0x0128, 0x0148,
    0x0969, 0x0989, 0x11AA, 0x11EB, 0x11EC, 0x11EB, 0x11CA, 0x0989, 0x0948, 0x0128, 0x0127, 0x0107,
    0x0107, 0x0127, 0x0127, 0x0148, 0x0168, 0x0989, 0x11CA, 0x11EB, 0x1A0C, 0x1A2C, 0x1A2D, 0x1A2D,
    0x1A2D, 0x1A2C, 0x120C, 0x11CB, 0x098A, 0x0969, 0x0128, 0x0107, 0x0107, 0x0107, 0x0107, 0x0107,
    0x0107, 0x0107, 0x0107, 0x0107, 0x0107, 0x0127, 0x0148, 0x0969, 0x11AA, 0x11CB, 0x11EB, 0x11EB,
    0x11CA, 0x0989, 0x0948, 0x0128, 0x0127, 0x0107, 0x0107, 0x0107, 0x0107, 0x0107, 0x0107, 0x0107,
    0x0107, 0x0107, 0x0107, 0x0107, 0x0107, 0x0107, 0x0107, 0x0107, 0x0107, 0x0107, 0x0107, 0x0107,
    0x0107, 0x0107, 0x0107, 0x0107, 0x0107, 0x0107, 0x0107, 0x0107, 0x0107, 0x0107, 0x0107, 0x0127,
    0x0148, 0x0969, 0x11AA, 0x11CB, 0x19EB, 0x19EB, 0x11CA, 0x118A, 0x0969, 0x0948, 0x0128, 0x0127,
    0x0127, 0x0127, 0x0127, 0x0127, 0x0127, 0x0127, 0x0128, 0x0128, 0x0148, 0x0969, 0x098A, 0x11CB,
    0x11EC, 0x1A0C, 0x1A0C, 0x11EB, 0x11AA, 0x0989, 0x0969, 0x0148, 0x0128, 0x0128, 0x0128, 0x0128,
    0x0148, 0x0968, 0x0989, 0x11AA, 0x11EB, 0x1A0C, 0x19EC, 0x11CB, 0x098A, 0x0969, 0x0148, 0x0127,
    0x0107, 0x0107, 0x0107, 0x0107, 0x0107, 0x0107, 0x0107, 0x0107, 0x0107, 0x0107, 0x0107, 0x0107,
    0x0107, 0x0107, 0x0107, 0x0107, 0x0107, 0x0107, 0x0107, 0x0107, 0x0107, 0x0107, 0x0127, 0x0127,
    0x0148, 0x0989, 0x11AA, 0x11EB, 0x11EB, 0x11EB, 0x11AA, 0x0989, 0x0948, 0x0128, 0x0127, 0x0127,
    0x0107, 0x0107, 0x0107, 0x0107, 0x0107, 0x0127, 0x0127, 0x0128, 0x0148, 0x0969, 0x098A, 0x11CB,
    0x11EB, 0x1A0C, 0x11EB, 0x11CB, 0x098A, 0x0969, 0x0148, 0x0128, 0x0127, 0x0127, 0x0127, 0x0148,
    0x0948, 0x0989, 0x11AA, 0x11EB, 0x1A0C, 0x11EC, 0x11CB, 0x098A, 0x0949, 0x0128, 0x0107, 0x0107,
    0x0107, 0x0107, 0x0107, 0x0107, 0x0107, 0x0107, 0x0107, 0x0107, 0x0107, 0x0128, 0x0948, 0x0989,
    0x11AA, 0x11CB, 0x11CB, 0x11CB, 0x11CB, 0x11CB, 0x11CB, 0x11CB, 0x11CB, 0x11AA, 0x098A, 0x0969,
    0x0128, 0x0127, 0x0107, 0x0107, 0x0107, 0x0107, 0x0107, 0x0127, 0x0127, 0x0127, 0x0127, 0x0128,
    0x0148, 0x0969, 0x098A, 0x11CB, 0x11EB, 0x11EB, 0x11CB, 0x11AA, 0x0969, 0x0148, 0x0127, 0x0127,
    0x0127, 0x0127, 0x0128, 0x0148, 0x0969, 0x09AA, 0x11EB, 0x120C, 0x1A0C, 0x1A0C, 0x120C, 0x11EC,
    0x120C, 0x1A0C, 0x1A0C, 0x11EB, 0x11AA, 0x0969, 0x0148, 0x0127, 0x0107, 0x0107, 0x0107, 0x0107,
    0x0107, 0x0107, 0x0107, 0x0107, 0x0107, 0x0127, 0x0127, 0x0948, 0x0989, 0x11AA, 0x11EB, 0x11EB,
    0x11CB, 0x11AA, 0x0969, 0x0148, 0x0127, 0x0107, 0x0107, 0x0107, 0x0107, 0x0107, 0x0107, 0x0107,
    0x0107, 0x0107, 0x0107, 0x0107, 0x0107, 0x0107, 0x0107, 0x0107, 0x0107, 0x0107, 0x0107, 0x0107,
    0x0107, 0x0107, 0x0107, 0x0107, 0x0107, 0x0107, 0x0107, 0x0107, 0x0107, 0x0107, 0x0107, 0x0107,
    0x0127, 0x0948, 0x0989, 0x11AA, 0x11CB, 0x19EB, 0x11CB, 0x11AA, 0x0969, 0x0948, 0x0127, 0x0107,
    0x0107, 0x0127, 0x0127, 0x0107, 0x0107, 0x0107, 0x0107, 0x0127, 0x0127, 0x0148, 0x0969, 0x098A,
    0x11CB, 0x11EC, 0x1A0C, 0x11EB, 0x11CA, 0x0989, 0x0968, 0x0148, 0x0127, 0x0127, 0x0127, 0x0127,
    0x0128, 0x0968, 0x0989, 0x11CA, 0x11EB, 0x11EB, 0x11EB, 0x11AA, 0x0969, 0x0948, 0x0127, 0x0107,
    0x0107, 0x0107, 0x0107, 0x0107, 0x0107, 0x0107, 0x0107, 0x0107, 0x0107, 0x0107, 0x0107, 0x0107,
    0x0107, 0x0107, 0x0107, 0x0107, 0x0107, 0x0107, 0x0107, 0x0107, 0x0107, 0x0107, 0x0107, 0x0127,
    0x0128, 0x0968, 0x0989, 0x11CA, 0x11EB, 0x11EB, 0x11CB, 0x098A, 0x0969, 0x0148, 0x0127, 0x0107,
    0x0107, 0x0107, 0x0107, 0x0107, 0x0107, 0x0107, 0x0127, 0x0127, 0x0128, 0x0148, 0x0969, 0x098A,
    0x11CB, 0x11EB, 0x11EB, 0x11CB, 0x11AA, 0x0969, 0x0148, 0x0128, 0x0127, 0x0127, 0x0127, 0x0148,
    0x0969, 0x09AA, 0x11CB, 0x11EB, 0x11EC, 0x11CB, 0x11AA, 0x0969, 0x0148, 0x0127, 0x0107, 0x0107,
    0x0107, 0x0107, 0x0107, 0x0107, 0x0107, 0x0107, 0x0107, 0x0107, 0x0127, 0x0948, 0x0969, 0x11AA,
    0x11AA, 0x11CB, 0x11CA, 0x11AA, 0x118A, 0x118A, 0x11AA, 0x11CA, 0x11CB, 0x11CA, 0x11AA, 0x0969,
    0x0948, 0x0127, 0x0107, 0x0107, 0x0107, 0x0107, 0x0107, 0x0107, 0x0107, 0x0107, 0x0127, 0x0127,
    0x0128, 0x0148, 0x0969, 0x09AA, 0x11CB, 0x11EB, 0x11EB, 0x11CB, 0x0989, 0x0969, 0x0148, 0x0127,
    0x0127, 0x0128, 0x0148, 0x0169, 0x098A, 0x11CB, 0x11EC, 0x1A0C, 0x120C, 0x11EB, 0x11CB, 0x11CB,
    0x11CB, 0x11EB, 0x1A0C, 0x11EC, 0x11CB, 0x098A, 0x0969, 0x0128, 0x0127, 0x0107, 0x0107, 0x0107,
    0x0107, 0x0107, 0x0107, 0x0107, 0x0107, 0x0107, 0x0127, 0x0148, 0x0969, 0x098A, 0x11CB, 0x11EB,
    0x11EB, 0x11CB, 0x098A, 0x0969, 0x0128, 0x0127, 0x0107, 0x0107, 0x0107, 0x0107, 0x0107, 0x0107,
    0x0107, 0x0107, 0x0107, 0x0107, 0x0107, 0x0107, 0x0107, 0x0107, 0x0107, 0x0107, 0x0107, 0x0107,
    0x0107, 0x0107, 0x0107, 0x0107, 0x0107, 0x0107, 0x0107, 0x0107, 0x0107, 0x0107, 0x0107, 0x0107,
    0x0127, 0x0128, 0x0969, 0x098A, 0x11CA, 0x11CB, 0x11CB, 0x11AA, 0x0989, 0x0948, 0x0128, 0x0127,
    0x0107, 0x0107, 0x0107, 0x0107, 0x0107, 0x0107, 0x0107, 0x0107, 0x0107, 0x0127, 0x0148, 0x0969,
    0x09AA, 0x11CB, 0x11EB, 0x11EB, 0x11CB, 0x09AA, 0x0969, 0x0148, 0x0127, 0x0127, 0x0127, 0x0127,
    0x0148, 0x0969, 0x09AA, 0x11CB, 0x11EB, 0x11EB, 0x11CB, 0x098A, 0x0949, 0x0128, 0x0107, 0x0107,
    0x0107, 0x0107, 0x0107, 0x0107, 0x0107, 0x0107, 0x0107, 0x0107, 0x0107, 0x0107, 0x0107, 0x0107,
    0x0107, 0x0107, 0x0107, 0x0107, 0x0107, 0x0107, 0x0107, 0x0107, 0x0107, 0x0107, 0x0107, 0x0107,
    0x0127, 0x0148, 0x0969, 0x11AA, 0x11CB, 0x11EB, 0x11CB, 0x11AA, 0x0989, 0x0948, 0x0128, 0x0127,
    0x0107, 0x0107, 0x0107, 0x0107, 0x0107, 0x0127, 0x0127, 0x0127, 0x0127, 0x0128, 0x0148, 0x0969,
    0x11AA, 0x11CB, 0x11EB, 0x11EB, 0x11CB, 0x098A, 0x0969, 0x0128, 0x0127, 0x0127, 0x0128, 0x0148,
    0x0989, 0x11AA, 0x11EB, 0x19EC, 0x11EB, 0x11CA, 0x0989, 0x0948, 0x0128, 0x0107, 0x0107, 0x0107,
    0x0107, 0x0107, 0x0107, 0x0107, 0x0107, 0x0107, 0x0107, 0x0127, 0x0128, 0x0949, 0x1189, 0x11AA,
    0x11CB, 0x11CB, 0x11AA, 0x0989, 0x0969, 0x0969, 0x0989, 0x11AA, 0x11CA, 0x11CB, 0x11AA, 0x1189,
    0x0969, 0x0128, 0x0127, 0x0107, 0x0107, 0x0107, 0x0107, 0x0107, 0x0107, 0x0107, 0x0127, 0x0127,
    0x0127, 0x0128, 0x0149, 0x0989, 0x11AA, 0x11EB, 0x11EB, 0x11CB, 0x11AA, 0x0989, 0x0148, 0x0128,
    0x0128, 0x0128, 0x0148, 0x0989, 0x11AA, 0x11EB, 0x1A0C, 0x1A0C, 0x11EB, 0x11AA, 0x098A, 0x098A,
    0x09AA, 0x11CB, 0x11EB, 0x19EC, 0x11EB, 0x11AA, 0x0969, 0x0148, 0x0127, 0x0107, 0x0107, 0x0107,
    0x0107, 0x0107, 0x0107, 0x0107, 0x0107, 0x0107, 0x0107, 0x0127, 0x0148, 0x0969, 0x11AA, 0x11CB,
    0x11EB, 0x11EB, 0x11AA, 0x0989, 0x0948, 0x0128, 0x0107, 0x0107, 0x0107, 0x0107, 0x0107, 0x0107,
    0x0107, 0x0107, 0x0107, 0x0107, 0x0107, 0x0107, 0x0107, 0x0107, 0x0107, 0x0107, 0x0107, 0x0107,
    0x0107, 0x0107, 0x0107, 0x0107, 0x0107, 0x0107, 0x0107, 0x0107, 0x0107, 0x0107, 0x0107, 0x0107,
    0x0127, 0x0127, 0x0948, 0x0969, 0x11AA, 0x11CB, 0x11EB, 0x11CB, 0x11AA, 0x0969, 0x0948, 0x0127,
    0x0127, 0x0107, 0x0107, 0x0107, 0x0107, 0x0107, 0x0107, 0x0107, 0x0107, 0x0127, 0x0128, 0x0148,
    0x0989, 0x11AA, 0x11CB, 0x11EB, 0x11CB, 0x11AA, 0x0989, 0x0948, 0x0127, 0x0127, 0x0127, 0x0128,
    0x0948, 0x0989, 0x11CA, 0x11EB, 0x11EB, 0x11CB, 0x11AA, 0x0969, 0x0148, 0x0127, 0x0107, 0x0107,
    0x0107, 0x0107, 0x0107, 0x0107, 0x0107, 0x0107, 0x0107, 0x0107, 0x0107, 0x0107, 0x0107, 0x0107,
    0x0107, 0x0107, 0x0107, 0x0107, 0x0107, 0x0107, 0x0107, 0x0107, 0x0107, 0x0107, 0x0107, 0x0107,
    0x0127, 0x0128, 0x0948, 0x0989, 0x11CA, 0x11EB, 0x11EB, 0x11CB, 0x11AA, 0x0969, 0x0148, 0x0127,
    0x0107, 0x0107, 0x0107, 0x0107, 0x0107, 0x0127, 0x0127, 0x0127, 0x0127, 0x0127, 0x0128, 0x0948,
    0x0989, 0x11AA, 0x11EB, 0x11EB, 0x11CB, 0x11AA, 0x0969, 0x0148, 0x0128, 0x0128, 0x0148, 0x0969,
    0x09AA, 0x11CB, 0x19EB, 0x19EB, 0x11CB, 0x11AA, 0x0969, 0x0128, 0x0127, 0x0107, 0x0107, 0x0107,
    0x0107, 0x0107, 0x0107, 0x0107, 0x0107, 0x0107, 0x0107, 0x0128, 0x0948, 0x0969, 0x11AA, 0x11CB,
    0x11CB, 0x11AA, 0x1189, 0x0969, 0x0948, 0x0948, 0x0969, 0x0989, 0x11AA, 0x11CB, 0x11CB, 0x11AA,
    0x0989, 0x0948, 0x0127, 0x0107, 0x0107, 0x0107, 0x0107, 0x0107, 0x0107, 0x0107, 0x0127, 0x0127,
    0x0127, 0x0127, 0x0148, 0x0969, 0x09AA, 0x11CB, 0x11EB, 0x11EB, 0x11CB, 0x09AA, 0x0969, 0x0148,
    0x0148, 0x0148, 0x0969, 0x098A, 0x11CB, 0x120C, 0x1A0C, 0x11EC, 0x11CB, 0x098A, 0x0969, 0x0969,
    0x0969, 0x09AA, 0x11CB, 0x11EB, 0x19EB, 0x11CB, 0x098A, 0x0968, 0x0128, 0x0127, 0x0107, 0x0107,
    0x0107, 0x0107, 0x0107, 0x0107, 0x0107, 0x0107, 0x0107, 0x0127, 0x0128, 0x0968, 0x0989, 0x11CA,
    0x11EB, 0x11EB, 0x11CB, 0x11AA, 0x0969, 0x0148, 0x0127, 0x0107, 0x0107, 0x0107, 0x0107, 0x0107,
    0x0107, 0x0107, 0x0107, 0x0107, 0x0107, 0x0107, 0x0107, 0x0107, 0x0107, 0x0107, 0x0107, 0x0107,
    0x0107, 0x0107, 0x0107, 0x0107, 0x0107, 0x0106, 0x0106, 0x0106, 0x0106, 0x0107, 0x0107, 0x0107,
    0x0107, 0x0127, 0x0148, 0x0968, 0x098A, 0x11CA, 0x11EB, 0x11EB, 0x11CB, 0x098A, 0x0969, 0x0148,
    0x0127, 0x0107, 0x0107, 0x0107, 0x0107, 0x0107, 0x0107, 0x0107, 0x0107, 0x0107, 0x0127, 0x0128,
    0x0968, 0x0989, 0x11CA, 0x11EB, 0x11EB, 0x11CA, 0x098A, 0x0969, 0x0148, 0x0127, 0x0127, 0x0148,
    0x0969, 0x11AA, 0x11CB, 0x11EB, 0x11EB, 0x11CA, 0x098A, 0x0948, 0x0128, 0x0107, 0x0107, 0x0107,
    0x0107, 0x0107, 0x0107, 0x0107, 0x0107, 0x0107, 0x0107, 0x0107, 0x0107, 0x0107, 0x0107, 0x0107,
    0x0107, 0x0107, 0x0107, 0x0107, 0x0107, 0x0107, 0x0107, 0x0107, 0x0107, 0x0107, 0x0107, 0x0107,
    0x0107, 0x0127, 0x0148, 0x0969, 0x11AA, 0x11CB, 0x11EB, 0x11EB, 0x11CA, 0x0989, 0x0968, 0x0128,
    0x0127, 0x0107, 0x0107, 0x0107, 0x0107, 0x0107, 0x0107, 0x0127, 0x0127, 0x0127, 0x0127, 0x0148,
    0x0969, 0x098A, 0x11CB, 0x11EB, 0x11EB, 0x11CA, 0x098A, 0x0969, 0x0148, 0x0148, 0x0948, 0x0989,
    0x11AA, 0x11EB, 0x19EB, 0x11EB, 0x11AA, 0x0969, 0x0148, 0x0127, 0x0107, 0x0107, 0x0107, 0x0107,
    0x0107, 0x0107, 0x0107, 0x0107, 0x0107, 0x0107, 0x0127, 0x0148, 0x0969, 0x118A, 0x11CB, 0x11CB,
    0x11CB, 0x11AA, 0x0969, 0x0948, 0x0128, 0x0128, 0x0948, 0x0969, 0x11AA, 0x11CA, 0x11CB, 0x11CA,
    0x118A, 0x0969, 0x0148, 0x0127, 0x0107, 0x0107, 0x0107, 0x0107, 0x0107, 0x0107, 0x0107, 0x0107,
    0x0127, 0x0127, 0x0128, 0x0148, 0x0969, 0x11AA, 0x11CB, 0x11EB, 0x11EB, 0x11CA, 0x0989, 0x0969,
    0x0148, 0x0169, 0x0989, 0x11AA, 0x11EB, 0x1A0C, 0x1A0C, 0x11EB, 0x09AA, 0x0969, 0x0148, 0x0148,
    0x0948, 0x0989, 0x11AA, 0x11CB, 0x19EB, 0x11CB, 0x11AA, 0x0989, 0x0948, 0x0127, 0x0127, 0x0107,
    0x0107, 0x0107, 0x0107, 0x0107, 0x0107, 0x0107, 0x0107, 0x0107, 0x0127, 0x0148, 0x0969, 0x11AA,
    0x11CB, 0x11EB, 0x11EB, 0x11CA, 0x0989, 0x0948, 0x0128, 0x0127, 0x0107, 0x0107, 0x0107, 0x0107,
    0x0107, 0x0107, 0x0107, 0x0107, 0x0107, 0x0107, 0x0107, 0x0107, 0x0107, 0x0107, 0x0107, 0x0107,
    0x0107, 0x0107, 0x0107, 0x0107, 0x0107, 0x0106, 0x0106, 0x0106, 0x0106, 0x0107, 0x0107, 0x0107,
    0x0107, 0x0107, 0x0127, 0x0148, 0x0969, 0x11AA, 0x11EB, 0x19EB, 0x11EB, 0x11CA, 0x0989, 0x0948,
    0x0128, 0x0127, 0x0107, 0x0107, 0x0107, 0x0107, 0x0107, 0x0107, 0x0107, 0x0107, 0x0107, 0x0127,
    0x0148, 0x0969, 0x11AA, 0x11CA, 0x11EB, 0x11CB, 0x11AA, 0x0989, 0x0948, 0x0148, 0x0148, 0x0968,
    0x0989, 0x11CA, 0x11EB, 0x11EB, 0x11CB, 0x11AA, 0x0969, 0x0148, 0x0127, 0x0107, 0x0107, 0x0107,
    0x0107, 0x0107, 0x0107, 0x0107, 0x0107, 0x0107, 0x0107, 0x0107, 0x0107, 0x0107, 0x0107, 0x0107,
    0x0107, 0x0107, 0x0107, 0x0107, 0x0107, 0x0107, 0x0107, 0x0107, 0x0127, 0x0127, 0x0107, 0x0107,
    0x0107, 0x0127, 0x0128, 0x0948, 0x0989, 0x11AA, 0x11EB, 0x11EB, 0x11EB, 0x11AA, 0x0969, 0x0148,
    0x0127, 0x0107, 0x0107, 0x0107, 0x0107, 0x0107, 0x0107, 0x0107, 0x0107, 0x0107, 0x0127, 0x0127,
    0x0148, 0x0969, 0x11AA, 0x11CB, 0x11EB, 0x11CB, 0x11AA, 0x0969, 0x0969, 0x0969, 0x0969, 0x11AA,
    0x11CB, 0x11EB, 0x11EB, 0x11CB, 0x098A, 0x0969, 0x0128, 0x0107, 0x0107, 0x0107, 0x0107, 0x0107,
    0x0107, 0x0107, 0x0107, 0x0107, 0x0107, 0x0127, 0x0128, 0x0969, 0x098A, 0x11AA, 0x11CB, 0x11CB,
    0x11CA, 0x1189, 0x0968, 0x0128, 0x0127, 0x0127, 0x0127, 0x0948, 0x0989, 0x11AA, 0x11CB, 0x11CB,
    0x11AA, 0x0989, 0x0948, 0x0128, 0x0107, 0x0107, 0x0107, 0x0107, 0x0107, 0x0107, 0x0107, 0x0107,
    0x0107, 0x0107, 0x0127, 0x0128, 0x0968, 0x0989, 0x11CA, 0x11EB, 0x11EB, 0x11CB, 0x11AA, 0x098A,
    0x0969, 0x0989, 0x09AA, 0x11CB, 0x120C, 0x1A0C, 0x11EB, 0x11CA, 0x0989, 0x0148, 0x0128, 0x0127,
    0x0128, 0x0968, 0x0989, 0x11CA, 0x11EB, 0x11EB, 0x11CB, 0x11AA, 0x0969, 0x0148, 0x0127, 0x0107,
    0x0107, 0x0107, 0x0107, 0x0107, 0x0107, 0x0107, 0x0107, 0x0107, 0x0107, 0x0128, 0x0948, 0x0989,
    0x11CA, 0x11EB, 0x11EB, 0x11CB, 0x11AA, 0x0969, 0x0148, 0x0127, 0x0107, 0x0107, 0x0107, 0x0107,
    0x0107, 0x0107, 0x0107, 0x0107, 0x0107, 0x0107, 0x0107, 0x0107, 0x0107, 0x0107, 0x0107, 0x0107,
    0x0107, 0x0107, 0x0107, 0x0107, 0x0107, 0x0107, 0x0107, 0x0107, 0x0107, 0x0106, 0x0106, 0x0107,
    0x0107, 0x0107, 0x0127, 0x0128, 0x0968, 0x098A, 0x11CB, 0x11EB, 0x19EB, 0x11EB, 0x11AA, 0x0969,
    0x0148, 0x0127, 0x0107, 0x0107, 0x0107, 0x0107, 0x0107, 0x0107, 0x0107, 0x0107, 0x0107, 0x0107,
    0x0127, 0x0948, 0x0969, 0x11AA, 0x11CB, 0x11CB, 0x11CA, 0x118A, 0x0969, 0x0948, 0x0948, 0x0969,
    0x11AA, 0x11CB, 0x11EB, 0x11CB, 0x11AA, 0x0989, 0x0948, 0x0127, 0x0107, 0x0107, 0x0107, 0x0107,
    0x0107, 0x0107, 0x0107, 0x0107, 0x0107, 0x0107, 0x0107, 0x0107, 0x0107, 0x0107, 0x0107, 0x0107,
    0x0107, 0x0107, 0x0107, 0x0107, 0x0107, 0x0107, 0x0107, 0x0107, 0x0127, 0x0127, 0x0107, 0x0107,
    0x0107, 0x0127, 0x0127, 0x0148, 0x0969, 0x09AA, 0x11CB, 0x11EB, 0x11EB, 0x11CB, 0x09AA, 0x0969,
    0x0148, 0x0127, 0x0107, 0x0107, 0x0107, 0x0107, 0x0107, 0x0107, 0x0107, 0x0107, 0x0107, 0x0127,
    0x0128, 0x0948, 0x0989, 0x11AA, 0x11CB, 0x11CB, 0x11CB, 0x118A, 0x0989, 0x0989, 0x098A, 0x11AA,
    0x11CB, 0x11EB, 0x11CB, 0x11AA, 0x0969, 0x0148, 0x0127, 0x0107, 0x0107, 0x0107, 0x0107, 0x0107,
    0x0107, 0x0107, 0x0107, 0x0107, 0x0127, 0x0128, 0x0949, 0x0989, 0x11AA, 0x11CB, 0x19EB, 0x11CB,
    0x11AA, 0x0969, 0x0948, 0x0127, 0x0107, 0x0107, 0x0127, 0x0148, 0x0969, 0x11AA, 0x11CA, 0x11CB,
    0x11CB, 0x11AA, 0x0969, 0x0948, 0x0127, 0x0107, 0x0107, 0x0107, 0x0107, 0x0107, 0x0107, 0x0107,
    0x0107, 0x0107, 0x0127, 0x0127, 0x0148, 0x0969, 0x09AA, 0x11CB, 0x11EB, 0x11EB, 0x11CB, 0x09AA,
    0x09AA, 0x09AA, 0x11CB, 0x11EB, 0x1A0C, 0x11EC, 0x11CB, 0x098A, 0x0969, 0x0128, 0x0127, 0x0127,
    0x0127, 0x0148, 0x0969, 0x11AA, 0x11CB, 0x11EB, 0x11CB, 0x11AA, 0x0989, 0x0948, 0x0128, 0x0127,
    0x0107, 0x0107, 0x0107, 0x0107, 0x0107, 0x0107, 0x0107, 0x0107, 0x0107, 0x0127, 0x0148, 0x0969,
    0x11AA, 0x11CB, 0x11EB, 0x11EB, 0x11CB, 0x098A, 0x0969, 0x0128, 0x0127, 0x0107, 0x0107, 0x0107,
    0x0107, 0x0107, 0x0107, 0x0107, 0x0107, 0x0107, 0x0107, 0x0107, 0x0107, 0x0107, 0x0107, 0x0107,
    0x0107, 0x0107, 0x0107, 0x0107, 0x0107, 0x0107, 0x0107, 0x0107, 0x0107, 0x0106, 0x0106, 0x0107,
    0x0107, 0x0107, 0x0127, 0x0127, 0x0148, 0x0969, 0x11AA, 0x11EB, 0x19EB, 0x11EB, 0x11CB, 0x098A,
    0x0969, 0x0148, 0x0127, 0x0107, 0x0107, 0x0107, 0x0107, 0x0107, 0x0107, 0x0107, 0x0107, 0x0107,
    0x0127, 0x0128, 0x0948, 0x0989, 0x11AA, 0x11CB, 0x11CB, 0x11AA, 0x098A, 0x0989, 0x0989, 0x118A,
    0x11CA, 0x11CB, 0x11CB, 0x11CA, 0x098A, 0x0969, 0x0128, 0x0127, 0x0107, 0x0107, 0x0107, 0x0107,
    0x0107, 0x0107, 0x0107, 0x0107, 0x0107, 0x0107, 0x0107, 0x0107, 0x0107, 0x0107, 0x0107, 0x0107,
    0x0107, 0x0107, 0x0107, 0x0107, 0x0107, 0x0107, 0x0107, 0x0107, 0x0127, 0x0127, 0x0107, 0x0107,
    0x0107, 0x0107, 0x0127, 0x0128, 0x0148, 0x0989, 0x11AA, 0x11EB, 0x11EB, 0x11EB, 0x11AA, 0x0989,
    0x0948, 0x0128, 0x0127, 0x0107, 0x0107, 0x0107, 0x0107, 0x0107, 0x0107, 0x0107, 0x0107, 0x0107,
    0x0127, 0x0128, 0x0969, 0x118A, 0x11AA, 0x11CB, 0x11CB, 0x11AA, 0x11AA, 0x11AA, 0x11AA, 0x11CB,
    0x11EB, 0x11CB, 0x11AA, 0x0969, 0x0948, 0x0128, 0x0107, 0x0107, 0x0107, 0x0107, 0x0107, 0x0107,
    0x0107, 0x0107, 0x0107, 0x0127, 0x0128, 0x0148, 0x0969, 0x11AA, 0x11CB, 0x19EC, 0x19EB, 0x11CB,
    0x118A, 0x0968, 0x0128, 0x0127, 0x0107, 0x0107, 0x0127, 0x0127, 0x0948, 0x0989, 0x11AA, 0x11CB,
    0x11CB, 0x11CB, 0x098A, 0x0969, 0x0128, 0x0127, 0x0107, 0x0107, 0x0106, 0x0106, 0x0107, 0x0107,
    0x0107, 0x0107, 0x0107, 0x0127, 0x0128, 0x0148, 0x0989, 0x11AA, 0x11CB, 0x11EB, 0x11EB, 0x11CB,
    0x11CB, 0x11CB, 0x11EC, 0x120C, 0x1A0C, 0x11EB, 0x11AA, 0x0969, 0x0148, 0x0127, 0x0107, 0x0107,
    0x0107, 0x0127, 0x0948, 0x0989, 0x11AA, 0x11CB, 0x19EB, 0x11CB, 0x11AA, 0x0969, 0x0148, 0x0127,
    0x0107, 0x0107, 0x0107, 0x0107, 0x0107, 0x0107, 0x0107, 0x0107, 0x0107, 0x0107, 0x0128, 0x0948,
    0x0989, 0x11AA, 0x11EB, 0x19EB, 0x11EB, 0x11AA, 0x0989, 0x0948, 0x0128, 0x0107, 0x0107, 0x0107,
    0x0107, 0x0107, 0x0107, 0x0107, 0x0107, 0x0107, 0x0107, 0x0107, 0x0107, 0x0107, 0x0107, 0x0107,
    0x0107, 0x0107, 0x0107, 0x0107, 0x0107, 0x0107, 0x0107, 0x0107, 0x0107, 0x0106, 0x0106, 0x0107,
    0x0107, 0x0107, 0x0107, 0x0127, 0x0128, 0x0968, 0x0989, 0x11CA, 0x11EB, 0x1A0C, 0x11EB, 0x11AA,
    0x0989, 0x0148, 0x0127, 0x0127, 0x0107, 0x0107, 0x0107, 0x0107, 0x0107, 0x0106, 0x0106, 0x0107,
    0x0107, 0x0127, 0x0148, 0x0969, 0x11AA, 0x11CA, 0x11CB, 0x11CB, 0x11AA, 0x11AA, 0x11AA, 0x11CA,
    0x11CB, 0x11CB, 0x11CB, 0x11AA, 0x0969, 0x0148, 0x0127, 0x0107, 0x0107, 0x0107, 0x0107, 0x0107,
    0x0107, 0x0107, 0x0107, 0x0107, 0x0107, 0x0107, 0x0107, 0x0107, 0x0107, 0x0107, 0x0107, 0x0107,
    0x0107, 0x0107, 0x0107, 0x0107, 0x0107, 0x0107, 0x0107, 0x0107, 0x0107, 0x0107, 0x0107, 0x0107,
    0x0107, 0x0107, 0x0107, 0x0127, 0x0148, 0x0969, 0x098A, 0x11CB, 0x11EB, 0x11EB, 0x11CB, 0x09AA,
    0x0969, 0x0148, 0x0127, 0x0107, 0x0107, 0x0107, 0x0107, 0x0107, 0x0107, 0x0107, 0x0107, 0x0107,
    0x0107, 0x0127, 0x0948, 0x0969, 0x11AA, 0x11CB, 0x19CB, 0x19CB, 0x11CB, 0x11CB, 0x11CB, 0x19EB,
    0x11CB, 0x11AA, 0x098A, 0x0949, 0x0128, 0x0107, 0x0107, 0x0107, 0x0107, 0x0107, 0x0107, 0x0107,
    0x0107, 0x0107, 0x0107, 0x0128, 0x0148, 0x0969, 0x098A, 0x11CB, 0x19EC, 0x19EC, 0x11CB, 0x11AA,
    0x0969, 0x0148, 0x0127, 0x0127, 0x0107, 0x0107, 0x0107, 0x0127, 0x0148, 0x0968, 0x0989, 0x11CA,
    0x11EB, 0x11CB, 0x11AA, 0x0989, 0x0948, 0x0127, 0x0107, 0x0107, 0x0107, 0x0106, 0x0107, 0x0107,
    0x0107, 0x0107, 0x0107, 0x0107, 0x0127, 0x0148, 0x0969, 0x098A, 0x11CB, 0x11EB, 0x1A0C, 0x1A0C,
    0x120C, 0x1A0C, 0x1A0C, 0x1A0C, 0x11EC, 0x11CB, 0x098A, 0x0969, 0x0148, 0x0127, 0x0127, 0x0127,
    0x0127, 0x0127, 0x0948, 0x0969, 0x11AA, 0x11CB, 0x19EB, 0x19EB, 0x11CB, 0x098A, 0x0969, 0x0148,
    0x0127, 0x0107, 0x0107, 0x0107, 0x0107, 0x0107, 0x0107, 0x0107, 0x0107, 0x0107, 0x0127, 0x0128,
    0x0969, 0x098A, 0x11CB, 0x19EB, 0x19EB, 0x11CB, 0x11AA, 0x0969, 0x0148, 0x0127, 0x0107, 0x0107,
    0x0107, 0x0107, 0x0107, 0x0107, 0x0107, 0x0107, 0x0107, 0x0107, 0x0107, 0x0107, 0x0107, 0x0107,
    0x0107, 0x0107, 0x0107, 0x0107, 0x0107, 0x0107, 0x0107, 0x0107, 0x0107, 0x0107, 0x0107, 0x0107,
    0x0107, 0x0107, 0x0107, 0x0127, 0x0127, 0x0148, 0x0969, 0x09AA, 0x11CB, 0x11EB, 0x19EB, 0x11CB,
    0x09AA, 0x0969, 0x0148, 0x0127, 0x0107, 0x0107, 0x0107, 0x0107, 0x0107, 0x0107, 0x0106, 0x0107,
    0x0107, 0x0107, 0x0127, 0x0948, 0x0989, 0x11AA, 0x11CB, 0x11EB, 0x11EB, 0x11CB, 0x11CB, 0x11EB,
    0x11EB, 0x11CB, 0x11AA, 0x0989, 0x0948, 0x0128, 0x0107, 0x0107, 0x0107, 0x0107, 0x0107, 0x0107,
    0x0107, 0x0107, 0x0107, 0x0107, 0x0107, 0x0107, 0x0107, 0x0107, 0x0107, 0x0107, 0x0107, 0x0107,
    0x0107, 0x0107, 0x0107, 0x0107, 0x0107, 0x0107, 0x0107, 0x0107, 0x0107, 0x0107, 0x0107, 0x0107,
    0x0107, 0x0107, 0x0107, 0x0127, 0x0128, 0x0148, 0x0989, 0x11AA, 0x11EB, 0x11EC, 0x11EB, 0x11CB,
    0x098A, 0x0968, 0x0128, 0x0127, 0x0107, 0x0107, 0x0107, 0x0107, 0x0107, 0x0107, 0x0107, 0x0107,
    0x0107, 0x0107, 0x0127, 0x0948, 0x0969, 0x11AA, 0x11CB, 0x19EB, 0x19EC, 0x19EC, 0x19EC, 0x19EB,
    0x11CB, 0x11AA, 0x0969, 0x0948, 0x0127, 0x0107, 0x0107, 0x0107, 0x0107, 0x0107, 0x0107, 0x0107,
    0x0107, 0x0107, 0x0127, 0x0128, 0x0149, 0x098A, 0x11AB, 0x11EB, 0x1A0C, 0x19EC, 0x11CB, 0x098A,
    0x0969, 0x0148, 0x0127, 0x0107, 0x0107, 0x0107, 0x0107, 0x0127, 0x0127, 0x0948, 0x0969, 0x11AA,
    0x11CB, 0x11EB, 0x11CB, 0x11AA, 0x0969, 0x0148, 0x0127, 0x0107, 0x0107, 0x0106, 0x0107, 0x0107,
    0x0107, 0x0107, 0x0107, 0x0107, 0x0127, 0x0127, 0x0148, 0x0969, 0x11AA, 0x11EB, 0x1A0C, 0x1A0D,
    0x1A2D, 0x1A2D, 0x1A2D, 0x1A2D, 0x11EC, 0x11CB, 0x098A, 0x0969, 0x0148, 0x0128, 0x0128, 0x0128,
    0x0128, 0x0148, 0x0948, 0x0969, 0x118A, 0x11CB, 0x19EC, 0x1A0C, 0x19EB, 0x11AA, 0x0989, 0x0948,
    0x0128, 0x0107, 0x0107, 0x0107, 0x0107, 0x0107, 0x0107, 0x0107, 0x0107, 0x0107, 0x0107, 0x0127,
    0x0148, 0x0969, 0x11AA, 0x11CB, 0x19EB, 0x11EB, 0x11CA, 0x0989, 0x0948, 0x0128, 0x0127, 0x0107,
    0x0107, 0x0107, 0x0107, 0x0107, 0x0107, 0x0107, 0x0107, 0x0107, 0x0107, 0x0107, 0x0107, 0x0107,
    0x0107, 0x0107, 0x0107, 0x0107, 0x0107, 0x0107, 0x0107, 0x0107, 0x0107, 0x0107, 0x0107, 0x0107,
    0x0107, 0x0107, 0x0107, 0x0107, 0x0127, 0x0128, 0x0148, 0x0989, 0x11CA, 0x11EB, 0x19EB, 0x11EB,
    0x11CA, 0x0989, 0x0948, 0x0128, 0x0107, 0x0107, 0x0107, 0x0107, 0x0107, 0x0107, 0x0107, 0x0107,
    0x0107, 0x0107, 0x0127, 0x0128, 0x0969, 0x118A, 0x11CB, 0x19EB, 0x19EC, 0x1A0C, 0x1A0C, 0x19EC,
    0x11EB, 0x11CA, 0x098A, 0x0969, 0x0148, 0x0127, 0x0107, 0x0107, 0x0107, 0x0107, 0x0107, 0x0107,
    0x0107, 0x0107, 0x0107, 0x0107, 0x0107, 0x0107, 0x0107, 0x0107, 0x0107, 0x0107, 0x0107, 0x0107,
    0x0107, 0x0107, 0x0107, 0x0107, 0x0107, 0x0107, 0x0107, 0x0107, 0x0107, 0x0107, 0x0107, 0x0107,
    0x0107, 0x0107, 0x0107, 0x0127, 0x0127, 0x0148, 0x0969, 0x098A, 0x11CB, 0x11EB, 0x11EC, 0x11EB,
    0x11AA, 0x0969, 0x0148, 0x0128, 0x0127, 0x0107, 0x0107, 0x0107, 0x0107, 0x0107, 0x0107, 0x0107,
    0x0107, 0x0107, 0x0107, 0x0928, 0x0968, 0x118A, 0x11CB, 0x19EC, 0x1A0C, 0x1A0C, 0x1A0C, 0x19EB,
    0x11AB, 0x0989, 0x0948, 0x0127, 0x0107, 0x0107, 0x0106, 0x0106, 0x0106, 0x0107, 0x0107, 0x0107,
    0x0107, 0x0127, 0x0128, 0x0148, 0x0969, 0x09AA, 0x11CB, 0x1A0C, 0x1A0C, 0x11EB, 0x11AA, 0x0969,
    0x0148, 0x0128, 0x0127, 0x0127, 0x0107, 0x0107, 0x0107, 0x0107, 0x0127, 0x0148, 0x0968, 0x0989,
    0x11CA, 0x11EB, 0x11EB, 0x11CA, 0x098A, 0x0948, 0x0128, 0x0127, 0x0107, 0x0107, 0x0107, 0x0107,
    0x0107, 0x0107, 0x0107, 0x0107, 0x0107, 0x0127, 0x0128, 0x0948, 0x0989, 0x11CB, 0x19EC, 0x1A2D,
    0x1A4D, 0x1A4E, 0x1A4E, 0x1A2D, 0x1A0C, 0x11CB, 0x09AA, 0x0989, 0x0969, 0x0969, 0x0969, 0x0969,
    0x0969, 0x0969, 0x0969, 0x098A, 0x11AA, 0x11EB, 0x1A0C, 0x1A0C, 0x1A0C, 0x11EB, 0x11AA, 0x0969,
    0x0148, 0x0127, 0x0107, 0x0107, 0x0107, 0x0107, 0x0107, 0x0107, 0x0107, 0x0107, 0x0107, 0x0127,
    0x0128, 0x0968, 0x0989, 0x11CA, 0x11EB, 0x19EB, 0x11CB, 0x11AA, 0x0969, 0x0148, 0x0127, 0x0107,
    0x0107, 0x0107, 0x0107, 0x0107, 0x0107, 0x0107, 0x0107, 0x0107, 0x0107, 0x0107, 0x0107, 0x0107,
    0x0107, 0x0107, 0x0107, 0x0107, 0x0107, 0x0107, 0x0107, 0x0107, 0x0107, 0x0107, 0x0107, 0x0107,
    0x0107, 0x0107, 0x0107, 0x0107, 0x0107, 0x0127, 0x0148, 0x0969, 0x098A, 0x11CB, 0x11EB, 0x19EC,
    0x11CB, 0x11AA, 0x0969, 0x0148, 0x0127, 0x0107, 0x0107, 0x0107, 0x0107, 0x0107, 0x0107, 0x0107,
    0x0107, 0x0107, 0x0107, 0x0127, 0x0948, 0x0969, 0x11AA, 0x11EB, 0x1A0C, 0x1A0C, 0x1A0C, 0x1A0C,
    0x11CB, 0x11AA, 0x0969, 0x0948, 0x0127, 0x0107, 0x0107, 0x0107, 0x0107, 0x0107, 0x0107, 0x0107,
    0x0107, 0x0127, 0x0107, 0x0107, 0x0107, 0x0107, 0x0107, 0x0107, 0x0107, 0x0107, 0x0107, 0x0107,
    0x0107, 0x0107, 0x0107, 0x0107, 0x0107, 0x0107, 0x0107, 0x0107, 0x0107, 0x0107, 0x0107, 0x0107,
    0x0107, 0x0107, 0x0107, 0x0127, 0x0127, 0x0128, 0x0148, 0x0969, 0x09AA, 0x11CB, 0x11EC, 0x11EC,
    0x11CB, 0x09AA, 0x0969, 0x0148, 0x0128, 0x0127, 0x0107, 0x0107, 0x0107, 0x0107, 0x0107, 0x0107,
    0x0106, 0x0107, 0x0107, 0x0127, 0x0948, 0x0969, 0x11AA, 0x19EB, 0x1A0C, 0x1A2D, 0x1A0C, 0x19EB,
    0x11AA, 0x0969, 0x0128, 0x0107, 0x0107, 0x00E6, 0x0106, 0x0106, 0x0106, 0x0107, 0x0107, 0x0107,
    0x0107, 0x0127, 0x0128, 0x0149, 0x098A, 0x11CB, 0x11EC, 0x1A0C, 0x19EC, 0x11CB, 0x098A, 0x0969,
    0x0148, 0x0127, 0x0127, 0x0127, 0x0127, 0x0127, 0x0127, 0x0107, 0x0127, 0x0127, 0x0148, 0x0969,
    0x11AA, 0x11CB, 0x11EB, 0x11CB, 0x11AA, 0x0969, 0x0948, 0x0127, 0x0107, 0x0107, 0x0107, 0x0107,
    0x0107, 0x0107, 0x0107, 0x0107, 0x0107, 0x0107, 0x0127, 0x0148, 0x0969, 0x11AA, 0x11EB, 0x1A2D,
    0x224D, 0x226E, 0x224E, 0x1A2D, 0x1A0C, 0x11EB, 0x11CB, 0x11AA, 0x11AA, 0x118A, 0x118A, 0x11AA,
    0x11AA, 0x11AA, 0x11AA, 0x11AA, 0x11CB, 0x19EC, 0x1A0C, 0x1A2D, 0x1A2D, 0x1A0C, 0x11CB, 0x098A,
    0x0949, 0x0128, 0x0127, 0x0107, 0x0107, 0x0107, 0x0107, 0x0107, 0x0107, 0x0107, 0x0107, 0x0107,
    0x0127, 0x0148, 0x0969, 0x11AA, 0x11CB, 0x19EB, 0x11EB, 0x11CB, 0x098A, 0x0969, 0x0128, 0x0127,
    0x0107, 0x0107, 0x0107, 0x0107, 0x0107, 0x0107, 0x0107, 0x0107, 0x0107, 0x0107, 0x0107, 0x0107,
    0x0107, 0x0107, 0x0107, 0x0107, 0x0107, 0x0107, 0x0107, 0x0107, 0x0107, 0x0107, 0x0107, 0x0107,
    0x0107, 0x0107, 0x0107, 0x0107, 0x0107, 0x0127, 0x0128, 0x0148, 0x0989, 0x11AA, 0x11EB, 0x19EC,
    0x11EB, 0x11CA, 0x0989, 0x0948, 0x0128, 0x0127, 0x0107, 0x0107, 0x0107, 0x0107, 0x0107, 0x0107,
    0x0107, 0x0107, 0x0107, 0x0127, 0x0128, 0x0948, 0x118A, 0x11CB, 0x1A0C, 0x1A2D, 0x1A2D, 0x1A0C,
    0x11CB, 0x118A, 0x0969, 0x0128, 0x0127, 0x0107, 0x0107, 0x0107, 0x0107, 0x0107, 0x0107, 0x0107,
    0x0127, 0x0127, 0x0107, 0x0107, 0x0107, 0x0107, 0x0107, 0x0107, 0x0107, 0x0107, 0x0107, 0x0107,
    0x0107, 0x0107, 0x0107, 0x0107, 0x0107, 0x0107, 0x0107, 0x0107, 0x0107, 0x0107, 0x0107, 0x0107,
    0x0107, 0x0107, 0x0107, 0x0127, 0x0127, 0x0127, 0x0128, 0x0969, 0x098A, 0x11CB, 0x11EB, 0x1A0C,
    0x11EB, 0x11CB, 0x098A, 0x0949, 0x0128, 0x0127, 0x0107, 0x0107, 0x0107, 0x0107, 0x0107, 0x0107,
    0x0106, 0x0106, 0x0106, 0x0107, 0x0127, 0x0948, 0x118A, 0x11CB, 0x1A0C, 0x1A0C, 0x1A0C, 0x11CB,
    0x118A, 0x0948, 0x0127, 0x0107, 0x00E6, 0x00E6, 0x00E6, 0x00E6, 0x00E6, 0x0106, 0x0107, 0x0107,
    0x0107, 0x0127, 0x0148, 0x0969, 0x11AA, 0x11EB, 0x1A0C, 0x1A0C, 0x11EB, 0x11AA, 0x0969, 0x0148,
    0x0128, 0x0127, 0x0127, 0x0127, 0x0127, 0x0127, 0x0127, 0x0107, 0x0107, 0x0127, 0x0148, 0x0968,
    0x0989, 0x11CA, 0x11EB, 0x11EB, 0x11CB, 0x11AA, 0x0969, 0x0148, 0x0127, 0x0107, 0x0107, 0x0107,
    0x0107, 0x0107, 0x0107, 0x0107, 0x0107, 0x0107, 0x0107, 0x0127, 0x0948, 0x0989, 0x11CB, 0x1A0C,
    0x1A2D, 0x224E, 0x226E, 0x1A4D, 0x1A2D, 0x19EC, 0x11CB, 0x11CB, 0x11CB, 0x11CB, 0x11CB, 0x11CB,
    0x11CB, 0x11CB, 0x11CB, 0x11CB, 0x11EB, 0x19EC, 0x1A0D, 0x1A2D, 0x1A2D, 0x1A0C, 0x11EB, 0x11AA,
    0x0969, 0x0148, 0x0128, 0x0107, 0x0107, 0x0107, 0x0107, 0x0107, 0x0107, 0x0107, 0x0107, 0x0107,
    0x0127, 0x0128, 0x0948, 0x0989, 0x11AA, 0x11EB, 0x19EB, 0x11EB, 0x11AA, 0x0989, 0x0948, 0x0127,
    0x0107, 0x0107, 0x0107, 0x0107, 0x0107, 0x0107, 0x0107, 0x0107, 0x0107, 0x0107, 0x0107, 0x0107,
    0x0107, 0x0107, 0x0107, 0x0107, 0x0107, 0x0107, 0x0107, 0x0107, 0x0107, 0x0107, 0x0107, 0x0107,
    0x0107, 0x0107, 0x0107, 0x0107, 0x0107, 0x0107, 0x0127, 0x0128, 0x0969, 0x098A, 0x11CA, 0x11EB,
    0x11EB, 0x11EB, 0x11AA, 0x0969, 0x0148, 0x0127, 0x0107, 0x0107, 0x0107, 0x0107, 0x0107, 0x0107,
    0x0107, 0x0107, 0x0107, 0x0107, 0x0127, 0x0148, 0x0969, 0x11AA, 0x19EB, 0x1A0C, 0x1A0C, 0x1A0C,
    0x11CB, 0x0989, 0x0948, 0x0127, 0x0107, 0x0107, 0x0107, 0x0107, 0x0107, 0x0107, 0x0107, 0x0107,
    0x0127, 0x0127, 0x0127, 0x0107, 0x0107, 0x0107, 0x0107, 0x0107, 0x0107, 0x0107, 0x0107, 0x0107,
    0x0107, 0x0107, 0x0107, 0x0107, 0x0107, 0x0107, 0x0107, 0x0107, 0x0107, 0x0107, 0x0107, 0x0107,
    0x0107, 0x0107, 0x0107, 0x0127, 0x0127, 0x0127, 0x0128, 0x0148, 0x0969, 0x09AA, 0x11CB, 0x1A0C,
    0x1A0C, 0x11EB, 0x11AA, 0x0969, 0x0148, 0x0128, 0x0127, 0x0107, 0x0107, 0x0107, 0x0107, 0x0106,
    0x0106, 0x0106, 0x0106, 0x0107, 0x0107, 0x0928, 0x0969, 0x11AA, 0x19EB, 0x1A0C, 0x19EC, 0x11CB,
    0x118A, 0x0948, 0x0107, 0x0107, 0x00E6, 0x00E6, 0x00E6, 0x00E6, 0x00E6, 0x0106, 0x0106, 0x0107,
    0x0107, 0x0128, 0x0949, 0x098A, 0x11CB, 0x11EC, 0x1A0C, 0x11EC, 0x11CB, 0x098A, 0x0949, 0x0128,
    0x0127, 0x0127, 0x0127, 0x0127, 0x0127, 0x0127, 0x0127, 0x0107, 0x0107, 0x0127, 0x0127, 0x0148,
    0x0969, 0x11AA, 0x11CB, 0x11EB, 0x11EB, 0x11CA, 0x0989, 0x0968, 0x0128, 0x0127, 0x0107, 0x0107,
    0x0107, 0x0107, 0x0107, 0x0107, 0x0107, 0x0107, 0x0107, 0x0107, 0x0128, 0x0948, 0x118A, 0x11CB,
    0x1A0C, 0x1A4D, 0x224E, 0x1A4D, 0x1A2D, 0x1A0C, 0x11EB, 0x11CB, 0x11CB, 0x11CB, 0x11CB, 0x11CB,
    0x11CB, 0x11CB, 0x11CB, 0x11CB, 0x11EB, 0x19EC, 0x1A0C, 0x1A0C, 0x1A2D, 0x1A2D, 0x1A0C, 0x11CB,
    0x098A, 0x0969, 0x0128, 0x0127, 0x0107, 0x0107, 0x0107, 0x0107, 0x0107, 0x0107, 0x0107, 0x0107,
    0x0107, 0x0127, 0x0148, 0x0969, 0x118A, 0x11CB, 0x19EB, 0x19EB, 0x11CB, 0x11AA, 0x0969, 0x0148,
    0x0127, 0x0107, 0x0107, 0x0107, 0x0107, 0x0107, 0x0107, 0x0107, 0x0107, 0x0107, 0x0107, 0x0107,
    0x0107, 0x0107, 0x0107, 0x0107, 0x0107, 0x0107, 0x0107, 0x0107, 0x0107, 0x0107, 0x0107, 0x0107,
    0x0107, 0x0107, 0x0107, 0x0107, 0x0107, 0x0107, 0x0127, 0x0127, 0x0148, 0x0969, 0x11AA, 0x11CB,
    0x11EB, 0x11EB, 0x11CB, 0x098A, 0x0968, 0x0128, 0x0127, 0x0107, 0x0107, 0x0107, 0x0107, 0x0107,
    0x0107, 0x0107, 0x0107, 0x0107, 0x0107, 0x0128, 0x0948, 0x0989, 0x11CB, 0x19EC, 0x1A0C, 0x19EC,
    0x11CB, 0x0989, 0x0948, 0x0127, 0x0107, 0x0107, 0x0107, 0x0107, 0x0107, 0x0107, 0x0107, 0x0107,
    0x0107, 0x0127, 0x0127, 0x0107, 0x0107, 0x0107, 0x0107, 0x0107, 0x0107, 0x0107, 0x0107, 0x0107,
    0x0107, 0x0107, 0x0107, 0x0107, 0x0107, 0x0107, 0x0107, 0x0107, 0x0107, 0x0107, 0x0107, 0x0107,
    0x0107, 0x0107, 0x0107, 0x0127, 0x0127, 0x0127, 0x0127, 0x0128, 0x0149, 0x098A, 0x11CB, 0x11EB,
    0x1A0C, 0x19EC, 0x11CB, 0x09AA, 0x0969, 0x0148, 0x0127, 0x0107, 0x0107, 0x0107, 0x0107, 0x0106,
    0x0106, 0x0106, 0x0106, 0x0106, 0x0107, 0x0127, 0x0948, 0x118A, 0x11CB, 0x19EB, 0x19EB, 0x11CB,
    0x118A, 0x0948, 0x0127, 0x0107, 0x00E6, 0x00E6, 0x00E6, 0x00E6, 0x00E6, 0x0106, 0x0106, 0x0107,
    0x0127, 0x0148, 0x0969, 0x11AA, 0x11CB, 0x19EC, 0x19EC, 0x11CB, 0x09AA, 0x0969, 0x0148, 0x0127,
    0x0127, 0x0107, 0x0127, 0x0127, 0x0127, 0x0127, 0x0107, 0x0107, 0x0107, 0x0127, 0x0127, 0x0128,
    0x0948, 0x0989, 0x11CA, 0x11EB, 0x11EB, 0x11EB, 0x11AA, 0x0969, 0x0148, 0x0127, 0x0127, 0x0107,
    0x0107, 0x0107, 0x0107, 0x0107, 0x0106, 0x0106, 0x0107, 0x0107, 0x0107, 0x0148, 0x0969, 0x11AA,
    0x19EC, 0x1A2D, 0x1A2D, 0x1A2D, 0x1A0C, 0x19EB, 0x11CB, 0x11CA, 0x11AA, 0x11AA, 0x11AA, 0x11AA,
    0x11AA, 0x11AA, 0x11AA, 0x11AA, 0x11CB, 0x11CB, 0x11CB, 0x11EC, 0x1A0C, 0x1A0C, 0x1A0C, 0x11EB,
    0x11AA, 0x0989, 0x0148, 0x0128, 0x0107, 0x0107, 0x0107, 0x0107, 0x0107, 0x0107, 0x0107, 0x0107,
    0x0107, 0x0107, 0x0127, 0x0948, 0x0969, 0x11AA, 0x11CB, 0x19EB, 0x11EB, 0x11AA, 0x0989, 0x0948,
    0x0128, 0x0107, 0x0107, 0x0107, 0x0107, 0x0107, 0x0107, 0x0107, 0x0107, 0x0107, 0x0107, 0x0107,
    0x0107, 0x0107, 0x0107, 0x0107, 0x0107, 0x0107, 0x0107, 0x0107, 0x0107, 0x0107, 0x0107, 0x0107,
    0x0107, 0x0107, 0x0107, 0x0107, 0x0107, 0x0107, 0x0127, 0x0127, 0x0128, 0x0969, 0x0989, 0x11CA,
    0x11EB, 0x11EB, 0x11EB, 0x11AA, 0x0989, 0x0148, 0x0127, 0x0107, 0x0107, 0x0107, 0x0107, 0x0107,
    0x0107, 0x0107, 0x0107, 0x0107, 0x0107, 0x0127, 0x0128, 0x0969, 0x11AA, 0x11CB, 0x19EC, 0x19EB,
    0x11CB, 0x0989, 0x0948, 0x0128, 0x0107, 0x0107, 0x0107, 0x0107, 0x0107, 0x0107, 0x0107, 0x0107,
    0x0107, 0x0107, 0x0107, 0x0107, 0x0107, 0x0107, 0x0107, 0x0107, 0x0107, 0x0107, 0x0107, 0x0107,
    0x0107, 0x0107, 0x0107, 0x0107, 0x0107, 0x0107, 0x0107, 0x0107, 0x0107, 0x0107, 0x0127, 0x0127,
    0x0107, 0x0107, 0x0107, 0x0127, 0x0127, 0x0127, 0x0127, 0x0128, 0x0148, 0x0969, 0x09AA, 0x11CB,
    0x120C, 0x1A0C, 0x11EC, 0x11CB, 0x0989, 0x0148, 0x0128, 0x0127, 0x0107, 0x0107, 0x0106, 0x0106,
    0x0106, 0x0106, 0x0106, 0x0106, 0x0107, 0x0107, 0x0928, 0x0969, 0x11AA, 0x11CB, 0x19EB, 0x11CB,
    0x118A, 0x0949, 0x0128, 0x0107, 0x00E6, 0x00E6, 0x00E6, 0x00E6, 0x00E6, 0x0106, 0x0107, 0x0107,
    0x0128, 0x0948, 0x0989, 0x11CB, 0x11EB, 0x19EC, 0x11CB, 0x11AA, 0x0989, 0x0148, 0x0128, 0x0127,
    0x0127, 0x0107, 0x0127, 0x0127, 0x0107, 0x0107, 0x0107, 0x0107, 0x0107, 0x0127, 0x0127, 0x0127,
    0x0148, 0x0969, 0x09AA, 0x11CB, 0x11EB, 0x11EB, 0x11CB, 0x09AA, 0x0969, 0x0148, 0x0127, 0x0107,
    0x0107, 0x0107, 0x0107, 0x0106, 0x0106, 0x0106, 0x0106, 0x0106, 0x0107, 0x0127, 0x0948, 0x0989,
    0x11CB, 0x19EC, 0x1A0C, 0x1A0C, 0x19EC, 0x11CB, 0x11AA, 0x118A, 0x0989, 0x0989, 0x0989, 0x0989,
    0x0989, 0x0989, 0x0989, 0x0989, 0x0989, 0x098A, 0x098A, 0x11AA, 0x11CB, 0x11EC, 0x1A0C, 0x11EC,
    0x11CB, 0x09AA, 0x0969, 0x0148, 0x0127, 0x0107, 0x0107, 0x0107, 0x0107, 0x0107, 0x0107, 0x0107,
    0x0107, 0x0107, 0x0127, 0x0128, 0x0969, 0x098A, 0x11CB, 0x11EB, 0x19EB, 0x11CB, 0x11AA, 0x0969,
    0x0148, 0x0127, 0x0107, 0x0107, 0x0107, 0x0107, 0x0107, 0x0107, 0x0107, 0x0107, 0x0107, 0x0107,
    0x0107, 0x0107, 0x0107, 0x0107, 0x0107, 0x0107, 0x0107, 0x0107, 0x0107, 0x0107, 0x0107, 0x0107,
    0x0107, 0x0107, 0x0107, 0x0107, 0x0107, 0x0107, 0x0127, 0x0127, 0x0128, 0x0148, 0x0969, 0x09AA,
    0x11CB, 0x11EB, 0x19EB, 0x11CB, 0x09AA, 0x0969, 0x0128, 0x0127, 0x0107, 0x0107, 0x0107, 0x0107,
    0x0107, 0x0107, 0x0107, 0x0107, 0x0107, 0x0107, 0x0127, 0x0948, 0x0989, 0x11AA, 0x11CB, 0x19CB,
    0x11CB, 0x118A, 0x0969, 0x0128, 0x0127, 0x0107, 0x0107, 0x0107, 0x0107, 0x0107, 0x0107, 0x0107,
    0x0107, 0x0107, 0x0107, 0x0107, 0x0107, 0x0107, 0x0107, 0x0107, 0x0107, 0x0107, 0x0107, 0x0107,
    0x0107, 0x0107, 0x0107, 0x0107, 0x0107, 0x0107, 0x0107, 0x0107, 0x0107, 0x0107, 0x0127, 0x0127,
    0x0107, 0x0107, 0x0107, 0x0107, 0x0107, 0x0127, 0x0127, 0x0128, 0x0128, 0x0148, 0x0989, 0x11CA,
    0x11EB, 0x1A0C, 0x1A0C, 0x11CB, 0x09AA, 0x0969, 0x0148, 0x0127, 0x0107, 0x0107, 0x0106, 0x0106,
    0x0106, 0x0106, 0x0106, 0x0106, 0x0106, 0x0107, 0x0127, 0x0948, 0x0989, 0x11AA, 0x11CB, 0x11CB,
    0x11AA, 0x0969, 0x0948, 0x0107, 0x0107, 0x00E6, 0x00E6, 0x00E6, 0x00E6, 0x0106, 0x0107, 0x0127,
    0x0148, 0x0969, 0x11AA, 0x11CB, 0x19EB, 0x11EB, 0x11CB, 0x098A, 0x0969, 0x0148, 0x0127, 0x0107,
    0x0107, 0x0107, 0x0107, 0x0107, 0x0107, 0x0107, 0x0107, 0x0107, 0x0107, 0x0127, 0x0127, 0x0127,
    0x0128, 0x0148, 0x0989, 0x11AA, 0x11EB, 0x11EB, 0x11EB, 0x11AA, 0x0989, 0x0948, 0x0128, 0x0127,
    0x0107, 0x0107, 0x0107, 0x0106, 0x0106, 0x0106, 0x0106, 0x0106, 0x0106, 0x0107, 0x0127, 0x0968,
    0x118A, 0x11CB, 0x19EC, 0x19EC, 0x19EB, 0x11AA, 0x098A, 0x0969, 0x0948, 0x0948, 0x0948, 0x0948,
    0x0948, 0x0948, 0x0948, 0x0948, 0x0948, 0x0948, 0x0969, 0x0969, 0x098A, 0x11CB, 0x11EB, 0x19EC,
    0x11EB, 0x11CB, 0x098A, 0x0949, 0x0128, 0x0127, 0x0107, 0x0107, 0x0107, 0x0107, 0x0107, 0x0107,
    0x0107, 0x0107, 0x0107, 0x0127, 0x0148, 0x0969, 0x11AA, 0x11CB, 0x11EB, 0x11EB, 0x11CA, 0x0989,
    0x0948, 0x0128, 0x0107, 0x0107, 0x0107, 0x0107, 0x0107, 0x0107, 0x0107, 0x0107, 0x0107, 0x0107,
    0x0107, 0x0107, 0x0107, 0x0107, 0x0107, 0x0107, 0x0107, 0x0107, 0x0107, 0x0107, 0x0107, 0x0107,
    0x0107, 0x0107, 0x0107, 0x0107, 0x0107, 0x0107, 0x0127, 0x0127, 0x0127, 0x0128, 0x0948, 0x0989,
    0x11CA, 0x11EB, 0x19EC, 0x11EB, 0x11CA, 0x0989, 0x0948, 0x0127, 0x0107, 0x0107, 0x0107, 0x0107,
    0x0107, 0x0107, 0x0107, 0x0107, 0x0107, 0x0107, 0x0107, 0x0128, 0x0968, 0x0989, 0x11AA, 0x11CB,
    0x11CB, 0x11AA, 0x0969, 0x0948, 0x0127, 0x0107, 0x0107, 0x0107, 0x0107, 0x0107, 0x0107, 0x0107,
    0x0107, 0x0107, 0x0107, 0x0107, 0x0107, 0x0107, 0x0107, 0x0107, 0x0107, 0x0107, 0x0107, 0x0107,
    0x0107, 0x0107, 0x0107, 0x0107, 0x0107, 0x0107, 0x0107, 0x0107, 0x0107, 0x0107, 0x0107, 0x0107,
    0x0107, 0x0107, 0x0107, 0x0107, 0x0107, 0x0127, 0x0127, 0x0127, 0x0128, 0x0148, 0x0969, 0x098A,
    0x11CB, 0x11EC, 0x1A0C, 0x11EC, 0x11CB, 0x098A, 0x0948, 0x0128, 0x0107, 0x0107, 0x0107, 0x0106,
    0x0106, 0x0106, 0x0106, 0x0106, 0x0106, 0x0107, 0x0107, 0x0928, 0x0969, 0x118A, 0x11CA, 0x11CB,
    0x11CA, 0x118A, 0x0968, 0x0128, 0x0107, 0x0106, 0x00E6, 0x00E6, 0x00E6, 0x0107, 0x0107, 0x0128,
    0x0948, 0x0989, 0x11CB, 0x19EB, 0x19EB, 0x11CB, 0x11AA, 0x0969, 0x0148, 0x0127, 0x0127, 0x0107,
    0x0107, 0x0107, 0x0107, 0x0107, 0x0107, 0x0107, 0x0107, 0x0107, 0x0107, 0x0107, 0x0107, 0x0127,
    0x0127, 0x0148, 0x0969, 0x098A, 0x11CB, 0x11EB, 0x11EB, 0x11CB, 0x11AA, 0x0969, 0x0148, 0x0127,
    0x0107, 0x0107, 0x0107, 0x0106, 0x0106, 0x0106, 0x0106, 0x0106, 0x0106, 0x0107, 0x0107, 0x0948,
    0x0969, 0x11AA, 0x19CB, 0x19EB, 0x19CB, 0x11AA, 0x0989, 0x0948, 0x0148, 0x0128, 0x0127, 0x0127,
    0x0127, 0x0127, 0x0127, 0x0127, 0x0127, 0x0128, 0x0128, 0x0148, 0x0969, 0x098A, 0x11CB, 0x11EC,
    0x11EC, 0x11CB, 0x11AA, 0x0969, 0x0148, 0x0127, 0x0107, 0x0107, 0x0107, 0x0107, 0x0107, 0x0107,
    0x0107, 0x0107, 0x0107, 0x0127, 0x0128, 0x0948, 0x0989, 0x11AA, 0x11CB, 0x11EB, 0x11CB, 0x11AA,
    0x0969, 0x0148, 0x0127, 0x0107, 0x0107, 0x0107, 0x0107, 0x0107, 0x0107, 0x0107, 0x0107, 0x0107,
    0x0107, 0x0107, 0x0107, 0x0107, 0x0107, 0x0107, 0x0107, 0x0107, 0x0107, 0x0107, 0x0107, 0x0107,
    0x0107, 0x0127, 0x0127, 0x0127, 0x0107, 0x0107, 0x0127, 0x0127, 0x0127, 0x0128, 0x0148, 0x0969,
    0x09AA, 0x11CB, 0x11EB, 0x19EB, 0x11EB, 0x11AA, 0x0969, 0x0148, 0x0127, 0x0107, 0x0107, 0x0107,
    0x0107, 0x0107, 0x0107, 0x0107, 0x0107, 0x0107, 0x0107, 0x0127, 0x0148, 0x0969, 0x11AA, 0x11CB,
    0x11CB, 0x11AA, 0x118A, 0x0969, 0x0128, 0x0107, 0x0107, 0x0107, 0x0107, 0x0107, 0x0107, 0x0107,
    0x0127, 0x0127, 0x0107, 0x0107, 0x0107, 0x0107, 0x0107, 0x0107, 0x0107, 0x0107, 0x0107, 0x0107,
    0x0107, 0x0107, 0x0107, 0x0107, 0x0107, 0x0107, 0x0107, 0x0107, 0x0107, 0x0107, 0x0107, 0x0107,
    0x0107, 0x0107, 0x0107, 0x0107, 0x0107, 0x0127, 0x0127, 0x0127, 0x0127, 0x0128, 0x0148, 0x0989,
    0x09AA, 0x11EB, 0x1A0C, 0x1A0C, 0x11EB, 0x11AA, 0x0969, 0x0148, 0x0127, 0x0107, 0x0107, 0x0107,
    0x0106, 0x0106, 0x0106, 0x0106, 0x0106, 0x0106, 0x0107, 0x0127, 0x0948, 0x0969, 0x11AA, 0x11CB,
    0x11CB, 0x11AA, 0x0969, 0x0948, 0x0127, 0x0107, 0x0106, 0x0106, 0x0106, 0x0107, 0x0127, 0x0948,
    0x0969, 0x11AA, 0x11CB, 0x19EB, 0x11CB, 0x11AA, 0x0969, 0x0948, 0x0128, 0x0127, 0x0107, 0x0107,
    0x0107, 0x0107, 0x0107, 0x0107, 0x0107, 0x0107, 0x0107, 0x0107, 0x0107, 0x0107, 0x0107, 0x0107,
    0x0127, 0x0127, 0x0148, 0x0969, 0x09AA, 0x11EB, 0x11EB, 0x11EB, 0x11CB, 0x0989, 0x0968, 0x0128,
    0x0107, 0x0107, 0x0107, 0x0106, 0x0106, 0x0106, 0x0106, 0x0106, 0x00E6, 0x0106, 0x0107, 0x0127,
    0x0948, 0x1189, 0x11AA, 0x19CB, 0x19CB, 0x11AA, 0x0989, 0x0948, 0x0128, 0x0127, 0x0107, 0x0107,
    0x0107, 0x0107, 0x0107, 0x0107, 0x0107, 0x0107, 0x0107, 0x0128, 0x0148, 0x0969, 0x11AA, 0x11EB,
    0x11EC, 0x11EC, 0x11CB, 0x098A, 0x0969, 0x0128, 0x0127, 0x0107, 0x0107, 0x0107, 0x0107, 0x0107,
    0x0107, 0x0107, 0x0107, 0x0107, 0x0127, 0x0128, 0x0969, 0x098A, 0x11CA, 0x11EB, 0x11EB, 0x11CB,
    0x098A, 0x0969, 0x0128, 0x0127, 0x0107, 0x0107, 0x0107, 0x0107, 0x0107, 0x0107, 0x0107, 0x0107,
    0x0107, 0x0107, 0x0107, 0x0107, 0x0107, 0x0107, 0x0107, 0x0107, 0x0107, 0x0107, 0x0107, 0x0107,
    0x0107, 0x0127, 0x0127, 0x0127, 0x0107, 0x0107, 0x0107, 0x0107, 0x0127, 0x0127, 0x0128, 0x0148,
    0x0989, 0x11AA, 0x11EB, 0x19EC, 0x11EB, 0x11CB, 0x0989, 0x0948, 0x0128, 0x0107, 0x0107, 0x0107,
    0x0107, 0x0107, 0x0107, 0x0107, 0x0107, 0x0107, 0x0107, 0x0107, 0x0128, 0x0948, 0x0989, 0x11AA,
    0x11CB, 0x11CB, 0x11AA, 0x0969, 0x0948, 0x0127, 0x0107, 0x0107, 0x0107, 0x0107, 0x0107, 0x0107,
    0x0127, 0x0127, 0x0127, 0x0107, 0x0107, 0x0107, 0x0107, 0x0107, 0x0107, 0x0107, 0x0107, 0x0107,
    0x0107, 0x0107, 0x0107, 0x0107, 0x0107, 0x0107, 0x0107, 0x0107, 0x0107, 0x0107, 0x0107, 0x0107,
    0x0107, 0x0107, 0x0107, 0x0107, 0x0107, 0x0107, 0x0127, 0x0127, 0x0127, 0x0128, 0x0148, 0x0169,
    0x098A, 0x11CB, 0x11EB, 0x1A0C, 0x11EC, 0x11CB, 0x0989, 0x0948, 0x0128, 0x0107, 0x0107, 0x0107,
    0x0107, 0x0107, 0x0107, 0x0106, 0x0106, 0x0106, 0x0107, 0x0107, 0x0128, 0x0968, 0x1189, 0x11AA,
    0x11CB, 0x11AA, 0x118A, 0x0969, 0x0928, 0x0107, 0x0107, 0x0107, 0x0107, 0x0107, 0x0128, 0x0969,
    0x118A, 0x11CB, 0x19EB, 0x19EB, 0x11CA, 0x0989, 0x0968, 0x0148, 0x0127, 0x0107, 0x0107, 0x0107,
    0x0107, 0x0106, 0x0106, 0x0107, 0x0107, 0x0107, 0x0107, 0x0107, 0x0107, 0x0107, 0x0107, 0x0107,
    0x0107, 0x0127, 0x0128, 0x0969, 0x0989, 0x11CB, 0x11EB, 0x11EB, 0x11EB, 0x11AA, 0x0969, 0x0148,
    0x0127, 0x0107, 0x0107, 0x0107, 0x0107, 0x0106, 0x0106, 0x0106, 0x0106, 0x00E6, 0x0106, 0x0107,
    0x0928, 0x0969, 0x11AA, 0x11CB, 0x19CB, 0x11CB, 0x11AA, 0x0969, 0x0148, 0x0127, 0x0107, 0x0107,
    0x0107, 0x0107, 0x0107, 0x0107, 0x0107, 0x0107, 0x0107, 0x0107, 0x0128, 0x0949, 0x098A, 0x11CB,
    0x11EB, 0x11EC, 0x11EB, 0x11AB, 0x0989, 0x0948, 0x0127, 0x0107, 0x0107, 0x0107, 0x0107, 0x0107,
    0x0107, 0x0107, 0x0107, 0x0107, 0x0107, 0x0127, 0x0148, 0x0969, 0x11AA, 0x11CB, 0x11EB, 0x11CB,
    0x11AA, 0x0969, 0x0948, 0x0127, 0x0107, 0x0107, 0x0107, 0x0107, 0x0107, 0x0107, 0x0107, 0x0107,
    0x0107, 0x0107, 0x0107, 0x0107, 0x0107, 0x0107, 0x0107, 0x0107, 0x0107, 0x0107, 0x0107, 0x0107,
    0x0107, 0x0107, 0x0107, 0x0107, 0x0107, 0x0107, 0x0107, 0x0107, 0x0127, 0x0127, 0x0127, 0x0148,
    0x0969, 0x098A, 0x11CB, 0x11EB, 0x19EC, 0x11EB, 0x11AA, 0x0969, 0x0148, 0x0127, 0x0107, 0x0107,
    0x0107, 0x0107, 0x0107, 0x0107, 0x0107, 0x0107, 0x0107, 0x0107, 0x0127, 0x0148, 0x0969, 0x118A,
    0x11AA, 0x11CB, 0x11AA, 0x118A, 0x0969, 0x0148, 0x0127, 0x0107, 0x0107, 0x0107, 0x0107, 0x0107,
    0x0148, 0x0148, 0x0128, 0x0127, 0x0107, 0x0107, 0x0107, 0x0107, 0x0107, 0x0107, 0x0107, 0x0107,
    0x0107, 0x0107, 0x0107, 0x0107, 0x0107, 0x0107, 0x0107, 0x0107, 0x0107, 0x0107, 0x0107, 0x0107,
    0x0107, 0x0107, 0x0107, 0x0107, 0x0107, 0x0107, 0x0127, 0x0127, 0x0127, 0x0127, 0x0128, 0x0148,
    0x0969, 0x09AA, 0x11CB, 0x19EC, 0x19EC, 0x11CB, 0x11AA, 0x0969, 0x0148, 0x0127, 0x0107, 0x0107,
    0x0107, 0x0107, 0x0107, 0x0107, 0x0107, 0x0106, 0x0107, 0x0107, 0x0127, 0x0948, 0x0969, 0x11AA,
    0x11CA, 0x11CB, 0x11AA, 0x1189, 0x0948, 0x0127, 0x0107, 0x0107, 0x0107, 0x0127, 0x0948, 0x0989,
    0x11AA, 0x11CB, 0x19EB, 0x11CB, 0x11AA, 0x0969, 0x0948, 0x0127, 0x0107, 0x0107, 0x0107, 0x0107,
    0x0107, 0x0106, 0x0106, 0x0107, 0x0107, 0x0107, 0x0107, 0x0107, 0x0107, 0x0107, 0x0107, 0x0107,
    0x0107, 0x0107, 0x0127, 0x0148, 0x0969, 0x09AA, 0x11CB, 0x11EB, 0x11EB, 0x11CB, 0x098A, 0x0969,
    0x0128, 0x0107, 0x0107, 0x0107, 0x0107, 0x0106, 0x0106, 0x0106, 0x0106, 0x00E6, 0x00E6, 0x0107,
    0x0127, 0x0948, 0x0989, 0x11AA, 0x19CB, 0x19CB, 0x11CA, 0x0989, 0x0948, 0x0128, 0x0107, 0x0107,
    0x0107, 0x0107, 0x0107, 0x0107, 0x0107, 0x0107, 0x0107, 0x0107, 0x0127, 0x0148, 0x0969, 0x09AA,
    0x11CB, 0x11EC, 0x11EC, 0x11CB, 0x09AA, 0x0969, 0x0148, 0x0127, 0x0107, 0x0107, 0x0107, 0x0107,
    0x0107, 0x0107, 0x0107, 0x0107, 0x0107, 0x0127, 0x0128, 0x0948, 0x0989, 0x11AA, 0x11CB, 0x11EB,
    0x11CB, 0x118A, 0x0969, 0x0148, 0x0127, 0x0107, 0x0107, 0x0107, 0x0107, 0x0107, 0x0107, 0x0107,
    0x0107, 0x0107, 0x0107, 0x0107, 0x0107, 0x0107, 0x0107, 0x0107, 0x0107, 0x0107, 0x0107, 0x0107,
    0x0107, 0x0107, 0x0107, 0x0107, 0x0107, 0x0107, 0x0107, 0x0107, 0x0127, 0x0127, 0x0127, 0x0128,
    0x0148, 0x0969, 0x11AA, 0x11CB, 0x19EB, 0x11EB, 0x11CB, 0x098A, 0x0948, 0x0128, 0x0107, 0x0107,
    0x0107, 0x0107, 0x0107, 0x0107, 0x0107, 0x0107, 0x0107, 0x0107, 0x0107, 0x0127, 0x0948, 0x0969,
    0x11AA, 0x11CB, 0x11CB, 0x11AA, 0x0989, 0x0948, 0x0128, 0x0107, 0x0107, 0x0107, 0x0107, 0x0107,
    0x0969, 0x0969, 0x0148, 0x0128, 0x0127, 0x0107, 0x0107, 0x0107, 0x0107, 0x0107, 0x0107, 0x0107,
    0x0107, 0x0107, 0x0107, 0x0107, 0x0107, 0x0107, 0x0107, 0x0107, 0x0107, 0x0107, 0x0107, 0x0107,
    0x0107, 0x0107, 0x0107, 0x0107, 0x0107, 0x0107, 0x0127, 0x0127, 0x0127, 0x0127, 0x0127, 0x0128,
    0x0148, 0x0969, 0x11AA, 0x11EB, 0x19EC, 0x11EB, 0x11CB, 0x0989, 0x0948, 0x0128, 0x0107, 0x0107,
    0x0107, 0x0107, 0x0107, 0x0107, 0x0107, 0x0107, 0x0107, 0x0107, 0x0107, 0x0128, 0x0948, 0x0989,
    0x11AA, 0x11CB, 0x11CA, 0x11AA, 0x0969, 0x0948, 0x0127, 0x0107, 0x0127, 0x0148, 0x0969, 0x11AA,
    0x11CB, 0x19EB, 0x11CB, 0x11AA, 0x0989, 0x0948, 0x0127, 0x0127, 0x0107, 0x0107, 0x0107, 0x0107,
    0x0107, 0x0106, 0x0106, 0x0107, 0x0107, 0x0107, 0x0107, 0x0107, 0x0107, 0x0107, 0x0107, 0x0107,
    0x0107, 0x0107, 0x0127, 0x0128, 0x0148, 0x0989, 0x11CA, 0x11EB, 0x11EB, 0x11EB, 0x11AA, 0x0969,
    0x0148, 0x0127, 0x0107, 0x0107, 0x0107, 0x0106, 0x0106, 0x0106, 0x0106, 0x00E6, 0x00E6, 0x0107,
    0x0107, 0x0928, 0x0969, 0x11AA, 0x11CB, 0x19EB, 0x11CB, 0x11AA, 0x0969, 0x0948, 0x0127, 0x0107,
    0x0107, 0x0107, 0x0107, 0x0107, 0x0107, 0x0107, 0x0107, 0x0107, 0x0107, 0x0128, 0x0148, 0x0989,
    0x11AA, 0x11EB, 0x19EC, 0x11EC, 0x11CB, 0x098A, 0x0948, 0x0128, 0x0127, 0x0107, 0x0107, 0x0107,
    0x0107, 0x0107, 0x0107, 0x0107, 0x0107, 0x0107, 0x0127, 0x0148, 0x0969, 0x118A, 0x11CB, 0x11EB,
    0x11CB, 0x11AA, 0x0989, 0x0948, 0x0128, 0x0127, 0x0107, 0x0107, 0x0107, 0x0107, 0x0107, 0x0107,
    0x0107, 0x0107, 0x0107, 0x0107, 0x0107, 0x0107, 0x0107, 0x0107, 0x0107, 0x0107, 0x0107, 0x0107,
    0x0107, 0x0107, 0x0107, 0x0107, 0x0107, 0x0107, 0x0107, 0x0107, 0x0127, 0x0127, 0x0127, 0x0127,
    0x0128, 0x0148, 0x0989, 0x11AA, 0x11EB, 0x11EB, 0x11CB, 0x11AA, 0x0969, 0x0948, 0x0127, 0x0107,
    0x0107, 0x0107, 0x0107, 0x0107, 0x0107, 0x0107, 0x0107, 0x0107, 0x0107, 0x0127, 0x0128, 0x0968,
    0x1189, 0x11AA, 0x11CB, 0x11CA, 0x11AA, 0x0969, 0x0948, 0x0128, 0x0127, 0x0127, 0x0127, 0x0128,
    0x11AA, 0x098A, 0x0969, 0x0148, 0x0127, 0x0107, 0x0107, 0x0107, 0x0107, 0x0107, 0x0107, 0x0107,
    0x0107, 0x0107, 0x0107, 0x0107, 0x0107, 0x0107, 0x0107, 0x0107, 0x0107, 0x0107, 0x0107, 0x0107,
    0x0107, 0x0107, 0x0107, 0x0107, 0x0107, 0x0107, 0x0127, 0x0127, 0x0127, 0x0127, 0x0127, 0x0127,
    0x0128, 0x0969, 0x0989, 0x11CA, 0x11EB, 0x19EB, 0x11CB, 0x11AA, 0x0969, 0x0148, 0x0127, 0x0107,
    0x0107, 0x0107, 0x0107, 0x0107, 0x0107, 0x0107, 0x0107, 0x0107, 0x0107, 0x0127, 0x0948, 0x0969,
    0x11AA, 0x11CA, 0x11CB, 0x11AA, 0x118A, 0x0969, 0x0128, 0x0128, 0x0128, 0x0949, 0x0989, 0x11AA,
    0x19EB, 0x19EB, 0x11CB, 0x118A, 0x0969, 0x0128, 0x0127, 0x0107, 0x0107, 0x0107, 0x0107, 0x0107,
    0x0107, 0x0106, 0x0106, 0x0107, 0x0107, 0x0107, 0x0107, 0x0107, 0x0107, 0x0107, 0x0107, 0x0107,
    0x0107, 0x0107, 0x0107, 0x0127, 0x0148, 0x0969, 0x09AA, 0x11CB, 0x11EB, 0x11EB, 0x11CB, 0x118A,
    0x0969, 0x0128, 0x0107, 0x0107, 0x0107, 0x0106, 0x0106, 0x0106, 0x0106, 0x0106, 0x0106, 0x0106,
    0x0107, 0x0127, 0x0948, 0x0989, 0x11AA, 0x11EB, 0x19EB, 0x11CB, 0x118A, 0x0969, 0x0128, 0x0127,
    0x0107, 0x0107, 0x0107, 0x0107, 0x0107, 0x0107, 0x0107, 0x0107, 0x0107, 0x0127, 0x0128, 0x0969,
    0x098A, 0x11CB, 0x11EC, 0x1A0C, 0x11EB, 0x11AA, 0x0969, 0x0148, 0x0127, 0x0107, 0x0107, 0x0107,
    0x0107, 0x0107, 0x0107, 0x0107, 0x0107, 0x0107, 0x0107, 0x0127, 0x0948, 0x0969, 0x11AA, 0x11CB,
    0x11EB, 0x11CB, 0x11AA, 0x0969, 0x0148, 0x0127, 0x0107, 0x0107, 0x0107, 0x0107, 0x0107, 0x0107,
    0x0107, 0x0107, 0x0107, 0x0107, 0x0107, 0x0107, 0x0107, 0x0107, 0x0107, 0x0107, 0x0107, 0x0107,
    0x0107, 0x0107, 0x0107, 0x0107, 0x0107, 0x0107, 0x0107, 0x0107, 0x0107, 0x0107, 0x0107, 0x0127,
    0x0127, 0x0148, 0x0969, 0x098A, 0x11CA, 0x11EB, 0x11EB, 0x11CA, 0x098A, 0x0968, 0x0128, 0x0107,
    0x0107, 0x0107, 0x0107, 0x0107, 0x0107, 0x0107, 0x0107, 0x0107, 0x0107, 0x0107, 0x0127, 0x0948,
    0x0969, 0x11AA, 0x11CA, 0x11CB, 0x11AA, 0x118A, 0x0969, 0x0948, 0x0128, 0x0128, 0x0148, 0x0948,
    0x19EB, 0x11CB, 0x098A, 0x0969, 0x0128, 0x0127, 0x0107, 0x0107, 0x0107, 0x0107, 0x0107, 0x0107,
    0x0107, 0x0107, 0x0107, 0x0107, 0x0107, 0x0107, 0x0107, 0x0107, 0x0107, 0x0107, 0x0107, 0x0107,
    0x0107, 0x0107, 0x0107, 0x0107, 0x0107, 0x0107, 0x0127, 0x0127, 0x0107, 0x0107, 0x0107, 0x0127,
    0x0127, 0x0148, 0x0969, 0x118A, 0x11CB, 0x11EB, 0x19EB, 0x11CA, 0x098A, 0x0969, 0x0128, 0x0107,
    0x0107, 0x0107, 0x0107, 0x0107, 0x0107, 0x0107, 0x0107, 0x0107, 0x0107, 0x0107, 0x0128, 0x0948,
    0x0989, 0x11AA, 0x11CB, 0x11CB, 0x11AA, 0x0989, 0x0949, 0x0948, 0x0948, 0x0969, 0x11AA, 0x11CB,
    0x19EB, 0x11CB, 0x11AA, 0x0969, 0x0148, 0x0127, 0x0107, 0x0107, 0x0107, 0x0107, 0x0107, 0x0107,
    0x0107, 0x0107, 0x0107, 0x0107, 0x0107, 0x0107, 0x0107, 0x0107, 0x0107, 0x0107, 0x0107, 0x0107,
    0x0107, 0x0107, 0x0107, 0x0127, 0x0128, 0x0148, 0x0989, 0x11AA, 0x11EB, 0x19EB, 0x11EB, 0x11AA,
    0x0989, 0x0948, 0x0127, 0x0107, 0x0107, 0x0106, 0x0106, 0x0106, 0x0106, 0x0106, 0x0107, 0x0107,
    0x0107, 0x0107, 0x0128, 0x0969, 0x11AA, 0x11CB, 0x19EB, 0x11EB, 0x11CB, 0x0989, 0x0949, 0x0128,
    0x0107, 0x0107, 0x0107, 0x0107, 0x0107, 0x0107, 0x0107, 0x0107, 0x0107, 0x0107, 0x0127, 0x0148,
    0x0969, 0x11AA, 0x11EB, 0x1A0C, 0x11EB, 0x11CB, 0x098A, 0x0969, 0x0128, 0x0127, 0x0107, 0x0107,
    0x0107, 0x0107, 0x0107, 0x0107, 0x0107, 0x0107, 0x0107, 0x0127, 0x0128, 0x0968, 0x0989, 0x11CA,
    0x11CB, 0x11CB, 0x11AA, 0x0989, 0x0948, 0x0128, 0x0127, 0x0107, 0x0107, 0x0107, 0x0107, 0x0107,
    0x0107, 0x0107, 0x0107, 0x0107, 0x0107, 0x0107, 0x0107, 0x0107, 0x0107, 0x0107, 0x0107, 0x0107,
    0x0107, 0x0107, 0x0107, 0x0107, 0x0107, 0x0107, 0x0107, 0x0107, 0x0107, 0x0107, 0x0107, 0x0107,
    0x0107, 0x0127, 0x0148, 0x0969, 0x11AA, 0x11CB, 0x11EB, 0x11CB, 0x11AA, 0x0989, 0x0948, 0x0127,
    0x0107, 0x0107, 0x0107, 0x0107, 0x0107, 0x0107, 0x0107, 0x0107, 0x0107, 0x0107, 0x0127, 0x0128,
    0x0948, 0x0989, 0x11AA, 0x11CB, 0x11CB, 0x11AA, 0x0969, 0x0969, 0x0948, 0x0949, 0x0969, 0x0989,
    0x1A2C, 0x19EB, 0x11AA, 0x0989, 0x0948, 0x0128, 0x0127, 0x0107, 0x0107, 0x0107, 0x0107, 0x0107,
    0x0107, 0x0107, 0x0107, 0x0107, 0x0107, 0x0107, 0x0107, 0x0107, 0x0107, 0x0107, 0x0107, 0x0107,
    0x0107, 0x0107, 0x0107, 0x0107, 0x0107, 0x0107, 0x0107, 0x0107, 0x0107, 0x0107, 0x0107, 0x0107,
    0x0127, 0x0128, 0x0948, 0x0969, 0x11AA, 0x11CB, 0x19EB, 0x11CB, 0x11AA, 0x0969, 0x0948, 0x0127,
    0x0107, 0x0107, 0x0107, 0x0107, 0x0107, 0x0107, 0x0107, 0x0107, 0x0107, 0x0107, 0x0127, 0x0148,
    0x0969, 0x118A, 0x11CA, 0x11CB, 0x11CA, 0x11AA, 0x0989, 0x0969, 0x0989, 0x11AA, 0x11CB, 0x19EB,
    0x19EB, 0x11AA, 0x0989, 0x0948, 0x0128, 0x0127, 0x0107, 0x0107, 0x0107, 0x0107, 0x0107, 0x0107,
    0x0107, 0x0107, 0x0107, 0x0107, 0x0107, 0x0107, 0x0107, 0x0107, 0x0107, 0x0107, 0x0107, 0x0107,
    0x0107, 0x0107, 0x0107, 0x0107, 0x0127, 0x0148, 0x0969, 0x098A, 0x11CA, 0x11EB, 0x19EB, 0x11CB,
    0x11AA, 0x0969, 0x0148, 0x0127, 0x0107, 0x0107, 0x0107, 0x0106, 0x0107, 0x0107, 0x0107, 0x0107,
    0x0107, 0x0107, 0x0128, 0x0948, 0x0989, 0x11CA, 0x11EB, 0x19EC, 0x11CB, 0x11AA, 0x0969, 0x0148,
    0x0128, 0x0107, 0x0107, 0x0107, 0x0107, 0x0107, 0x0107, 0x0107, 0x0107, 0x0107, 0x0107, 0x0128,
    0x0948, 0x0989, 0x11CB, 0x11EB, 0x19EC, 0x11EB, 0x11AA, 0x0969, 0x0148, 0x0127, 0x0107, 0x0107,
    0x0107, 0x0107, 0x0107, 0x0107, 0x0107, 0x0107, 0x0107, 0x0107, 0x0127, 0x0148, 0x0969, 0x11AA,
    0x11CB, 0x11CB, 0x11CB, 0x11AA, 0x0969, 0x0948, 0x0127, 0x0107, 0x0107, 0x0107, 0x0107, 0x0107,
    0x0107, 0x0107, 0x0107, 0x0107, 0x0107, 0x0107, 0x0107, 0x0107, 0x0107, 0x0107, 0x0107, 0x0107,
    0x0107, 0x0107, 0x0107, 0x0107, 0x0107, 0x0107, 0x0107, 0x0107, 0x0107, 0x0107, 0x0107, 0x0107,
    0x0107, 0x0127, 0x0127, 0x0948, 0x0989, 0x11AA, 0x11CB, 0x11CB, 0x11CA, 0x118A, 0x0969, 0x0128,
    0x0127, 0x0107, 0x0107, 0x0107, 0x0107, 0x0107, 0x0107, 0x0107, 0x0107, 0x0107, 0x0107, 0x0127,
    0x0148, 0x0969, 0x118A, 0x11CA, 0x11CB, 0x11AB, 0x118A, 0x0989, 0x0969, 0x098A, 0x11AA, 0x11AB,
    0x224D, 0x1A0C, 0x11EB, 0x11AA, 0x0969, 0x0148, 0x0128, 0x0127, 0x0127, 0x0127, 0x0127, 0x0127,
    0x0127, 0x0107, 0x0107, 0x0107, 0x0107, 0x0107, 0x0107, 0x0107, 0x0107, 0x0107, 0x0107, 0x0107,
    0x0107, 0x0107, 0x0107, 0x0107, 0x0107, 0x0107, 0x0107, 0x0107, 0x0107, 0x0107, 0x0107, 0x0107,
    0x0107, 0x0127, 0x0128, 0x0969, 0x098A, 0x11AA, 0x19EB, 0x11EB, 0x11CB, 0x118A, 0x0969, 0x0148,
    0x0127, 0x0107, 0x0107, 0x0107, 0x0107, 0x0107, 0x0107, 0x0107, 0x0107, 0x0107, 0x0127, 0x0128,
    0x0948, 0x0989, 0x11AA, 0x11CB, 0x11CB, 0x11CB, 0x11AA, 0x11AA, 0x11AA, 0x11CB, 0x19EB, 0x19EB,
    0x11CB, 0x11AA, 0x0969, 0x0148, 0x0127, 0x0107, 0x0107, 0x0107, 0x0107, 0x0107, 0x0107, 0x0107,
    0x0107, 0x0107, 0x0107, 0x0107, 0x0107, 0x0107, 0x0107, 0x0107, 0x0107, 0x0107, 0x0107, 0x0107,
    0x0107, 0x0107, 0x0107, 0x0107, 0x0127, 0x0128, 0x0148, 0x0969, 0x11AA, 0x11CB, 0x19EB, 0x11EB,
    0x11AA, 0x0989, 0x0948, 0x0128, 0x0107, 0x0107, 0x0107, 0x0107, 0x0107, 0x0107, 0x0107, 0x0107,
    0x0107, 0x0107, 0x0107, 0x0148, 0x0969, 0x11AA, 0x11EB, 0x19EC, 0x19EC, 0x11CB, 0x098A, 0x0969,
    0x0128, 0x0127, 0x0107, 0x0107, 0x0107, 0x0107, 0x0107, 0x0107, 0x0107, 0x0107, 0x0107, 0x0127,
    0x0128, 0x0969, 0x09AA, 0x11CB, 0x11EB, 0x19EB, 0x11CB, 0x098A, 0x0969, 0x0148, 0x0127, 0x0107,
    0x0107, 0x0107, 0x0107, 0x0107, 0x0107, 0x0107, 0x0107, 0x0107, 0x0107, 0x0128, 0x0948, 0x0989,
    0x11AA, 0x11CB, 0x11CB, 0x11CA, 0x098A, 0x0969, 0x0148, 0x0127, 0x0107, 0x0107, 0x0107, 0x0107,
    0x0107, 0x0107, 0x0107, 0x0107, 0x0107, 0x0107, 0x0107, 0x0107, 0x0107, 0x0107, 0x0107, 0x0107,
    0x0107, 0x0107, 0x0127, 0x0127, 0x0127, 0x0127, 0x0107, 0x0107, 0x0107, 0x0107, 0x0107, 0x0107,
    0x0107, 0x0107, 0x0127, 0x0128, 0x0968, 0x0989, 0x11CA, 0x11CB, 0x11CB, 0x11AA, 0x0989, 0x0948,
    0x0128, 0x0127, 0x0107, 0x0107, 0x0107, 0x0107, 0x0107, 0x0107, 0x0107, 0x0107, 0x0107, 0x0127,
    0x0128, 0x0948, 0x0989, 0x11AA, 0x11CB, 0x11CB, 0x11AB, 0x11AA, 0x11AA, 0x11AB, 0x11CB, 0x19EC,
    0x222D, 0x1A2C, 0x19EC, 0x11CB, 0x098A, 0x0969, 0x0148, 0x0128, 0x0128, 0x0128, 0x0128, 0x0128,
    0x0128, 0x0128, 0x0128, 0x0128, 0x0128, 0x0128, 0x0128, 0x0127, 0x0127, 0x0127, 0x0127, 0x0127,
    0x0127, 0x0127, 0x0127, 0x0127, 0x0127, 0x0127, 0x0127, 0x0127, 0x0127, 0x0127, 0x0127, 0x0127,
    0x0127, 0x0127, 0x0128, 0x0948, 0x0969, 0x11AA, 0x11CB, 0x19EB, 0x11CB, 0x11AA, 0x098A, 0x0949,
    0x0128, 0x0128, 0x0127, 0x0127, 0x0127, 0x0127, 0x0127, 0x0127, 0x0127, 0x0127, 0x0127, 0x0128,
    0x0148, 0x0969, 0x11AA, 0x11CB, 0x11EB, 0x19EB, 0x11CB, 0x11CB, 0x11CB, 0x19EC, 0x19EC, 0x11EB,
    0x11AA, 0x0989, 0x0948, 0x0128, 0x0107, 0x0107, 0x0107, 0x0107, 0x0107, 0x0107, 0x0107, 0x0107,
    0x0107, 0x0107, 0x0107, 0x0107, 0x0107, 0x0107, 0x0107, 0x0107, 0x0107, 0x0107, 0x0107, 0x0107,
    0x0107, 0x0107, 0x0107, 0x0107, 0x0127, 0x0127, 0x0128, 0x0948, 0x0989, 0x11AA, 0x11CB, 0x19EB,
    0x11CB, 0x11AA, 0x0969, 0x0948, 0x0128, 0x0127, 0x0107, 0x0107, 0x0107, 0x0107, 0x0107, 0x0107,
    0x0107, 0x0107, 0x0127, 0x0128, 0x0969, 0x098A, 0x11CB, 0x19EC, 0x1A0C, 0x11EC, 0x11CB, 0x098A,
    0x0949, 0x0128, 0x0107, 0x0107, 0x0107, 0x0107, 0x0107, 0x0107, 0x0107, 0x0107, 0x0107, 0x0107,
    0x0127, 0x0148, 0x0969, 0x11AA, 0x11CB, 0x19EB, 0x11EB, 0x11AA, 0x0989, 0x0948, 0x0127, 0x0107,
    0x0107, 0x0107, 0x0107, 0x0107, 0x0107, 0x0107, 0x0107, 0x0107, 0x0107, 0x0127, 0x0148, 0x0969,
    0x118A, 0x11CB, 0x11CB, 0x11CB, 0x11AA, 0x0989, 0x0948, 0x0148, 0x0127, 0x0127, 0x0127, 0x0127,
    0x0127, 0x0127, 0x0127, 0x0127, 0x0127, 0x0127, 0x0127, 0x0127, 0x0127, 0x0127, 0x0127, 0x0127,
    0x0127, 0x0127, 0x0127, 0x0127, 0x0127, 0x0127, 0x0127, 0x0127, 0x0127, 0x0127, 0x0127, 0x0127,
    0x0107, 0x0107, 0x0127, 0x0128, 0x0948, 0x0969, 0x11AA, 0x11CB, 0x19EB, 0x11CB, 0x11AA, 0x0989,
    0x0948, 0x0128, 0x0127, 0x0127, 0x0127, 0x0107, 0x0127, 0x0127, 0x0127, 0x0127, 0x0127, 0x0127,
    0x0128, 0x0948, 0x0969, 0x11AA, 0x11CB, 0x11CB, 0x19CB, 0x11CB, 0x11CB, 0x19EC, 0x1A0C, 0x1A2C,
    0x1A2C, 0x1A0C, 0x1A0C, 0x11EB, 0x11AB, 0x098A, 0x0969, 0x0149, 0x0148, 0x0148, 0x0148, 0x0148,
    0x0148, 0x0148, 0x0148, 0x0148, 0x0148, 0x0148, 0x0148, 0x0148, 0x0148, 0x0148, 0x0148, 0x0148,
    0x0148, 0x0148, 0x0148, 0x0148, 0x0148, 0x0148, 0x0148, 0x0148, 0x0148, 0x0148, 0x0148, 0x0148,
    0x0148, 0x0148, 0x0148, 0x0949, 0x0969, 0x11AA, 0x11CB, 0x19EC, 0x19EC, 0x11EB, 0x11AB, 0x098A,
    0x0969, 0x0948, 0x0148, 0x0148, 0x0148, 0x0148, 0x0148, 0x0148, 0x0148, 0x0148, 0x0148, 0x0148,
    0x0949, 0x0969, 0x11AA, 0x11CB, 0x19EC, 0x1A0C, 0x1A0C, 0x1A0C, 0x1A0C, 0x1A0C, 0x19EC, 0x11CB,
    0x118A, 0x0969, 0x0148, 0x0127, 0x0107, 0x0107, 0x0107, 0x0107, 0x0107, 0x0107, 0x0107, 0x0107,
    0x0107, 0x0107, 0x0107, 0x0107, 0x0107, 0x0107, 0x0107, 0x0107, 0x0107, 0x0107, 0x0107, 0x0107,
    0x0107, 0x0107, 0x0107, 0x0107, 0x0127, 0x0107, 0x0127, 0x0128, 0x0969, 0x098A, 0x11CA, 0x19EB,
    0x19EB, 0x11CB, 0x11AA, 0x0969, 0x0948, 0x0148, 0x0128, 0x0128, 0x0128, 0x0128, 0x0128, 0x0128,
    0x0128, 0x0128, 0x0128, 0x0948, 0x0969, 0x098A, 0x11CB, 0x1A0C, 0x1A0D, 0x1A0C, 0x11EC, 0x11AB,
    0x0969, 0x0148, 0x0128, 0x0107, 0x0107, 0x0107, 0x0107, 0x0107, 0x0107, 0x0107, 0x0107, 0x0107,
    0x0107, 0x0128, 0x0948, 0x0989, 0x11CA, 0x11EB, 0x11EB, 0x11CB, 0x09AA, 0x0969, 0x0148, 0x0127,
    0x0107, 0x0107, 0x0107, 0x0107, 0x0107, 0x0107, 0x0107, 0x0107, 0x0107, 0x0107, 0x0128, 0x0948,
    0x0989, 0x11AA, 0x11CB, 0x11EB, 0x11CB, 0x11AA, 0x0989, 0x0969, 0x0148, 0x0148, 0x0148, 0x0148,
    0x0148, 0x0148, 0x0148, 0x0148, 0x0148, 0x0148, 0x0148, 0x0148, 0x0148, 0x0148, 0x0148, 0x0148,
    0x0148, 0x0148, 0x0148, 0x0148, 0x0148, 0x0148, 0x0148, 0x0148, 0x0128, 0x0128, 0x0128, 0x0128,
    0x0128, 0x0128, 0x0128, 0x0148, 0x0948, 0x0989, 0x11AA, 0x11CB, 0x19EC, 0x19EC, 0x11EB, 0x11AA,
    0x0989, 0x0969, 0x0148, 0x0148, 0x0148, 0x0128, 0x0148, 0x0148, 0x0148, 0x0148, 0x0148, 0x0148,
    0x0148, 0x0949, 0x0969, 0x11AA, 0x11CB, 0x19EC, 0x19EC, 0x1A0C, 0x1A0C, 0x1A0C, 0x1A2C, 0x222D,
    0x19EB, 0x1A0C, 0x1A0C, 0x1A0C, 0x11EB, 0x11CB, 0x09AA, 0x098A, 0x0969, 0x0969, 0x0969, 0x0969,
    0x0969, 0x0969, 0x0989, 0x0989, 0x0989, 0x0989, 0x0989, 0x0969, 0x0969, 0x0969, 0x0969, 0x0969,
    0x0969, 0x0969, 0x0969, 0x0969, 0x0969, 0x0969, 0x0969, 0x0969, 0x0969, 0x0969, 0x0969, 0x0969,
    0x0969, 0x0969, 0x0969, 0x0969, 0x098A, 0x11AA, 0x11EB, 0x1A0C, 0x1A0C, 0x1A0C, 0x11EC, 0x11CB,
    0x09AA, 0x098A, 0x0969, 0x0969, 0x0969, 0x0969, 0x0969, 0x0969, 0x0969, 0x0969, 0x0969, 0x0969,
    0x0969, 0x098A, 0x11AA, 0x11EB, 0x1A0C, 0x1A2D, 0x1A2D, 0x1A2D, 0x1A2D, 0x1A0C, 0x11EB, 0x11AA,
    0x0969, 0x0948, 0x0127, 0x0107, 0x0107, 0x0107, 0x0107, 0x0107, 0x0107, 0x0107, 0x0107, 0x0107,
    0x0107, 0x0107, 0x0107, 0x0107, 0x0107, 0x0107, 0x0107, 0x0107, 0x0107, 0x0107, 0x0107, 0x0107,
    0x0107, 0x0107, 0x0107, 0x0107, 0x0107, 0x0107, 0x0107, 0x0127, 0x0948, 0x0969, 0x11AA, 0x11CB,
    0x19EB, 0x19EB, 0x11CB, 0x11AA, 0x098A, 0x0969, 0x0969, 0x0969, 0x0969, 0x0969, 0x0969, 0x0969,
    0x0969, 0x0969, 0x0969, 0x0969, 0x098A, 0x11AA, 0x11CB, 0x1A0C, 0x1A2D, 0x1A2D, 0x1A2D, 0x11EC,
    0x09AA, 0x0969, 0x0128, 0x0127, 0x0107, 0x0107, 0x0107, 0x0107, 0x0107, 0x0107, 0x0107, 0x0107,
    0x0107, 0x0127, 0x0128, 0x0969, 0x118A, 0x11CB, 0x11EB, 0x11EB, 0x11AA, 0x0989, 0x0948, 0x0127,
    0x0107, 0x0107, 0x0107, 0x0107, 0x0107, 0x0107, 0x0107, 0x0107, 0x0107, 0x0107, 0x0127, 0x0128,
    0x0969, 0x098A, 0x11CB, 0x11EB, 0x19EC, 0x11EB, 0x11CB, 0x09AA, 0x0989, 0x0969, 0x0969, 0x0969,
    0x0969, 0x0969, 0x0969, 0x0969, 0x0969, 0x0969, 0x0969, 0x0969, 0x0969, 0x0969, 0x0969, 0x0969,
    0x0969, 0x0969, 0x0969, 0x0969, 0x0969, 0x0969, 0x0969, 0x0969, 0x0969, 0x0969, 0x0969, 0x0969,
    0x0969, 0x0969, 0x0969, 0x0969, 0x0969, 0x098A, 0x11CB, 0x19EC, 0x1A0C, 0x1A2D, 0x1A0C, 0x11EC,
    0x11CB, 0x098A, 0x098A, 0x0969, 0x0969, 0x0969, 0x0969, 0x0969, 0x0969, 0x0969, 0x0969, 0x0969,
    0x0969, 0x0969, 0x098A, 0x11AB, 0x11EB, 0x1A0C, 0x1A2D, 0x1A2D, 0x1A2D, 0x1A2D, 0x1A2D, 0x1A2C,
    0x11CB, 0x11EB, 0x1A0C, 0x1A0C, 0x1A0C, 0x11EC, 0x11CB, 0x11CB, 0x11AB, 0x11AA, 0x11AA, 0x11AA,
    0x11AA, 0x11AB, 0x11AB, 0x11AB, 0x11AB, 0x11AB, 0x11AB, 0x11AA, 0x11AA, 0x11AA, 0x11AA, 0x11AA,
    0x11AA, 0x11AA, 0x11AA, 0x09AA, 0x09AA, 0x09AA, 0x09AA, 0x09AA, 0x09AA, 0x09AA, 0x11AA, 0x11AA,
    0x11AA, 0x11AA, 0x11AA, 0x11AA, 0x11AA, 0x11CB, 0x19EC, 0x1A2D, 0x1A2D, 0x1A2D, 0x1A2D, 0x1A0C,
    0x11EB, 0x11CB, 0x11AB, 0x11AA, 0x11AA, 0x11AA, 0x11AA, 0x11AA, 0x11AA, 0x11AA, 0x11AA, 0x11AA,
    0x11AA, 0x11CB, 0x11CB, 0x1A0C, 0x1A2D, 0x224E, 0x226E, 0x224E, 0x222D, 0x1A0C, 0x11CB, 0x098A,
    0x0969, 0x0128, 0x0127, 0x0107, 0x0107, 0x0107, 0x0107, 0x0107, 0x0107, 0x0107, 0x0107, 0x0107,
    0x0107, 0x0107, 0x0107, 0x0107, 0x0107, 0x0107, 0x0107, 0x0107, 0x0107, 0x0107, 0x0107, 0x0107,
    0x0107, 0x0107, 0x0107, 0x0107, 0x0107, 0x0107, 0x0107, 0x0107, 0x0128, 0x0948, 0x098A, 0x11CB,
    0x19EC, 0x1A0C, 0x1A0C, 0x11EB, 0x11CB, 0x11AA, 0x11AA, 0x11AA, 0x11AA, 0x11AA, 0x11AA, 0x11AA,
    0x11AA, 0x118A, 0x11AA, 0x11AA, 0x11AA, 0x11CB, 0x11EC, 0x1A2D, 0x1A4E, 0x224E, 0x1A4E, 0x1A0D,
    0x11CB, 0x098A, 0x0149, 0x0128, 0x0107, 0x0107, 0x0107, 0x0107, 0x0107, 0x0107, 0x0107, 0x0107,
    0x0107, 0x0107, 0x0127, 0x0948, 0x0969, 0x11AA, 0x11CB, 0x11EB, 0x11CB, 0x11AA, 0x0969, 0x0148,
    0x0127, 0x0107, 0x0107, 0x0107, 0x0107, 0x0107, 0x0107, 0x0107, 0x0107, 0x0107, 0x0107, 0x0127,
    0x0948, 0x0989, 0x11CB, 0x11EC, 0x1A0C, 0x1A0C, 0x11EC, 0x11EB, 0x11CB, 0x11AA, 0x11AA, 0x11AA,
    0x11AA, 0x11AA, 0x11AA, 0x11AA, 0x11AA, 0x11AA, 0x11AA, 0x11AA, 0x11AA, 0x11AA, 0x11AA, 0x11AA,
    0x11AA, 0x11AA, 0x11AA, 0x11AA, 0x11AA, 0x11AA, 0x11AA, 0x11AA, 0x118A, 0x118A, 0x118A, 0x11AA,
    0x11AA, 0x11AA, 0x11AA, 0x11AA, 0x11AA, 0x11CB, 0x11EB, 0x1A0C, 0x1A2D, 0x1A4D, 0x1A4D, 0x1A2D,
    0x1A0C, 0x11CB, 0x11CB, 0x11AB, 0x11AA, 0x11AA, 0x11AA, 0x11AA, 0x11AA, 0x11AA, 0x11AA, 0x11AA,
    0x11AA, 0x11AA, 0x11CB, 0x11CB, 0x1A0C, 0x1A2D, 0x1A2D, 0x224D, 0x224D, 0x1A2D, 0x1A0C, 0x19EC,
    0x11AA, 0x11CB, 0x19EC, 0x1A2C, 0x1A2D, 0x1A0C, 0x1A0C, 0x11EC, 0x11EB, 0x11CB, 0x11CB, 0x11EB,
    0x11EB, 0x11CB, 0x11EC, 0x11EC, 0x11EC, 0x11EB, 0x11EB, 0x11EB, 0x11EB, 0x11CB, 0x11CB, 0x11CB,
    0x11CB, 0x11CB, 0x11CB, 0x11CB, 0x11CB, 0x11CB, 0x11CB, 0x11CB, 0x11CB, 0x11CB, 0x11CB, 0x11CB,
    0x11CB, 0x11CB, 0x11CB, 0x11CB, 0x11CB, 0x19EC, 0x1A0C, 0x1A2D, 0x224E, 0x226E, 0x224D, 0x1A2D,
    0x1A0C, 0x19EC, 0x11EB, 0x11EB, 0x11EB, 0x11EB, 0x11EB, 0x11EB, 0x11EB, 0x11CB, 0x11CB, 0x11CB,
    0x11CB, 0x11EC, 0x1A0C, 0x1A2D, 0x1A4D, 0x226E, 0x226E, 0x226E, 0x1A2D, 0x19EC, 0x11AA, 0x0969,
    0x0148, 0x0127, 0x0107, 0x0107, 0x0107, 0x0107, 0x0107, 0x0107, 0x0107, 0x0107, 0x0107, 0x0107,
    0x0107, 0x0107, 0x0107, 0x0107, 0x0107, 0x0107, 0x0107, 0x0107, 0x0107, 0x0107, 0x0107, 0x0107,
    0x0107, 0x0107, 0x0107, 0x0107, 0x0107, 0x0107, 0x0107, 0x0107, 0x0127, 0x0948, 0x0989, 0x11CA,
    0x19EC, 0x1A0C, 0x1A2C, 0x1A0C, 0x19EC, 0x11EB, 0x11CB, 0x11CB, 0x11CB, 0x11CB, 0x11CB, 0x11CB,
    0x11CB, 0x11CB, 0x11CB, 0x11CB, 0x11EB, 0x19EC, 0x1A0C, 0x1A2D, 0x226E, 0x226E, 0x226E, 0x1A4E,
    0x120C, 0x09AB, 0x0969, 0x0148, 0x0127, 0x0107, 0x0107, 0x0107, 0x0107, 0x0107, 0x0107, 0x0107,
    0x0107, 0x0107, 0x0107, 0x0128, 0x0948, 0x1189, 0x11CA, 0x11EB, 0x11EB, 0x11CA, 0x0989, 0x0948,
    0x0128, 0x0127, 0x0107, 0x0107, 0x0107, 0x0107, 0x0107, 0x0107, 0x0107, 0x0107, 0x0107, 0x0127,
    0x0148, 0x0969, 0x11AA, 0x11EC, 0x1A0C, 0x1A2D, 0x1A2C, 0x1A0C, 0x11EC, 0x11EB, 0x11EB, 0x11EB,
    0x11EB, 0x11EB, 0x11EB, 0x11EB, 0x11EB, 0x11EB, 0x11EB, 0x11EB, 0x11EB, 0x11EB, 0x11EB, 0x11EB,
    0x11EB, 0x11CB, 0x11EB, 0x11EB, 0x11CB, 0x11CB, 0x11CB, 0x11CB, 0x11CB, 0x11CB, 0x11CB, 0x11CB,
    0x11CB, 0x11CB, 0x11CB, 0x11CB, 0x11CB, 0x11EB, 0x1A0C, 0x1A2D, 0x1A4E, 0x226E, 0x226E, 0x1A4E,
    0x1A2D, 0x1A0C, 0x11EC, 0x11EC, 0x11EB, 0x11EB, 0x11EB, 0x11EB, 0x11EB, 0x11EB, 0x11CB, 0x11CB,
    0x11CB, 0x11CB, 0x11EB, 0x11EC, 0x1A0D, 0x1A2D, 0x224E, 0x224E, 0x1A4D, 0x1A0D, 0x19EC, 0x11CB,
    0x098A, 0x11CB, 0x19EC, 0x1A2D, 0x1A2D, 0x1A2D, 0x1A0C, 0x19EC, 0x11EC, 0x11EC, 0x11EB, 0x11EB,
    0x11EB, 0x11EC, 0x11EC, 0x11EC, 0x11EC, 0x11EC, 0x11EC, 0x11EC, 0x11EB, 0x11EB, 0x11EB, 0x11EB,
    0x11EB, 0x11EB, 0x11EB, 0x11EB, 0x11EB, 0x11CB, 0x11CB, 0x11CB, 0x11CB, 0x11CB, 0x11CB, 0x11CB,
    0x11CB, 0x11CB, 0x11CB, 0x11CB, 0x19EB, 0x19EC, 0x1A0D, 0x1A4D, 0x226E, 0x226E, 0x224E, 0x1A4D,
    0x1A2C, 0x1A0C, 0x19EC, 0x11EC, 0x11EC, 0x11EC, 0x11EC, 0x11EB, 0x11EB, 0x11EB, 0x11EB, 0x11EB,
    0x11EC, 0x19EC, 0x1A0C, 0x1A2D, 0x224E, 0x226E, 0x226E, 0x224E, 0x1A2D, 0x11EB, 0x098A, 0x0969,
    0x0128, 0x0127, 0x0107, 0x0107, 0x0107, 0x0107, 0x0107, 0x0107, 0x0107, 0x0107, 0x0107, 0x0107,
    0x0107, 0x0107, 0x0107, 0x0107, 0x0107, 0x0107, 0x0107, 0x0107, 0x0107, 0x0107, 0x0107, 0x0107,
    0x0107, 0x0107, 0x0107, 0x0107, 0x0107, 0x0107, 0x0107, 0x0107, 0x0127, 0x0948, 0x0969, 0x11AA,
    0x19EC, 0x1A2C, 0x1A2D, 0x1A2C, 0x1A0C, 0x1A0C, 0x11EB, 0x11EB, 0x11EB, 0x11EB, 0x11EB, 0x11EB,
    0x11EB, 0x19EB, 0x19EB, 0x11EB, 0x19EC, 0x19EC, 0x1A0D, 0x1A4D, 0x226E, 0x228F, 0x228F, 0x226E,
    0x1A2D, 0x11CB, 0x098A, 0x0149, 0x0128, 0x0107, 0x0107, 0x0107, 0x0107, 0x0107, 0x0107, 0x0107,
    0x0107, 0x0107, 0x0107, 0x0127, 0x0148, 0x0969, 0x11AA, 0x11CB, 0x19EB, 0x11CB, 0x11AA, 0x0969,
    0x0148, 0x0127, 0x0107, 0x0107, 0x0107, 0x0107, 0x0107, 0x0107, 0x0107, 0x0107, 0x0107, 0x0127,
    0x0148, 0x0969, 0x11AA, 0x11EC, 0x1A2C, 0x1A2D, 0x1A2D, 0x1A0C, 0x1A0C, 0x11EC, 0x11EB, 0x11EB,
    0x11EB, 0x11EC, 0x11EC, 0x11EC, 0x11EC, 0x11EC, 0x11EC, 0x11EC, 0x11EC, 0x11EC, 0x11EC, 0x11EC,
    0x11EC, 0x11EB, 0x11EB, 0x11EB, 0x11EB, 0x11EB, 0x11EB, 0x11CB, 0x11CB, 0x11CB, 0x11CB, 0x11CB,
    0x11EB, 0x11EB, 0x11EB, 0x11EB, 0x11EC, 0x19EC, 0x1A0C, 0x1A2D, 0x1A4E, 0x226E, 0x226E, 0x226E,
    0x1A4D, 0x1A2D, 0x1A0C, 0x11EC, 0x11EC, 0x11EC, 0x11EC, 0x11EC, 0x11EC, 0x11EB, 0x11EB, 0x11EB,
    0x11EB, 0x11EB, 0x11EC, 0x1A0C, 0x1A0D, 0x1A2D, 0x224E, 0x224E, 0x1A2D, 0x19EC, 0x11CB, 0x118A,
    0x11AA, 0x11CB, 0x19EC, 0x1A0C, 0x1A0C, 0x1A0C, 0x19EC, 0x11CB, 0x11CB, 0x11CB, 0x11CB, 0x11CB,
    0x11CB, 0x11CB, 0x11CB, 0x11CB, 0x11CB, 0x11CB, 0x11CB, 0x11CB, 0x11CB, 0x11CB, 0x11CB, 0x11CB,
    0x11CB, 0x11CB, 0x11CB, 0x11CB, 0x11CB, 0x11CB, 0x11CB, 0x11AB, 0x11AB, 0x11AB, 0x11AB, 0x11CB,
    0x11CB, 0x11CA, 0x11CB, 0x11CB, 0x11CB, 0x19EC, 0x1A0C, 0x1A2D, 0x224E, 0x224E, 0x1A4D, 0x1A2D,
    0x1A0C, 0x11EC, 0x11EB, 0x11CB, 0x11CB, 0x11CB, 0x11CB, 0x11CB, 0x11CB, 0x11CB, 0x11CB, 0x11CB,
    0x11CB, 0x11EC, 0x1A0C, 0x1A2D, 0x1A4D, 0x226E, 0x226E, 0x1A4D, 0x1A0C, 0x11AA, 0x0969, 0x0148,
    0x0127, 0x0107, 0x0107, 0x0107, 0x0107, 0x0107, 0x0107, 0x0107, 0x0107, 0x0107, 0x0107, 0x0107,
    0x0107, 0x0107, 0x0107, 0x0107, 0x0107, 0x0107, 0x0107, 0x0107, 0x0107, 0x0107, 0x0107, 0x0107,
    0x0107, 0x0107, 0x0106, 0x0107, 0x0107, 0x0107, 0x0107, 0x0107, 0x0127, 0x0948, 0x0989, 0x11CA,
    0x19EC, 0x1A2C, 0x1A2C, 0x1A0C, 0x19EC, 0x11EB, 0x11CB, 0x11CB, 0x11CB, 0x11CB, 0x11CB, 0x11CB,
    0x11CB, 0x11CB, 0x11CB, 0x11CB, 0x11CB, 0x11EC, 0x1A0C, 0x1A2D, 0x226E, 0x228F, 0x228F, 0x226F,
    0x1A4D, 0x120C, 0x11AB, 0x0969, 0x0148, 0x0127, 0x0107, 0x0107, 0x0107, 0x0107, 0x0107, 0x0107,
    0x0107, 0x0107, 0x0107, 0x0107, 0x0128, 0x0948, 0x0989, 0x11AA, 0x11CB, 0x11EB, 0x11CA, 0x0989,
    0x0968, 0x0128, 0x0127, 0x0107, 0x0107, 0x0107, 0x0107, 0x0107, 0x0107, 0x0107, 0x0107, 0x0127,
    0x0148, 0x0969, 0x11AA, 0x11EC, 0x1A0C, 0x1A2D, 0x1A0C, 0x1A0C, 0x11EB, 0x11CB, 0x11CB, 0x11CB,
    0x11CB, 0x11CB, 0x11CB, 0x11CB, 0x11CB, 0x11CB, 0x11CB, 0x11CB, 0x11CB, 0x11CB, 0x11CB, 0x11CB,
    0x11CB, 0x11CB, 0x11CB, 0x11CB, 0x11CB, 0x11CB, 0x11CB, 0x11CB, 0x11AB, 0x11AB, 0x11AB, 0x11CB,
    0x11CB, 0x11CB, 0x11CB, 0x11CB, 0x11CB, 0x11EC, 0x1A0C, 0x1A2D, 0x1A4E, 0x226E, 0x226E, 0x1A4E,
    0x1A2D, 0x1A0C, 0x11EC, 0x11EC, 0x11CB, 0x11CB, 0x11CB, 0x11CB, 0x11CB, 0x11CB, 0x11CB, 0x11CB,
    0x11CB, 0x11CB, 0x11CB, 0x11EC, 0x1A0C, 0x1A2D, 0x1A2D, 0x1A2D, 0x1A0C, 0x11CB, 0x098A, 0x0969,
    0x11AB, 0x11CB, 0x19EC, 0x1A0C, 0x19EC, 0x11EB, 0x11CB, 0x11AA, 0x098A, 0x098A, 0x098A, 0x098A,
    0x098A, 0x098A, 0x098A, 0x098A, 0x098A, 0x098A, 0x098A, 0x098A, 0x098A, 0x098A, 0x098A, 0x098A,
    0x098A, 0x098A, 0x098A, 0x098A, 0x098A, 0x098A, 0x098A, 0x098A, 0x098A, 0x098A, 0x098A, 0x098A,
    0x098A, 0x098A, 0x098A, 0x118A, 0x11AA, 0x11CB, 0x19EC, 0x1A2D, 0x1A2D, 0x1A2D, 0x1A0C, 0x11EC,
    0x11CB, 0x11AA, 0x11AA, 0x11AA, 0x098A, 0x098A, 0x098A, 0x098A, 0x098A, 0x098A, 0x118A, 0x11AA,
    0x11AA, 0x11CB, 0x11EB, 0x1A0C, 0x1A2D, 0x1A4D, 0x1A4D, 0x1A0C, 0x11CB, 0x098A, 0x0968, 0x0128,
    0x0127, 0x0107, 0x0107, 0x0107, 0x0107, 0x0107, 0x0107, 0x0107, 0x0107, 0x0107, 0x0107, 0x0107,
    0x0107, 0x0107, 0x0107, 0x0107, 0x0107, 0x0107, 0x0107, 0x0107, 0x0107, 0x0107, 0x0107, 0x0107,
    0x0107, 0x0107, 0x0106, 0x0107, 0x0107, 0x0107, 0x0107, 0x0107, 0x0128, 0x0948, 0x098A, 0x11CB,
    0x1A0C, 0x1A0C, 0x1A0C, 0x11EB, 0x11CB, 0x11AA, 0x11AA, 0x098A, 0x098A, 0x098A, 0x098A, 0x098A,
    0x118A, 0x118A, 0x118A, 0x118A, 0x11AA, 0x11CB, 0x11EC, 0x1A0D, 0x1A4E, 0x226E, 0x228F, 0x226E,
    0x1A4E, 0x1A0C, 0x11CB, 0x098A, 0x0949, 0x0128, 0x0107, 0x0107, 0x0107, 0x0107, 0x0107, 0x0107,
    0x0107, 0x0107, 0x0107, 0x0107, 0x0127, 0x0148, 0x0969, 0x11AA, 0x11CA, 0x11EB, 0x11CB, 0x11AA,
    0x0989, 0x0948, 0x0127, 0x0107, 0x0107, 0x0107, 0x0107, 0x0107, 0x0107, 0x0107, 0x0107, 0x0128,
    0x0948, 0x0989, 0x11AA, 0x11EB, 0x1A0C, 0x19EC, 0x11EB, 0x11CB, 0x11AA, 0x11AA, 0x09AA, 0x098A,
    0x098A, 0x098A, 0x098A, 0x098A, 0x098A, 0x098A, 0x098A, 0x098A, 0x098A, 0x098A, 0x118A, 0x118A,
    0x098A, 0x098A, 0x098A, 0x098A, 0x098A, 0x098A, 0x098A, 0x098A, 0x098A, 0x098A, 0x098A, 0x098A,
    0x118A, 0x098A, 0x098A, 0x11AA, 0x11AA, 0x11CB, 0x11EC, 0x1A0D, 0x1A4D, 0x1A4E, 0x1A4D, 0x1A2D,
    0x11EC, 0x11CB, 0x11AB, 0x09AA, 0x09AA, 0x09AA, 0x098A, 0x098A, 0x098A, 0x098A, 0x098A, 0x098A,
    0x098A, 0x09AA, 0x11AB, 0x11CB, 0x11EC, 0x1A0D, 0x1A2D, 0x1A0C, 0x11EB, 0x11AA, 0x0969, 0x0948,
    0x11EB, 0x19EB, 0x19EB, 0x19EB, 0x11CB, 0x11AA, 0x0989, 0x0969, 0x0969, 0x0949, 0x0949, 0x0949,
    0x0949, 0x0949, 0x0949, 0x0949, 0x0969, 0x0969, 0x0969, 0x0969, 0x0969, 0x0969, 0x0949, 0x0949,
    0x0948, 0x0948, 0x0948, 0x0948, 0x0948, 0x0948, 0x0948, 0x0949, 0x0949, 0x0949, 0x0949, 0x0948,
    0x0948, 0x0948, 0x0949, 0x0969, 0x098A, 0x11AA, 0x11EB, 0x1A0C, 0x1A0C, 0x1A0C, 0x11EB, 0x11AA,
    0x098A, 0x0969, 0x0969, 0x0969, 0x0949, 0x0949, 0x0949, 0x0949, 0x0949, 0x0949, 0x0969, 0x0969,
    0x0969, 0x098A, 0x11CB, 0x11EC, 0x1A2D, 0x1A2D, 0x1A0C, 0x11EB, 0x11AA, 0x0969, 0x0148, 0x0127,
    0x0107, 0x0107, 0x0107, 0x0107, 0x0107, 0x0107, 0x0107, 0x0107, 0x0107, 0x0107, 0x0107, 0x0107,
    0x0107, 0x0107, 0x0107, 0x0107, 0x0107, 0x0107, 0x0107, 0x0107, 0x0107, 0x0107, 0x0107, 0x0107,
    0x0107, 0x0106, 0x0106, 0x0107, 0x0107, 0x0107, 0x0107, 0x0127, 0x0948, 0x0969, 0x11AA, 0x11EB,
    0x19EC, 0x19EC, 0x11CB, 0x11AA, 0x098A, 0x0969, 0x0969, 0x0969, 0x0969, 0x0949, 0x0948, 0x0948,
    0x0948, 0x0969, 0x0969, 0x0969, 0x0989, 0x09AA, 0x11CB, 0x1A0C, 0x1A2D, 0x1A4E, 0x226E, 0x224E,
    0x1A4D, 0x1A2D, 0x11EC, 0x11AA, 0x0969, 0x0148, 0x0127, 0x0107, 0x0107, 0x0107, 0x0107, 0x0107,
    0x0107, 0x0107, 0x0107, 0x0107, 0x0107, 0x0128, 0x0948, 0x0989, 0x11AA, 0x11CB, 0x11EB, 0x11CB,
    0x11AA, 0x0969, 0x0148, 0x0127, 0x0107, 0x0107, 0x0107, 0x0107, 0x0107, 0x0107, 0x0127, 0x0148,
    0x0969, 0x098A, 0x11CB, 0x11EB, 0x11EB, 0x11CB, 0x11AA, 0x0989, 0x0969, 0x0969, 0x0969, 0x0949,
    0x0949, 0x0949, 0x0949, 0x0949, 0x0949, 0x0949, 0x0949, 0x0969, 0x0969, 0x0969, 0x0969, 0x0969,
    0x0969, 0x0949, 0x0949, 0x0949, 0x0949, 0x0949, 0x0949, 0x0949, 0x0949, 0x0949, 0x0949, 0x0949,
    0x0949, 0x0949, 0x0969, 0x0969, 0x098A, 0x09AA, 0x11CB, 0x1A0C, 0x1A2D, 0x1A2D, 0x1A0D, 0x11EC,
    0x11AB, 0x098A, 0x098A, 0x0969, 0x0969, 0x0969, 0x0969, 0x0969, 0x0969, 0x0949, 0x0949, 0x0969,
    0x0969, 0x0969, 0x098A, 0x11AB, 0x11EB, 0x1A0C, 0x1A0C, 0x11EC, 0x11AB, 0x098A, 0x0948, 0x0128,
    0x1A0C, 0x1A0C, 0x19EB, 0x11CB, 0x11AA, 0x0969, 0x0948, 0x0128, 0x0128, 0x0128, 0x0128, 0x0128,
    0x0128, 0x0128, 0x0128, 0x0128, 0x0128, 0x0128, 0x0128, 0x0128, 0x0128, 0x0128, 0x0128, 0x0128,
    0x0128, 0x0128, 0x0128, 0x0128, 0x0128, 0x0128, 0x0128, 0x0128, 0x0128, 0x0128, 0x0128, 0x0128,
    0x0128, 0x0128, 0x0148, 0x0949, 0x0989, 0x11AA, 0x11CB, 0x19EC, 0x11EC, 0x11EB, 0x11AA, 0x0989,
    0x0149, 0x0148, 0x0128, 0x0128, 0x0128, 0x0128, 0x0128, 0x0128, 0x0128, 0x0128, 0x0128, 0x0148,
    0x0969, 0x0989, 0x11AB, 0x11EC, 0x1A0C, 0x1A0C, 0x19EC, 0x11CB, 0x0989, 0x0148, 0x0127, 0x0127,
    0x0107, 0x0107, 0x0107, 0x0107, 0x0107, 0x0107, 0x0107, 0x0107, 0x0107, 0x0107, 0x0107, 0x0107,
    0x0107, 0x0107, 0x0107, 0x0107, 0x0107, 0x0107, 0x0107, 0x0107, 0x0107, 0x0107, 0x0107, 0x0107,
    0x0107, 0x0107, 0x0107, 0x0107, 0x0107, 0x0107, 0x0107, 0x0128, 0x0968, 0x0989, 0x11CB, 0x11EB,
    0x19EB, 0x11CB, 0x11AA, 0x0989, 0x0969, 0x0148, 0x0128, 0x0128, 0x0128, 0x0128, 0x0128, 0x0128,
    0x0128, 0x0128, 0x0128, 0x0148, 0x0969, 0x098A, 0x11CB, 0x11EC, 0x1A2D, 0x1A2D, 0x1A2D, 0x1A2D,
    0x1A2D, 0x1A0C, 0x19EC, 0x11CB, 0x098A, 0x0949, 0x0128, 0x0127, 0x0107, 0x0107, 0x0107, 0x0107,
    0x0107, 0x0107, 0x0107, 0x0107, 0x0107, 0x0127, 0x0128, 0x0969, 0x118A, 0x11CA, 0x11EB, 0x11EB,
    0x11CA, 0x0989, 0x0948, 0x0128, 0x0127, 0x0107, 0x0107, 0x0107, 0x0107, 0x0107, 0x0128, 0x0948,
    0x0989, 0x11AA, 0x11CB, 0x11CB, 0x11CB, 0x11AA, 0x0969, 0x0948, 0x0128, 0x0128, 0x0128, 0x0128,
    0x0128, 0x0128, 0x0128, 0x0128, 0x0128, 0x0128, 0x0128, 0x0128, 0x0128, 0x0128, 0x0128, 0x0128,
    0x0128, 0x0128, 0x0128, 0x0128, 0x0128, 0x0128, 0x0128, 0x0128, 0x0128, 0x0128, 0x0128, 0x0128,
    0x0128, 0x0128, 0x0128, 0x0949, 0x0969, 0x098A, 0x11CB, 0x19EC, 0x1A0C, 0x1A0C, 0x11EC, 0x09AB,
    0x098A, 0x0969, 0x0149, 0x0148, 0x0148, 0x0148, 0x0128, 0x0128, 0x0128, 0x0128, 0x0128, 0x0128,
    0x0148, 0x0949, 0x0989, 0x11AA, 0x11EB, 0x19EC, 0x11EC, 0x11CB, 0x098A, 0x0969, 0x0128, 0x0127,
    0x1A0C, 0x1A0C, 0x19EB, 0x11AA, 0x0969, 0x0948, 0x0128, 0x0107, 0x0107, 0x0107, 0x0107, 0x0107,
    0x0107, 0x0107, 0x0107, 0x0107, 0x0107, 0x0107, 0x0107, 0x0107, 0x0107, 0x0107, 0x0107, 0x0107,
    0x0127, 0x0127, 0x0107, 0x0107, 0x0107, 0x0107, 0x0107, 0x0107, 0x0107, 0x0107, 0x0107, 0x0107,
    0x0107, 0x0127, 0x0128, 0x0948, 0x0989, 0x11CA, 0x11EB, 0x11EC, 0x11EB, 0x11AA, 0x0989, 0x0149,
    0x0128, 0x0127, 0x0127, 0x0107, 0x0107, 0x0107, 0x0107, 0x0107, 0x0107, 0x0107, 0x0127, 0x0128,
    0x0948, 0x0989, 0x11CB, 0x11EB, 0x1A0C, 0x19EC, 0x11CB, 0x098A, 0x0969, 0x0148, 0x0127, 0x0107,
    0x0107, 0x0107, 0x0107, 0x0107, 0x0107, 0x0107, 0x0107, 0x0107, 0x0107, 0x0107, 0x0107, 0x0107,
    0x0107, 0x0107, 0x0107, 0x0107, 0x0107, 0x0107, 0x0107, 0x0107, 0x0107, 0x0107, 0x0107, 0x0107,
    0x0107, 0x0107, 0x0107, 0x0107, 0x0107, 0x0107, 0x0127, 0x0948, 0x0969, 0x11AA, 0x11EB, 0x19EB,
    0x11EB, 0x11AA, 0x0989, 0x0949, 0x0128, 0x0128, 0x0127, 0x0127, 0x0127, 0x0107, 0x0107, 0x0107,
    0x0107, 0x0127, 0x0127, 0x0148, 0x0969, 0x098A, 0x11CB, 0x19EC, 0x1A0C, 0x1A0C, 0x1A0C, 0x11EC,
    0x19EC, 0x1A0C, 0x19EC, 0x11EB, 0x11AA, 0x0969, 0x0148, 0x0127, 0x0107, 0x0107, 0x0107, 0x0107,
    0x0107, 0x0107, 0x0107, 0x0107, 0x0107, 0x0107, 0x0127, 0x0148, 0x0969, 0x11AA, 0x11CB, 0x11EB,
    0x11CB, 0x11AA, 0x0969, 0x0948, 0x0127, 0x0107, 0x0107, 0x0107, 0x0107, 0x0127, 0x0148, 0x0969,
    0x11AA, 0x11CA, 0x11CB, 0x11CA, 0x11AA, 0x0969, 0x0948, 0x0128, 0x0107, 0x0107, 0x0107, 0x0107,
    0x0107, 0x0107, 0x0107, 0x0107, 0x0107, 0x0107, 0x0107, 0x0107, 0x0107, 0x0107, 0x0107, 0x0107,
    0x0107, 0x0107, 0x0107, 0x0107, 0x0107, 0x0107, 0x0107, 0x0107, 0x0107, 0x0107, 0x0107, 0x0107,
    0x0127, 0x0128, 0x0128, 0x0148, 0x0969, 0x09AA, 0x11CB, 0x19EC, 0x1A0C, 0x11EC, 0x11CB, 0x098A,
    0x0169, 0x0148, 0x0128, 0x0128, 0x0128, 0x0127, 0x0127, 0x0127, 0x0127, 0x0127, 0x0127, 0x0128,
    0x0128, 0x0949, 0x098A, 0x11CB, 0x11EB, 0x11EB, 0x11CB, 0x11AA, 0x0969, 0x0148, 0x0127, 0x0107,
    0x1A0C, 0x19EC, 0x11CB, 0x1189, 0x0948, 0x0128, 0x0107, 0x0107, 0x0107, 0x0107, 0x0107, 0x0107,
    0x0107, 0x0107, 0x0107, 0x0107, 0x0107, 0x0107, 0x0107, 0x0107, 0x0107, 0x0107, 0x0107, 0x0107,
    0x0107, 0x0107, 0x0107, 0x0107, 0x0107, 0x0107, 0x0107, 0x0107, 0x0107, 0x0107, 0x0107, 0x0107,
    0x0107, 0x0127, 0x0148, 0x0969, 0x09AA, 0x11CB, 0x11EB, 0x11EB, 0x11CB, 0x098A, 0x0969, 0x0148,
    0x0127, 0x0107, 0x0107, 0x0107, 0x0107, 0x0107, 0x0107, 0x0107, 0x0107, 0x0107, 0x0127, 0x0128,
    0x0969, 0x098A, 0x11CB, 0x19EC, 0x1A0C, 0x11EB, 0x11AA, 0x0969, 0x0148, 0x0127, 0x0107, 0x0107,
    0x0107, 0x0107, 0x0107, 0x0107, 0x0107, 0x0107, 0x0107, 0x0107, 0x0107, 0x0107, 0x0107, 0x0107,
    0x0107, 0x0107, 0x0107, 0x0107, 0x0107, 0x0107, 0x0107, 0x0107, 0x0107, 0x0107, 0x0107, 0x0107,
    0x0107, 0x0107, 0x0107, 0x0107, 0x0107, 0x0127, 0x0148, 0x0969, 0x11AA, 0x11CB, 0x19EB, 0x11EB,
    0x11CB, 0x098A, 0x0969, 0x0148, 0x0127, 0x0107, 0x0107, 0x0107, 0x0107, 0x0107, 0x0107, 0x0107,
    0x0107, 0x0107, 0x0127, 0x0148, 0x0969, 0x11AA, 0x11EB, 0x19EC, 0x19EC, 0x11EB, 0x11CB, 0x11AB,
    0x11CB, 0x11EB, 0x19EC, 0x19EB, 0x11CB, 0x098A, 0x0969, 0x0148, 0x0127, 0x0107, 0x0107, 0x0107,
    0x0107, 0x0107, 0x0107, 0x0107, 0x0107, 0x0107, 0x0107, 0x0128, 0x0968, 0x098A, 0x11CA, 0x11EB,
    0x11EB, 0x11CB, 0x098A, 0x0969, 0x0148, 0x0127, 0x0107, 0x0107, 0x0127, 0x0128, 0x0948, 0x0989,
    0x11AA, 0x11CB, 0x11CB, 0x11AA, 0x0989, 0x0948, 0x0128, 0x0107, 0x0107, 0x0107, 0x0107, 0x0107,
    0x0107, 0x0107, 0x0107, 0x0107, 0x0107, 0x0107, 0x0107, 0x0107, 0x0107, 0x0107, 0x0107, 0x0107,
    0x0107, 0x0107, 0x0107, 0x0107, 0x0107, 0x0107, 0x0107, 0x0107, 0x0107, 0x0107, 0x0107, 0x0107,
    0x0107, 0x0127, 0x0128, 0x0949, 0x098A, 0x11AB, 0x11EC, 0x1A0C, 0x11EC, 0x11CB, 0x098A, 0x0969,
    0x0148, 0x0128, 0x0128, 0x0127, 0x0107, 0x0107, 0x0107, 0x0107, 0x0107, 0x0107, 0x0127, 0x0128,
    0x0148, 0x0969, 0x11AA, 0x11CB, 0x11EB, 0x11EB, 0x11CB, 0x098A, 0x0949, 0x0128, 0x0127, 0x0107,
    0x1A0C, 0x19CB, 0x11AA, 0x0969, 0x0148, 0x0127, 0x0107, 0x0107, 0x0107, 0x0107, 0x0107, 0x0107,
    0x0107, 0x0107, 0x0107, 0x0107, 0x0107, 0x0107, 0x0107, 0x0107, 0x0107, 0x0107, 0x0107, 0x0107,
    0x0107, 0x0107, 0x0107, 0x0107, 0x0107, 0x0107, 0x0107, 0x0107, 0x0107, 0x0107, 0x0107, 0x0107,
    0x0127, 0x0128, 0x0968, 0x0989, 0x11CA, 0x11EB, 0x11EB, 0x11CB, 0x11AA, 0x0969, 0x0148, 0x0128,
    0x0107, 0x0107, 0x0107, 0x0107, 0x0107, 0x0107, 0x0107, 0x0107, 0x0107, 0x0107, 0x0127, 0x0948,
    0x0989, 0x11AA, 0x11EB, 0x1A0C, 0x11EB, 0x11CA, 0x0989, 0x0968, 0x0128, 0x0127, 0x0107, 0x0107,
    0x0107, 0x0107, 0x0107, 0x0107, 0x0107, 0x0107, 0x0107, 0x0107, 0x0107, 0x0107, 0x0107, 0x0107,
    0x0107, 0x0107, 0x0107, 0x0107, 0x0107, 0x0107, 0x0107, 0x0107, 0x0107, 0x0107, 0x0107, 0x0107,
    0x0107, 0x0107, 0x0107, 0x0107, 0x0107, 0x0128, 0x0948, 0x0989, 0x11CA, 0x11EB, 0x19EB, 0x11CB,
    0x11AA, 0x0969, 0x0148, 0x0127, 0x0107, 0x0107, 0x0107, 0x0107, 0x0107, 0x0107, 0x0107, 0x0107,
    0x0107, 0x0127, 0x0128, 0x0969, 0x098A, 0x11CB, 0x11EB, 0x19EC, 0x11EB, 0x11AA, 0x098A, 0x098A,
    0x098A, 0x11CA, 0x11EB, 0x19EB, 0x11EB, 0x11AA, 0x0989, 0x0948, 0x0128, 0x0127, 0x0107, 0x0107,
    0x0107, 0x0107, 0x0107, 0x0107, 0x0107, 0x0107, 0x0107, 0x0127, 0x0148, 0x0969, 0x11AA, 0x11CB,
    0x11EB, 0x11EB, 0x11AA, 0x0989, 0x0948, 0x0128, 0x0127, 0x0127, 0x0128, 0x0948, 0x0969, 0x11AA,
    0x11CA, 0x11CB, 0x11AA, 0x0989, 0x0969, 0x0148, 0x0127, 0x0107, 0x0107, 0x0107, 0x0107, 0x0107,
    0x0107, 0x0107, 0x0107, 0x0107, 0x0107, 0x0107, 0x0107, 0x0107, 0x0107, 0x0107, 0x0107, 0x0107,
    0x0107, 0x0107, 0x0107, 0x0107, 0x0107, 0x0107, 0x0107, 0x0107, 0x0107, 0x0107, 0x0107, 0x0107,
    0x0107, 0x0127, 0x0148, 0x0969, 0x09AA, 0x11CB, 0x11EC, 0x1A0C, 0x11EB, 0x09AA, 0x0969, 0x0149,
    0x0128, 0x0128, 0x0127, 0x0127, 0x0107, 0x0107, 0x0107, 0x0107, 0x0107, 0x0107, 0x0127, 0x0128,
    0x0949, 0x098A, 0x11CB, 0x11EB, 0x11EB, 0x11CB, 0x11AA, 0x0969, 0x0148, 0x0127, 0x0107, 0x0107,
    0x11CB, 0x11AA, 0x0969, 0x0948, 0x0127, 0x0107, 0x0107, 0x0107, 0x0107, 0x0107, 0x0107, 0x0107,
    0x0107, 0x0107, 0x0107, 0x0107, 0x0107, 0x0107, 0x0107, 0x0107, 0x0107, 0x0107, 0x0107, 0x0107,
    0x0107, 0x0107, 0x0107, 0x0107, 0x0107, 0x0107, 0x0107, 0x0107, 0x0107, 0x0107, 0x0107, 0x0107,
    0x0127, 0x0148, 0x0969, 0x11AA, 0x11EB, 0x11EB, 0x11EB, 0x11CA, 0x0989, 0x0948, 0x0128, 0x0127,
    0x0107, 0x0107, 0x0107, 0x0107, 0x0107, 0x0107, 0x0107, 0x0107, 0x0107, 0x0127, 0x0148, 0x0969,
    0x09AA, 0x11CB, 0x19EB, 0x19EB, 0x11CB, 0x11AA, 0x0969, 0x0148, 0x0127, 0x0107, 0x0107, 0x0107,
    0x0107, 0x0107, 0x0107, 0x0107, 0x0107, 0x0107, 0x0107, 0x0107, 0x0107, 0x0107, 0x0107, 0x0107,
    0x0107, 0x0107, 0x0107, 0x0107, 0x0107, 0x0107, 0x0107, 0x0107, 0x0107, 0x0107, 0x0107, 0x0107,
    0x0107, 0x0107, 0x0107, 0x0107, 0x0127, 0x0148, 0x0969, 0x11AA, 0x11CB, 0x19EB, 0x11EB, 0x11CA,
    0x0989, 0x0948, 0x0128, 0x0127, 0x0107, 0x0107, 0x0107, 0x0107, 0x0107, 0x0107, 0x0107, 0x0107,
    0x0107, 0x0128, 0x0948, 0x0969, 0x11AA, 0x11CB, 0x19EB, 0x11EB, 0x11CA, 0x098A, 0x0969, 0x0949,
    0x0969, 0x098A, 0x11CB, 0x11EB, 0x19EB, 0x11CB, 0x11AA, 0x0969, 0x0148, 0x0127, 0x0107, 0x0107,
    0x0107, 0x0107, 0x0107, 0x0107, 0x0107, 0x0107, 0x0107, 0x0107, 0x0128, 0x0948, 0x098A, 0x11CB,
    0x11EB, 0x11EB, 0x11CB, 0x11AA, 0x0969, 0x0148, 0x0128, 0x0128, 0x0148, 0x0969, 0x118A, 0x11AA,
    0x11CB, 0x11CA, 0x11AA, 0x0969, 0x0148, 0x0127, 0x0107, 0x0107, 0x0107, 0x0107, 0x0107, 0x0106,
    0x0106, 0x0106, 0x0107, 0x0107, 0x0107, 0x0107, 0x0107, 0x0107, 0x0107, 0x0107, 0x0107, 0x0107,
    0x0107, 0x0107, 0x0107, 0x0107, 0x0107, 0x0107, 0x0107, 0x0107, 0x0107, 0x0107, 0x0107, 0x0107,
    0x0127, 0x0128, 0x0148, 0x0989, 0x11CB, 0x11EC, 0x1A0C, 0x11EC, 0x11CB, 0x098A, 0x0169, 0x0148,
    0x0128, 0x0127, 0x0127, 0x0127, 0x0107, 0x0107, 0x0107, 0x0107, 0x0107, 0x0127, 0x0128, 0x0148,
    0x0969, 0x11AA, 0x11CB, 0x19EB, 0x11EB, 0x11CB, 0x0989, 0x0948, 0x0128, 0x0127, 0x0107, 0x0107,
    0x118A, 0x0969, 0x0948, 0x0128, 0x0107, 0x0107, 0x0107, 0x0107, 0x0107, 0x0107, 0x0107, 0x0107,
    0x0107, 0x0107, 0x0107, 0x0107, 0x0107, 0x0107, 0x0107, 0x0107, 0x0107, 0x0107, 0x0107, 0x0107,
    0x0107, 0x0107, 0x0107, 0x0107, 0x0107, 0x0107, 0x0107, 0x0107, 0x0107, 0x0107, 0x0107, 0x0127,
    0x0148, 0x0969, 0x09AA, 0x11CB, 0x11EB, 0x11EB, 0x11CB, 0x09AA, 0x0969, 0x0148, 0x0127, 0x0107,
    0x0107, 0x0107, 0x0107, 0x0107, 0x0107, 0x0107, 0x0107, 0x0107, 0x0107, 0x0127, 0x0948, 0x0989,
    0x11AA, 0x11EB, 0x19EB, 0x11EB, 0x11AA, 0x0989, 0x0948, 0x0128, 0x0127, 0x0107, 0x0107, 0x0107,
    0x0107, 0x0107, 0x0107, 0x0107, 0x0107, 0x0107, 0x0107, 0x0107, 0x0107, 0x0107, 0x0107, 0x0107,
    0x0107, 0x0107, 0x0107, 0x0107, 0x0107, 0x0107, 0x0107, 0x0107, 0x0107, 0x0107, 0x0107, 0x0107,
    0x0107, 0x0107, 0x0107, 0x0127, 0x0128, 0x0969, 0x098A, 0x11CB, 0x19EB, 0x19EB, 0x11CB, 0x11AA,
    0x0969, 0x0148, 0x0127, 0x0107, 0x0107, 0x0107, 0x0107, 0x0107, 0x0107, 0x0107, 0x0107, 0x0107,
    0x0127, 0x0148, 0x0969, 0x118A, 0x11CB, 0x19EB, 0x19EB, 0x11CB, 0x11AA, 0x0969, 0x0148, 0x0128,
    0x0148, 0x0969, 0x11AA, 0x11CB, 0x19EB, 0x11EB, 0x11CA, 0x0989, 0x0969, 0x0128, 0x0127, 0x0107,
    0x0107, 0x0107, 0x0107, 0x0107, 0x0107, 0x0107, 0x0107, 0x0107, 0x0127, 0x0148, 0x0969, 0x11AA,
    0x11CB, 0x11EB, 0x11EB, 0x11CB, 0x098A, 0x0969, 0x0148, 0x0148, 0x0948, 0x0989, 0x11AA, 0x11CB,
    0x11CB, 0x11AA, 0x0989, 0x0948, 0x0128, 0x0127, 0x0107, 0x0107, 0x0107, 0x0107, 0x0107, 0x0107,
    0x0107, 0x0107, 0x0107, 0x0107, 0x0107, 0x0107, 0x0107, 0x0107, 0x0107, 0x0107, 0x0107, 0x0107,
    0x0107, 0x0107, 0x0107, 0x0107, 0x0107, 0x0107, 0x0107, 0x0107, 0x0107, 0x0107, 0x0107, 0x0107,
    0x0127, 0x0148, 0x0969, 0x09AA, 0x11CB, 0x11EC, 0x11EC, 0x11CB, 0x09AA, 0x0969, 0x0148, 0x0128,
    0x0127, 0x0127, 0x0127, 0x0127, 0x0107, 0x0107, 0x0107, 0x0107, 0x0127, 0x0128, 0x0148, 0x0969,
    0x098A, 0x11CB, 0x11EB, 0x19EC, 0x11CB, 0x11AA, 0x0969, 0x0148, 0x0127, 0x0107, 0x0107, 0x0107,
    0x0969, 0x0948, 0x0128, 0x0127, 0x0107, 0x0107, 0x0107, 0x0107, 0x0107, 0x0107, 0x0107, 0x0107,
    0x0107, 0x0107, 0x0107, 0x0107, 0x0107, 0x0107, 0x0107, 0x0107, 0x0107, 0x0107, 0x0107, 0x0107,
    0x0107, 0x0107, 0x0107, 0x0107, 0x0107, 0x0107, 0x0107, 0x0107, 0x0107, 0x0107, 0x0107, 0x0128,
    0x0148, 0x0989, 0x11CA, 0x11EB, 0x1A0C, 0x11EB, 0x11CA, 0x0989, 0x0948, 0x0128, 0x0107, 0x0107,
    0x0107, 0x0107, 0x0107, 0x0107, 0x0107, 0x0107, 0x0107, 0x0107, 0x0127, 0x0148, 0x0969, 0x11AA,
    0x11CB, 0x11EB, 0x11EB, 0x11CB, 0x0989, 0x0969, 0x0148, 0x0127, 0x0107, 0x0107, 0x0107, 0x0107,
    0x0107, 0x0107, 0x0107, 0x0107, 0x0107, 0x0107, 0x0107, 0x0107, 0x0107, 0x0107, 0x0107, 0x0107,
    0x0107, 0x0107, 0x0107, 0x0107, 0x0107, 0x0107, 0x0107, 0x0107, 0x0107, 0x0107, 0x0107, 0x0107,
    0x0107, 0x0107, 0x0107, 0x0128, 0x0948, 0x0989, 0x11AA, 0x11EB, 0x19EC, 0x11EB, 0x11AA, 0x0989,
    0x0948, 0x0128, 0x0107, 0x0107, 0x0107, 0x0107, 0x0107, 0x0107, 0x0107, 0x0107, 0x0107, 0x0107,
    0x0127, 0x0948, 0x0969, 0x11AA, 0x11EB, 0x19EB, 0x11EB, 0x11AA, 0x0969, 0x0948, 0x0127, 0x0107,
    0x0128, 0x0948, 0x0989, 0x11AA, 0x11EB, 0x11EB, 0x11CB, 0x11AA, 0x0969, 0x0148, 0x0127, 0x0127,
    0x0107, 0x0107, 0x0107, 0x0107, 0x0107, 0x0107, 0x0107, 0x0107, 0x0107, 0x0128, 0x0948, 0x0989,
    0x11CA, 0x11EB, 0x11EC, 0x11CB, 0x11AA, 0x098A, 0x0969, 0x0969, 0x0969, 0x11AA, 0x11CB, 0x11CB,
    0x11CA, 0x11AA, 0x0969, 0x0148, 0x0127, 0x0107, 0x0107, 0x0107, 0x0107, 0x0107, 0x0107, 0x0107,
    0x0107, 0x0107, 0x0107, 0x0107, 0x0107, 0x0107, 0x0107, 0x0107, 0x0107, 0x0107, 0x0107, 0x0107,
    0x0107, 0x0107, 0x0107, 0x0107, 0x0107, 0x0107, 0x0107, 0x0107, 0x0107, 0x0107, 0x0107, 0x0107,
    0x0128, 0x0948, 0x0989, 0x11CB, 0x11EB, 0x11EC, 0x11EB, 0x11CB, 0x098A, 0x0149, 0x0128, 0x0128,
    0x0127, 0x0127, 0x0127, 0x0127, 0x0127, 0x0127, 0x0127, 0x0127, 0x0127, 0x0128, 0x0148, 0x0989,
    0x11AA, 0x11EB, 0x19EC, 0x11EB, 0x11AA, 0x0989, 0x0948, 0x0128, 0x0127, 0x0107, 0x0107, 0x0107,
    0x0128, 0x0128, 0x0127, 0x0107, 0x0107, 0x0107, 0x0107, 0x0107, 0x0107, 0x0107, 0x0107, 0x0107,
    0x0107, 0x0107, 0x0107, 0x0107, 0x0107, 0x0107, 0x0107, 0x0107, 0x0107, 0x0107, 0x0107, 0x0107,
    0x0107, 0x0107, 0x0107, 0x0107, 0x0107, 0x0107, 0x0107, 0x0107, 0x0107, 0x0107, 0x0127, 0x0148,
    0x0969, 0x09AA, 0x11CB, 0x11EB, 0x11EB, 0x11CB, 0x09AA, 0x0969, 0x0148, 0x0127, 0x0107, 0x0107,
    0x0107, 0x0107, 0x0107, 0x0107, 0x0107, 0x0107, 0x0107, 0x0127, 0x0127, 0x0948, 0x0989, 0x11CA,
    0x11EB, 0x11EB, 0x11CB, 0x11AA, 0x0969, 0x0148, 0x0127, 0x0107, 0x0107, 0x0107, 0x0107, 0x0107,
    0x0107, 0x0107, 0x0107, 0x0107, 0x0107, 0x0107, 0x0107, 0x0107, 0x0107, 0x0107, 0x0107, 0x0107,
    0x0107, 0x0107, 0x0107, 0x0107, 0x0107, 0x0107, 0x0107, 0x0107, 0x0107, 0x0107, 0x0107, 0x0107,
    0x0107, 0x0107, 0x0127, 0x0148, 0x0969, 0x11AA, 0x11CB, 0x19EB, 0x19EB, 0x11CB, 0x098A, 0x0969,
    0x0128, 0x0127, 0x0107, 0x0107, 0x0107, 0x0107, 0x0107, 0x0107, 0x0107, 0x0107, 0x0107, 0x0127,
    0x0128, 0x0969, 0x118A, 0x11CB, 0x19EB, 0x19EB, 0x11CA, 0x0989, 0x0948, 0x0128, 0x0107, 0x0107,
    0x0127, 0x0128, 0x0969, 0x11AA, 0x11CB, 0x11EB, 0x11EB, 0x11CB, 0x098A, 0x0969, 0x0128, 0x0127,
    0x0107, 0x0107, 0x0107, 0x0107, 0x0107, 0x0107, 0x0107, 0x0107, 0x0107, 0x0127, 0x0148, 0x0969,
    0x09AA, 0x11CB, 0x11EB, 0x11EB, 0x11CB, 0x09AA, 0x098A, 0x098A, 0x09AA, 0x11CB, 0x11CB, 0x11CB,
    0x11AA, 0x0989, 0x0948, 0x0127, 0x0107, 0x0107, 0x0107, 0x0107, 0x0107, 0x0107, 0x0107, 0x0107,
    0x0107, 0x0107, 0x0107, 0x0107, 0x0107, 0x0107, 0x0107, 0x0107, 0x0107, 0x0107, 0x0107, 0x0107,
    0x0107, 0x0107, 0x0107, 0x0107, 0x0107, 0x0107, 0x0107, 0x0107, 0x0107, 0x0107, 0x0107, 0x0127,
    0x0148, 0x0969, 0x09AA, 0x11CB, 0x11EC, 0x11EC, 0x11CB, 0x098A, 0x0969, 0x0148, 0x0128, 0x0127,
    0x0127, 0x0127, 0x0127, 0x0127, 0x0127, 0x0127, 0x0127, 0x0127, 0x0128, 0x0148, 0x0969, 0x09AA,
    0x11CB, 0x11EC, 0x19EC, 0x11CB, 0x09AA, 0x0969, 0x0148, 0x0127, 0x0107, 0x0107, 0x0107, 0x0107,
    0x0127, 0x0107, 0x0107, 0x0107, 0x0107, 0x0107, 0x0107, 0x0107, 0x0107, 0x0107, 0x0107, 0x0107,
    0x0107, 0x0107, 0x0107, 0x0107, 0x0107, 0x0107, 0x0107, 0x0107, 0x0107, 0x0107, 0x0107, 0x0107,
    0x0107, 0x0107, 0x0107, 0x0107, 0x0107, 0x0107, 0x0107, 0x0107, 0x0107, 0x0127, 0x0128, 0x0968,
    0x0989, 0x11CA, 0x11EB, 0x11EC, 0x11EB, 0x11AA, 0x0969, 0x0148, 0x0127, 0x0107, 0x0107, 0x0107,
    0x0107, 0x0107, 0x0107, 0x0107, 0x0107, 0x0107, 0x0107, 0x0127, 0x0148, 0x0969, 0x11AA, 0x11CB,
    0x19EB, 0x11EB, 0x11AA, 0x0989, 0x0948, 0x0128, 0x0127, 0x0107, 0x0107, 0x0107, 0x0107, 0x0107,
    0x0107, 0x0107, 0x0107, 0x0107, 0x0107, 0x0107, 0x0107, 0x0107, 0x0107, 0x0107, 0x0107, 0x0107,
    0x0107, 0x0107, 0x0107, 0x0107, 0x0107, 0x0107, 0x0107, 0x0107, 0x0107, 0x0107, 0x0107, 0x0107,
    0x0107, 0x0107, 0x0128, 0x0948, 0x0989, 0x11CB, 0x19EB, 0x19EC, 0x11EB, 0x11AA, 0x0969, 0x0148,
    0x0127, 0x0107, 0x0107, 0x0107, 0x0107, 0x0107, 0x0107, 0x0107, 0x0107, 0x0107, 0x0107, 0x0127,
    0x0948, 0x0989, 0x11AA, 0x11EB, 0x19EB, 0x11CB, 0x11AA, 0x0969, 0x0148, 0x0127, 0x0107, 0x0107,
    0x0107, 0x0127, 0x0948, 0x0989, 0x11AA, 0x11EB, 0x11EB, 0x11CB, 0x11AA, 0x0989, 0x0148, 0x0128,
    0x0127, 0x0107, 0x0107, 0x0107, 0x0107, 0x0107, 0x0107, 0x0107, 0x0107, 0x0107, 0x0128, 0x0148,
    0x0989, 0x11AA, 0x11EB, 0x11EC, 0x11EC, 0x11CB, 0x11CB, 0x11AB, 0x11CB, 0x11CB, 0x11EB, 0x11CB,
    0x11AA, 0x0969, 0x0148, 0x0127, 0x0107, 0x0107, 0x0107, 0x0107, 0x0107, 0x0107, 0x0107, 0x0107,
    0x0107, 0x0107, 0x0107, 0x0107, 0x0107, 0x0107, 0x0107, 0x0107, 0x0107, 0x0107, 0x0107, 0x0107,
    0x0107, 0x0107, 0x0107, 0x0107, 0x0107, 0x0107, 0x0107, 0x0107, 0x0107, 0x0107, 0x0127, 0x0128,
    0x0948, 0x0989, 0x11CA, 0x11EB, 0x11EB, 0x11CB, 0x11AA, 0x0969, 0x0148, 0x0128, 0x0128, 0x0127,
    0x0127, 0x0127, 0x0127, 0x0127, 0x0127, 0x0127, 0x0127, 0x0128, 0x0148, 0x0969, 0x098A, 0x11CB,
    0x11EB, 0x11EC, 0x11EB, 0x11AA, 0x0989, 0x0948, 0x0128, 0x0127, 0x0107, 0x0107, 0x0107, 0x0107,
    0x0107, 0x0107, 0x0107, 0x0107, 0x0107, 0x0107, 0x0107, 0x0107, 0x0107, 0x0107, 0x0107, 0x0107,
    0x0107, 0x0127, 0x0127, 0x0127, 0x0107, 0x0107, 0x0107, 0x0107, 0x0107, 0x0127, 0x0127, 0x0127,
    0x0127, 0x0127, 0x0127, 0x0127, 0x0127, 0x0127, 0x0127, 0x0127, 0x0127, 0x0128, 0x0148, 0x0969,
    0x11AA, 0x11CB, 0x11EB, 0x11EB, 0x11CB, 0x098A, 0x0969, 0x0128, 0x0127, 0x0107, 0x0107, 0x0107,
    0x0107, 0x0107, 0x0107, 0x0107, 0x0107, 0x0107, 0x0127, 0x0128, 0x0968, 0x098A, 0x11CB, 0x11EB,
    0x11EB, 0x11CB, 0x098A, 0x0969, 0x0148, 0x0127, 0x0107, 0x0107, 0x0107, 0x0107, 0x0107, 0x0107,
    0x0107, 0x0107, 0x0107, 0x0107, 0x0107, 0x0107, 0x0107, 0x0107, 0x0107, 0x0107, 0x0107, 0x0107,
    0x0107, 0x0107, 0x0107, 0x0107, 0x0107, 0x0107, 0x0107, 0x0107, 0x0107, 0x0107, 0x0107, 0x0107,
    0x0107, 0x0127, 0x0148, 0x0969, 0x11AA, 0x11EB, 0x19EC, 0x19EB, 0x11CB, 0x098A, 0x0969, 0x0128,
    0x0107, 0x0107, 0x0107, 0x0107, 0x0107, 0x0107, 0x0107, 0x0107, 0x0107, 0x0107, 0x0127, 0x0128,
    0x0969, 0x11AA, 0x11CB, 0x11EB, 0x11EB, 0x11AA, 0x0989, 0x0948, 0x0127, 0x0107, 0x0107, 0x0107,
    0x0107, 0x0107, 0x0128, 0x0968, 0x0989, 0x11CA, 0x11EB, 0x11EB, 0x11CB, 0x09AA, 0x0969, 0x0148,
    0x0127, 0x0127, 0x0127, 0x0127, 0x0127, 0x0107, 0x0107, 0x0107, 0x0107, 0x0127, 0x0128, 0x0148,
    0x0969, 0x09AA, 0x11CB, 0x11EC, 0x1A0C, 0x120C, 0x11EC, 0x11EC, 0x11EC, 0x11EC, 0x11EC, 0x11CB,
    0x098A, 0x0969, 0x0128, 0x0127, 0x0107, 0x0107, 0x0107, 0x0107, 0x0107, 0x0107, 0x0107, 0x0107,
    0x0107, 0x0107, 0x0107, 0x0107, 0x0107, 0x0107, 0x0107, 0x0107, 0x0107, 0x0107, 0x0107, 0x0107,
    0x0107, 0x0107, 0x0107, 0x0107, 0x0107, 0x0127, 0x0107, 0x0127, 0x0127, 0x0127, 0x0128, 0x0948,
    0x0969, 0x11AA, 0x11CB, 0x11EB, 0x11EB, 0x11AB, 0x098A, 0x0969, 0x0148, 0x0128, 0x0127, 0x0127,
    0x0127, 0x0127, 0x0127, 0x0127, 0x0127, 0x0127, 0x0127, 0x0128, 0x0148, 0x0989, 0x11AA, 0x11CB,
    0x11EC, 0x11EC, 0x11CB, 0x098A, 0x0969, 0x0128, 0x0127, 0x0107, 0x0107, 0x0107, 0x0107, 0x0107,
    0x0128, 0x0128, 0x0127, 0x0127, 0x0127, 0x0127, 0x0127, 0x0128, 0x0128, 0x0128, 0x0128, 0x0128,
    0x0128, 0x0128, 0x0128, 0x0128, 0x0128, 0x0128, 0x0128, 0x0128, 0x0128, 0x0128, 0x0128, 0x0128,
    0x0128, 0x0128, 0x0128, 0x0128, 0x0128, 0x0128, 0x0128, 0x0128, 0x0148, 0x0948, 0x0969, 0x09AA,
    0x11CB, 0x11EB, 0x11EB, 0x11CB, 0x09AA, 0x0969, 0x0148, 0x0127, 0x0107, 0x0107, 0x0107, 0x0107,
    0x0107, 0x0107, 0x0107, 0x0107, 0x0107, 0x0107, 0x0127, 0x0948, 0x0989, 0x11AA, 0x11EB, 0x11EB,
    0x11EB, 0x11AA, 0x0989, 0x0148, 0x0127, 0x0127, 0x0107, 0x0107, 0x0107, 0x0107, 0x0107, 0x0107,
    0x0107, 0x0107, 0x0107, 0x0107, 0x0107, 0x0107, 0x0107, 0x0107, 0x0107, 0x0107, 0x0107, 0x0107,
    0x0107, 0x0107, 0x0107, 0x0107, 0x0107, 0x0107, 0x0107, 0x0107, 0x0107, 0x0107, 0x0107, 0x0107,
    0x0127, 0x0128, 0x0969, 0x098A, 0x11CB, 0x19EB, 0x19EC, 0x11EB, 0x11AA, 0x0969, 0x0148, 0x0127,
    0x0107, 0x0107, 0x0107, 0x0107, 0x0107, 0x0107, 0x0107, 0x0107, 0x0107, 0x0107, 0x0127, 0x0948,
    0x0989, 0x11AA, 0x11EB, 0x11EB, 0x11CB, 0x118A, 0x0969, 0x0128, 0x0127, 0x0107, 0x0107, 0x0106,
    0x0107, 0x0107, 0x0127, 0x0148, 0x0969, 0x11AA, 0x11CB, 0x19EB, 0x11EB, 0x11CA, 0x098A, 0x0969,
    0x0148, 0x0148, 0x0128, 0x0128, 0x0128, 0x0128, 0x0128, 0x0128, 0x0128, 0x0128, 0x0148, 0x0148,
    0x0969, 0x09AA, 0x11CB, 0x11EC, 0x1A2D, 0x1A2D, 0x1A2D, 0x1A2D, 0x1A2D, 0x1A0C, 0x11EC, 0x11CB,
    0x098A, 0x0969, 0x0148, 0x0128, 0x0128, 0x0128, 0x0128, 0x0128, 0x0128, 0x0128, 0x0128, 0x0128,
    0x0128, 0x0128, 0x0128, 0x0128, 0x0128, 0x0128, 0x0128, 0x0128, 0x0128, 0x0128, 0x0128, 0x0128,
    0x0128, 0x0128, 0x0128, 0x0128, 0x0128, 0x0128, 0x0128, 0x0128, 0x0128, 0x0148, 0x0948, 0x0969,
    0x118A, 0x11CB, 0x11EB, 0x11EB, 0x11CB, 0x09AA, 0x0969, 0x0148, 0x0128, 0x0127, 0x0107, 0x0127,
    0x0127, 0x0127, 0x0127, 0x0127, 0x0127, 0x0127, 0x0128, 0x0148, 0x0969, 0x098A, 0x11CB, 0x11EC,
    0x11EC, 0x11CB, 0x11AA, 0x0969, 0x0148, 0x0127, 0x0127, 0x0107, 0x0107, 0x0107, 0x0107, 0x0107,
    0x0948, 0x0948, 0x0948, 0x0948, 0x0948, 0x0948, 0x0948, 0x0948, 0x0969, 0x0969, 0x0969, 0x0969,
    0x0969, 0x0969, 0x0969, 0x0969, 0x0969, 0x0969, 0x0969, 0x0969, 0x0969, 0x0969, 0x0969, 0x0969,
    0x0969, 0x0969, 0x0969, 0x0969, 0x0969, 0x0969, 0x0969, 0x0969, 0x0969, 0x0989, 0x11AA, 0x11CB,
    0x11EB, 0x11EC, 0x11EB, 0x11AB, 0x0989, 0x0948, 0x0128, 0x0127, 0x0107, 0x0107, 0x0107, 0x0107,
    0x0107, 0x0107, 0x0107, 0x0107, 0x0107, 0x0127, 0x0148, 0x0969, 0x09AA, 0x11CB, 0x11EB, 0x11EB,
    0x11CB, 0x098A, 0x0969, 0x0128, 0x0127, 0x0107, 0x0107, 0x0107, 0x0107, 0x0107, 0x0107, 0x0107,
    0x0107, 0x0107, 0x0107, 0x0107, 0x0107, 0x0107, 0x0107, 0x0107, 0x0107, 0x0107, 0x0107, 0x0107,
    0x0107, 0x0107, 0x0107, 0x0107, 0x0107, 0x0107, 0x0107, 0x0107, 0x0107, 0x0107, 0x0107, 0x0127,
    0x0127, 0x0948, 0x0969, 0x11AA, 0x11EB, 0x1A0C, 0x19EB, 0x11CB, 0x0989, 0x0948, 0x0128, 0x0107,
    0x0107, 0x0107, 0x0107, 0x0107, 0x0107, 0x0107, 0x0107, 0x0107, 0x0107, 0x0127, 0x0948, 0x0969,
    0x11AA, 0x11CB, 0x19EB, 0x11CB, 0x11AA, 0x0989, 0x0948, 0x0127, 0x0107, 0x0107, 0x0107, 0x0106,
    0x0106, 0x0107, 0x0107, 0x0127, 0x0948, 0x0989, 0x11CA, 0x19EB, 0x19EB, 0x11EB, 0x11CB, 0x09AA,
    0x0989, 0x0969, 0x0969, 0x0969, 0x0969, 0x0969, 0x0969, 0x0969, 0x0969, 0x0969, 0x0969, 0x0969,
    0x098A, 0x11AB, 0x11EB, 0x1A0C, 0x1A2D, 0x1A4E, 0x1A6E, 0x1A6E, 0x1A4E, 0x1A2D, 0x1A0C, 0x11CB,
    0x11AA, 0x0989, 0x0969, 0x0969, 0x0969, 0x0969, 0x0969, 0x0969, 0x0969, 0x0969, 0x0969, 0x0969,
    0x0969, 0x0969, 0x0969, 0x0969, 0x0969, 0x0949, 0x0949, 0x0949, 0x0949, 0x0949, 0x0949, 0x0969,
    0x0969, 0x0969, 0x0969, 0x0969, 0x0969, 0x0969, 0x0969, 0x0969, 0x0969, 0x0969, 0x0989, 0x11AA,
    0x11CB, 0x11EB, 0x19EB, 0x11CB, 0x11AA, 0x0989, 0x0148, 0x0128, 0x0127, 0x0107, 0x0107, 0x0107,
    0x0107, 0x0107, 0x0127, 0x0127, 0x0127, 0x0128, 0x0148, 0x0169, 0x0989, 0x11CB, 0x11EB, 0x1A0C,
    0x11EC, 0x11CB, 0x098A, 0x0949, 0x0128, 0x0127, 0x0107, 0x0107, 0x0107, 0x0107, 0x0107, 0x0107,
    0x118A, 0x118A, 0x1189, 0x1189, 0x118A, 0x118A, 0x118A, 0x118A, 0x118A, 0x11AA, 0x11AA, 0x11AA,
    0x11AA, 0x11AA, 0x11AA, 0x11AA, 0x11AA, 0x11AA, 0x11AA, 0x11AA, 0x11AA, 0x11AA, 0x11AA, 0x11AA,
    0x11AA, 0x11AA, 0x11AA, 0x11AA, 0x11AA, 0x11AA, 0x11AA, 0x11AA, 0x11AA, 0x11CB, 0x11EB, 0x19EC,
    0x1A0C, 0x1A0C, 0x11CB, 0x09AA, 0x0969, 0x0148, 0x0127, 0x0107, 0x0107, 0x0107, 0x0107, 0x0107,
    0x0107, 0x0107, 0x0107, 0x0107, 0x0127, 0x0128, 0x0948, 0x0989, 0x11CA, 0x11EB, 0x11EB, 0x11EB,
    0x11AA, 0x0969, 0x0148, 0x0127, 0x0127, 0x0107, 0x0107, 0x0107, 0x0107, 0x0107, 0x0107, 0x0107,
    0x0107, 0x0107, 0x0107, 0x0107, 0x0107, 0x0107, 0x0107, 0x0107, 0x0107, 0x0107, 0x0107, 0x0107,
    0x0107, 0x0107, 0x0107, 0x0107, 0x0107, 0x0107, 0x0107, 0x0107, 0x0107, 0x0107, 0x0107, 0x0127,
    0x0148, 0x0969, 0x098A, 0x11CB, 0x19EB, 0x19EC, 0x11CB, 0x11AA, 0x0969, 0x0148, 0x0127, 0x0107,
    0x0107, 0x0107, 0x0107, 0x0107, 0x0107, 0x0107, 0x0107, 0x0107, 0x0107, 0x0128, 0x0948, 0x0989,
    0x11CA, 0x11EB, 0x19EB, 0x11CA, 0x1189, 0x0968, 0x0128, 0x0127, 0x0107, 0x0107, 0x0107, 0x0106,
    0x0106, 0x0106, 0x0107, 0x0127, 0x0148, 0x0969, 0x11AA, 0x11EB, 0x1A0C, 0x1A0C, 0x11EC, 0x11EB,
    0x11CA, 0x11AA, 0x11AA, 0x11AA, 0x11AA, 0x11AA, 0x11AA, 0x11AA, 0x11AA, 0x11AA, 0x11AA, 0x11AA,
    0x11CB, 0x11EB, 0x120C, 0x1A2D, 0x1A4E, 0x226F, 0x228F, 0x228F, 0x226E, 0x1A4E, 0x1A2D, 0x11EC,
    0x11CB, 0x11AA, 0x11AA, 0x11AA, 0x11AA, 0x11AA, 0x11AA, 0x11AA, 0x11AA, 0x118A, 0x118A, 0x11AA,
    0x11AA, 0x11AA, 0x11AA, 0x11AA, 0x11AA, 0x11AA, 0x118A, 0x118A, 0x118A, 0x118A, 0x118A, 0x118A,
    0x118A, 0x118A, 0x11AA, 0x11AA, 0x11AA, 0x11AA, 0x11AA, 0x11AA, 0x11AA, 0x11AA, 0x11CB, 0x11CB,
    0x19EC, 0x1A0C, 0x19EB, 0x11CB, 0x098A, 0x0969, 0x0148, 0x0127, 0x0107, 0x0107, 0x0107, 0x0107,
    0x0107, 0x0107, 0x0127, 0x0127, 0x0127, 0x0128, 0x0148, 0x0969, 0x09AA, 0x11CB, 0x11EC, 0x1A0C,
    0x11EB, 0x11AA, 0x0969, 0x0148, 0x0127, 0x0107, 0x0107, 0x0107, 0x0107, 0x0107, 0x0107, 0x0107,
    0x11CB, 0x11CB, 0x11CB, 0x11CB, 0x11CB, 0x11CB, 0x11CB, 0x11CB, 0x11CB, 0x11CB, 0x11EB, 0x11EB,
    0x11EC, 0x19EC, 0x19EC, 0x19EC, 0x19EC, 0x11EC, 0x11EB, 0x11CB, 0x11CB, 0x11CB, 0x11CB, 0x11CB,
    0x11CB, 0x11CB, 0x11CB, 0x11CB, 0x11CB, 0x11CB, 0x11CB, 0x11CB, 0x11EB, 0x19EB, 0x1A0C, 0x1A0C,
    0x1A0C, 0x1A0C, 0x11CB, 0x098A, 0x0948, 0x0128, 0x0107, 0x0107, 0x0107, 0x0107, 0x0107, 0x0107,
    0x0107, 0x0107, 0x0107, 0x0107, 0x0127, 0x0148, 0x0969, 0x11AA, 0x11EB, 0x11EB, 0x11EB, 0x11CA,
    0x0989, 0x0968, 0x0128, 0x0127, 0x0107, 0x0107, 0x0107, 0x0107, 0x0107, 0x0107, 0x0107, 0x0107,
    0x0107, 0x0107, 0x0107, 0x0107, 0x0107, 0x0107, 0x0107, 0x0107, 0x0107, 0x0107, 0x0107, 0x0107,
    0x0107, 0x0107, 0x0107, 0x0107, 0x0107, 0x0107, 0x0107, 0x0107, 0x0107, 0x0107, 0x0127, 0x0128,
    0x0948, 0x0989, 0x11AA, 0x11EB, 0x19EC, 0x11EB, 0x11CA, 0x0989, 0x0148, 0x0127, 0x0107, 0x0107,
    0x0107, 0x0107, 0x0107, 0x0107, 0x0107, 0x0107, 0x0107, 0x0107, 0x0127, 0x0948, 0x0969, 0x11AA,
    0x11CB, 0x19EB, 0x11CB, 0x11AA, 0x0969, 0x0148, 0x0127, 0x0107, 0x0107, 0x0107, 0x0107, 0x0107,
    0x0106, 0x0106, 0x0107, 0x0107, 0x0127, 0x0948, 0x098A, 0x11CB, 0x1A0C, 0x1A2C, 0x1A2C, 0x1A0C,
    0x19EC, 0x11EB, 0x11EB, 0x11EB, 0x11EB, 0x11EB, 0x11EB, 0x11EB, 0x11EB, 0x11EB, 0x11EB, 0x11EB,
    0x11EC, 0x120C, 0x1A2D, 0x1A2D, 0x1A6E, 0x226F, 0x228F, 0x228F, 0x226F, 0x1A4E, 0x1A2D, 0x1A0C,
    0x19EC, 0x11EB, 0x11CB, 0x11CB, 0x11CB, 0x11CB, 0x11CB, 0x11CB, 0x11CB, 0x11CB, 0x11CB, 0x11CB,
    0x11EB, 0x19EC, 0x19EC, 0x19EC, 0x19EC, 0x19EB, 0x11EB, 0x11EB, 0x11CB, 0x11CB, 0x11CB, 0x11CB,
    0x11CB, 0x11CB, 0x11CB, 0x11CB, 0x11CB, 0x11CB, 0x11CB, 0x11CB, 0x11CB, 0x19EB, 0x19EB, 0x1A0C,
    0x1A0C, 0x1A0C, 0x19EB, 0x11CA, 0x0989, 0x0948, 0x0127, 0x0107, 0x0107, 0x0107, 0x0107, 0x0107,
    0x0107, 0x0107, 0x0127, 0x0127, 0x0127, 0x0148, 0x0169, 0x098A, 0x11CB, 0x11EC, 0x1A0C, 0x11EB,
    0x11CB, 0x0989, 0x0948, 0x0128, 0x0127, 0x0107, 0x0107, 0x0107, 0x0107, 0x0107, 0x0107, 0x0107,
    0x19EB, 0x19EB, 0x19EB, 0x19EB, 0x19EB, 0x19EB, 0x19EB, 0x19EB, 0x19EB, 0x19EB, 0x1A0C, 0x1A0C,
    0x1A2D, 0x1A2D, 0x224D, 0x1A2D, 0x1A2D, 0x1A2D, 0x1A0C, 0x19EC, 0x19EB, 0x11EB, 0x11EB, 0x11EB,
    0x11EB, 0x11EB, 0x11EB, 0x11EB, 0x11EB, 0x11EB, 0x11EB, 0x11EB, 0x19EC, 0x1A0C, 0x1A0C, 0x1A2C,
    0x1A0C, 0x19EC, 0x11CB, 0x0989, 0x0148, 0x0127, 0x0107, 0x0107, 0x0107, 0x0107, 0x0107, 0x0107,
    0x0107, 0x0107, 0x0107, 0x0127, 0x0128, 0x0969, 0x098A, 0x11CB, 0x11EB, 0x11EB, 0x11CB, 0x11AA,
    0x0969, 0x0148, 0x0127, 0x0107, 0x0107, 0x0107, 0x0107, 0x0107, 0x0107, 0x0107, 0x0107, 0x0107,
    0x0107, 0x0107, 0x0107, 0x0107, 0x0107, 0x0107, 0x0107, 0x0107, 0x0107, 0x0107, 0x0107, 0x0107,
    0x0107, 0x0107, 0x0107, 0x0107, 0x0107, 0x0107, 0x0107, 0x0107, 0x0107, 0x0107, 0x0127, 0x0148,
    0x0969, 0x11AA, 0x11CB, 0x19EC, 0x19EB, 0x11CB, 0x098A, 0x0969, 0x0128, 0x0127, 0x0107, 0x0107,
    0x0107, 0x0107, 0x0107, 0x0107, 0x0107, 0x0107, 0x0107, 0x0127, 0x0128, 0x0969, 0x118A, 0x11CA,
    0x19EB, 0x19EB, 0x11CA, 0x0989, 0x0948, 0x0127, 0x0127, 0x0107, 0x0107, 0x0107, 0x0107, 0x0107,
    0x0107, 0x0106, 0x0106, 0x0107, 0x0127, 0x0948, 0x0989, 0x11CB, 0x1A0C, 0x1A2D, 0x1A2D, 0x1A2C,
    0x1A0C, 0x1A0C, 0x19EC, 0x19EC, 0x19EC, 0x19EC, 0x19EC, 0x19EC, 0x19EC, 0x19EC, 0x1A0C, 0x1A0C,
    0x1A0C, 0x1A0C, 0x1A2D, 0x1A2D, 0x1A4E, 0x1A4E, 0x1A6E, 0x226E, 0x1A4E, 0x1A4D, 0x1A2D, 0x1A0C,
    0x1A0C, 0x19EC, 0x19EC, 0x19EC, 0x19EB, 0x19EB, 0x11EB, 0x11EB, 0x11EB, 0x19EB, 0x19EC, 0x1A0C,
    0x1A0C, 0x1A2D, 0x1A2D, 0x224D, 0x1A2D, 0x1A2D, 0x1A0C, 0x1A0C, 0x19EC, 0x19EB, 0x19EB, 0x19EB,
    0x19EB, 0x19EB, 0x19EB, 0x19EB, 0x19EB, 0x19EB, 0x19EB, 0x19EB, 0x19EB, 0x19EB, 0x1A0C, 0x1A0C,
    0x1A2C, 0x1A0C, 0x19EB, 0x11AA, 0x0969, 0x0148, 0x0127, 0x0107, 0x0107, 0x0107, 0x0107, 0x0107,
    0x0107, 0x0107, 0x0127, 0x0127, 0x0128, 0x0148, 0x0989, 0x11AA, 0x11EB, 0x1A0C, 0x19EC, 0x11EB,
    0x09AA, 0x0969, 0x0148, 0x0127, 0x0107, 0x0107, 0x0107, 0x0107, 0x0107, 0x0107, 0x0107, 0x0107,
    0x11CB, 0x11CB, 0x11CB, 0x11CB, 0x11CB, 0x11CB, 0x11CB, 0x11CB, 0x11CB, 0x19EB, 0x1A0C, 0x1A2C,
    0x1A4D, 0x224E, 0x226E, 0x226E, 0x224E, 0x1A2D, 0x1A0C, 0x19EC, 0x11EB, 0x11CB, 0x11CB, 0x11CB,
    0x11CB, 0x11CB, 0x11CB, 0x11CB, 0x11CB, 0x11CB, 0x11CB, 0x11CB, 0x11CB, 0x11EB, 0x1A0C, 0x1A0C,
    0x1A0C, 0x11EB, 0x11CB, 0x0989, 0x0948, 0x0127, 0x0107, 0x0107, 0x0107, 0x0107, 0x0107, 0x0107,
    0x0107, 0x0107, 0x0107, 0x0128, 0x0148, 0x0989, 0x11AA, 0x11EB, 0x11EC, 0x11EB, 0x11AA, 0x0989,
    0x0948, 0x0128, 0x0127, 0x0107, 0x0107, 0x0107, 0x0107, 0x0107, 0x0107, 0x0107, 0x0107, 0x0107,
    0x0107, 0x0107, 0x0107, 0x0107, 0x0107, 0x0107, 0x0107, 0x0107, 0x0107, 0x0107, 0x0107, 0x0107,
    0x0107, 0x0107, 0x0107, 0x0107, 0x0107, 0x0107, 0x0107, 0x0107, 0x0107, 0x0127, 0x0148, 0x0968,
    0x098A, 0x11CB, 0x19EB, 0x19EC, 0x11EB, 0x11AA, 0x0969, 0x0148, 0x0127, 0x0107, 0x0107, 0x0107,
    0x0107, 0x0107, 0x0107, 0x0107, 0x0107, 0x0107, 0x0107, 0x0127, 0x0948, 0x0989, 0x11AA, 0x11EB,
    0x19EB, 0x11CB, 0x11AA, 0x0969, 0x0148, 0x0127, 0x0107, 0x0107, 0x0106, 0x0107, 0x0107, 0x0107,
    0x0107, 0x0107, 0x0107, 0x0107, 0x0127, 0x0948, 0x0989, 0x11CB, 0x1A0C, 0x1A2C, 0x1A2C, 0x1A0C,
    0x1A0C, 0x11EC, 0x11EB, 0x11EB, 0x11EB, 0x11EB, 0x11EC, 0x11EC, 0x11EC, 0x11EC, 0x11EC, 0x11EC,
    0x11EC, 0x11EC, 0x120C, 0x120C, 0x1A0D, 0x1A2D, 0x1A2D, 0x1A2D, 0x1A0D, 0x1A0C, 0x120C, 0x11EC,
    0x11EB, 0x11EB, 0x11EB, 0x11EB, 0x11CB, 0x11EB, 0x11CB, 0x11CB, 0x11CB, 0x11EB, 0x19EC, 0x1A0C,
    0x1A2D, 0x224D, 0x226E, 0x226E, 0x226E, 0x224D, 0x1A2D, 0x1A0C, 0x19EC, 0x19EB, 0x11CB, 0x11CB,
    0x11CB, 0x11CB, 0x11CB, 0x11CB, 0x11CB, 0x11CB, 0x11CB, 0x11CB, 0x11CB, 0x11EB, 0x19EB, 0x19EC,
    0x1A0C, 0x1A0C, 0x19EB, 0x11AA, 0x0969, 0x0148, 0x0127, 0x0107, 0x0107, 0x0107, 0x0107, 0x0107,
    0x0107, 0x0107, 0x0107, 0x0127, 0x0148, 0x0969, 0x098A, 0x11CB, 0x11EC, 0x1A0C, 0x11EB, 0x11CA,
    0x0989, 0x0148, 0x0128, 0x0127, 0x0107, 0x0107, 0x0107, 0x0107, 0x0107, 0x0107, 0x0107, 0x0107,
    0x11AA, 0x11AA, 0x11AA, 0x11AA, 0x118A, 0x118A, 0x118A, 0x11AA, 0x11AA, 0x11CB, 0x19EB, 0x1A0C,
    0x1A4D, 0x224E, 0x226E, 0x226E, 0x224E, 0x1A2D, 0x1A0C, 0x11EB, 0x11CB, 0x11AA, 0x11AA, 0x118A,
    0x118A, 0x118A, 0x118A, 0x118A, 0x11AA, 0x118A, 0x118A, 0x11AA, 0x11AA, 0x11AA, 0x11CB, 0x11EB,
    0x11EB, 0x11EB, 0x11CB, 0x098A, 0x0969, 0x0128, 0x0107, 0x0107, 0x0107, 0x0107, 0x0107, 0x0107,
    0x0107, 0x0107, 0x0127, 0x0148, 0x0969, 0x09AA, 0x11CB, 0x11EB, 0x11EB, 0x11CB, 0x098A, 0x0969,
    0x0148, 0x0127, 0x0107, 0x0107, 0x0107, 0x0107, 0x0107, 0x0107, 0x0107, 0x0107, 0x0107, 0x0107,
    0x0107, 0x0107, 0x0107, 0x0107, 0x0107, 0x0107, 0x0107, 0x0107, 0x0107, 0x0107, 0x0107, 0x0107,
    0x0107, 0x0107, 0x0107, 0x0107, 0x0107, 0x0107, 0x0107, 0x0107, 0x0107, 0x0127, 0x0948, 0x0989,
    0x11AA, 0x11EB, 0x19EC, 0x19EB, 0x11CB, 0x0989, 0x0948, 0x0128, 0x0127, 0x0107, 0x0107, 0x0107,
    0x0107, 0x0107, 0x0107, 0x0107, 0x0107, 0x0107, 0x0127, 0x0148, 0x0969, 0x11AA, 0x11CB, 0x19EB,
    0x11EB, 0x11CA, 0x0989, 0x0948, 0x0127, 0x0127, 0x0107, 0x0107, 0x0106, 0x0106, 0x0107, 0x0107,
    0x0107, 0x0107, 0x0107, 0x0127, 0x0128, 0x0969, 0x11AA, 0x11CB, 0x1A0C, 0x1A0C, 0x1A0C, 0x11EB,
    0x11CB, 0x11CB, 0x11AA, 0x11AA, 0x11AB, 0x11AB, 0x11AB, 0x11AB, 0x11AB, 0x11AB, 0x11CB, 0x11CB,
    0x11CB, 0x11CB, 0x11CB, 0x11CB, 0x11CB, 0x11CB, 0x11CB, 0x11CB, 0x11CB, 0x11CB, 0x11CB, 0x11AA,
    0x11AA, 0x11AA, 0x11AA, 0x11AA, 0x11AA, 0x11AA, 0x11AA, 0x11AA, 0x11AA, 0x11CB, 0x11CB, 0x19EC,
    0x1A2D, 0x224D, 0x226E, 0x226E, 0x226E, 0x224D, 0x1A2D, 0x1A0C, 0x11EB, 0x11CA, 0x11AA, 0x11AA,
    0x11AA, 0x11AA, 0x11AA, 0x11AA, 0x11AA, 0x11AA, 0x11AA, 0x11AA, 0x11AA, 0x11AA, 0x11AA, 0x11CB,
    0x19EB, 0x19EB, 0x11EB, 0x11AA, 0x0989, 0x0948, 0x0127, 0x0107, 0x0107, 0x0107, 0x0107, 0x0107,
    0x0107, 0x0107, 0x0127, 0x0127, 0x0148, 0x0989, 0x11AA, 0x11EB, 0x1A0C, 0x19EC, 0x11CB, 0x09AA,
    0x0969, 0x0148, 0x0127, 0x0107, 0x0107, 0x0107, 0x0107, 0x0107, 0x0107, 0x0107, 0x0107, 0x0107,
    0x0969, 0x0969, 0x0969, 0x0969, 0x0968, 0x0968, 0x0968, 0x0969, 0x0989, 0x11AA, 0x11CB, 0x1A0C,
    0x1A2D, 0x224D, 0x224E, 0x224E, 0x1A4D, 0x1A2C, 0x19EC, 0x11CB, 0x098A, 0x0969, 0x0969, 0x0968,
    0x0948, 0x0948, 0x0968, 0x0968, 0x0968, 0x0968, 0x0968, 0x0968, 0x0969, 0x0969, 0x098A, 0x11AA,
    0x11CB, 0x11CB, 0x11CB, 0x11AA, 0x0969, 0x0148, 0x0127, 0x0107, 0x0107, 0x0107, 0x0107, 0x0107,
    0x0107, 0x0107, 0x0128, 0x0948, 0x0989, 0x11CA, 0x11EB, 0x19EC, 0x11EB, 0x11AA, 0x0969, 0x0148,
    0x0127, 0x0127, 0x0107, 0x0107, 0x0107, 0x0107, 0x0107, 0x0107, 0x0107, 0x0107, 0x0107, 0x0107,
    0x0107, 0x0107, 0x0107, 0x0107, 0x0107, 0x0107, 0x0107, 0x0107, 0x0107, 0x0107, 0x0107, 0x0107,
    0x0107, 0x0107, 0x0107, 0x0107, 0x0107, 0x0107, 0x0107, 0x0107, 0x0127, 0x0148, 0x0969, 0x098A,
    0x11CB, 0x19EB, 0x19EB, 0x11CB, 0x11AA, 0x0969, 0x0148, 0x0127, 0x0107, 0x0107, 0x0107, 0x0107,
    0x0107, 0x0107, 0x0107, 0x0107, 0x0107, 0x0127, 0x0128, 0x0948, 0x0989, 0x11CA, 0x11EB, 0x19EB,
    0x11CB, 0x11AA, 0x0969, 0x0148, 0x0127, 0x0107, 0x0107, 0x0107, 0x0106, 0x0106, 0x0107, 0x0107,
    0x0107, 0x0107, 0x0107, 0x0127, 0x0948, 0x0989, 0x11AA, 0x11EB, 0x19EB, 0x19EB, 0x11CB, 0x11AA,
    0x098A, 0x0989, 0x0969, 0x0969, 0x0969, 0x0969, 0x0969, 0x0989, 0x0989, 0x0989, 0x0989, 0x0989,
    0x0989, 0x0989, 0x0989, 0x0989, 0x098A, 0x098A, 0x0989, 0x0989, 0x0989, 0x0969, 0x0969, 0x0969,
    0x0969, 0x0969, 0x0969, 0x0969, 0x0969, 0x0969, 0x0969, 0x0969, 0x0989, 0x098A, 0x11AA, 0x11EB,
    0x1A0C, 0x1A2D, 0x224D, 0x224D, 0x224D, 0x1A2D, 0x1A0C, 0x19EB, 0x11CA, 0x118A, 0x0969, 0x0969,
    0x0969, 0x0969, 0x0969, 0x0969, 0x0969, 0x0969, 0x0969, 0x0969, 0x0969, 0x0969, 0x0969, 0x118A,
    0x11CA, 0x11CB, 0x11CB, 0x11CA, 0x118A, 0x0969, 0x0148, 0x0127, 0x0107, 0x0107, 0x0107, 0x0107,
    0x0107, 0x0107, 0x0127, 0x0128, 0x0969, 0x098A, 0x11CB, 0x11EC, 0x1A0C, 0x11EB, 0x11AA, 0x0989,
    0x0148, 0x0128, 0x0127, 0x0107, 0x0107, 0x0107, 0x0107, 0x0107, 0x0107, 0x0107, 0x0107, 0x0107,
    0x0128, 0x0128, 0x0128, 0x0128, 0x0128, 0x0128, 0x0128, 0x0148, 0x0969, 0x098A, 0x11CB, 0x19EC,
    0x1A0C, 0x1A2D, 0x1A2D, 0x1A2D, 0x1A2C, 0x1A0C, 0x11EB, 0x11AA, 0x0989, 0x0948, 0x0148, 0x0127,
    0x0127, 0x0127, 0x0127, 0x0127, 0x0127, 0x0127, 0x0127, 0x0127, 0x0128, 0x0148, 0x0968, 0x0989,
    0x11AA, 0x11CB, 0x11CB, 0x11AA, 0x0989, 0x0948, 0x0128, 0x0107, 0x0107, 0x0107, 0x0107, 0x0107,
    0x0107, 0x0127, 0x0148, 0x0969, 0x11AA, 0x11CB, 0x11EB, 0x11EB, 0x11CB, 0x098A, 0x0969, 0x0128,
    0x0127, 0x0107, 0x0107, 0x0107, 0x0107, 0x0107, 0x0107, 0x0107, 0x0107, 0x0107, 0x0107, 0x0107,
    0x0107, 0x0107, 0x0107, 0x0107, 0x0107, 0x0107, 0x0107, 0x0107, 0x0107, 0x0107, 0x0107, 0x0107,
    0x0107, 0x0107, 0x0107, 0x0107, 0x0107, 0x0107, 0x0107, 0x0127, 0x0128, 0x0948, 0x0989, 0x11AA,
    0x11EB, 0x19EC, 0x11EB, 0x11AA, 0x0989, 0x0948, 0x0127, 0x0107, 0x0107, 0x0107, 0x0107, 0x0107,
    0x0107, 0x0107, 0x0107, 0x0107, 0x0107, 0x0127, 0x0148, 0x0969, 0x11AA, 0x11EB, 0x19EB, 0x11EB,
    0x11CA, 0x0989, 0x0948, 0x0127, 0x0127, 0x0107, 0x0107, 0x0107, 0x0107, 0x0107, 0x0107, 0x0107,
    0x0107, 0x0107, 0x0127, 0x0148, 0x0969, 0x11AA, 0x11CB, 0x19EB, 0x11EB, 0x11CB, 0x11AA, 0x0969,
    0x0948, 0x0148, 0x0148, 0x0148, 0x0148, 0x0148, 0x0148, 0x0148, 0x0148, 0x0148, 0x0148, 0x0148,
    0x0148, 0x0148, 0x0148, 0x0148, 0x0148, 0x0148, 0x0148, 0x0148, 0x0148, 0x0148, 0x0148, 0x0148,
    0x0148, 0x0148, 0x0148, 0x0148, 0x0148, 0x0148, 0x0148, 0x0148, 0x0968, 0x0969, 0x11AA, 0x11CB,
    0x1A0C, 0x1A0C, 0x1A2C, 0x1A2C, 0x1A2C, 0x1A0C, 0x1A0C, 0x11EB, 0x11AA, 0x0989, 0x0948, 0x0148,
    0x0128, 0x0128, 0x0128, 0x0128, 0x0128, 0x0128, 0x0128, 0x0128, 0x0128, 0x0128, 0x0948, 0x0969,
    0x0989, 0x11AA, 0x11CB, 0x11CB, 0x11AA, 0x0989, 0x0948, 0x0127, 0x0107, 0x0107, 0x0107, 0x0107,
    0x0107, 0x0107, 0x0127, 0x0148, 0x0969, 0x11AA, 0x11EB, 0x1A0C, 0x11EB, 0x11CB, 0x098A, 0x0969,
    0x0148, 0x0127, 0x0127, 0x0107, 0x0107, 0x0107, 0x0107, 0x0107, 0x0107, 0x0107, 0x0107, 0x0107,
    0x0127, 0x0127, 0x0127, 0x0127, 0x0107, 0x0127, 0x0127, 0x0128, 0x0969, 0x118A, 0x11CB, 0x19EB,
    0x1A0C, 0x1A0C, 0x19EC, 0x19EC, 0x1A0C, 0x19EC, 0x11EB, 0x11AA, 0x0989, 0x0948, 0x0127, 0x0127,
    0x0107, 0x0107, 0x0107, 0x0107, 0x0107, 0x0107, 0x0107, 0x0107, 0x0107, 0x0127, 0x0128, 0x0968,
    0x0989, 0x11AA, 0x11CB, 0x11CA, 0x11AA, 0x0969, 0x0948, 0x0127, 0x0107, 0x0107, 0x0107, 0x0107,
    0x0107, 0x0128, 0x0948, 0x0989, 0x11CB, 0x11EB, 0x11EB, 0x11CB, 0x11AA, 0x0969, 0x0148, 0x0127,
    0x0107, 0x0107, 0x0107, 0x0107, 0x0107, 0x0107, 0x0107, 0x0107, 0x0107, 0x0107, 0x0107, 0x0107,
    0x0107, 0x0107, 0x0107, 0x0107, 0x0107, 0x0107, 0x0107, 0x0107, 0x0107, 0x0107, 0x0107, 0x0107,
    0x0107, 0x0107, 0x0107, 0x0107, 0x0107, 0x0107, 0x0107, 0x0127, 0x0148, 0x0969, 0x11AA, 0x11CB,
    0x19EB, 0x19EB, 0x11CB, 0x098A, 0x0969, 0x0128, 0x0127, 0x0107, 0x0107, 0x0107, 0x0107, 0x0107,
    0x0107, 0x0107, 0x0107, 0x0107, 0x0127, 0x0148, 0x0969, 0x098A, 0x11CB, 0x19EB, 0x19EB, 0x11CB,
    0x11AA, 0x0969, 0x0148, 0x0127, 0x0107, 0x0107, 0x0107, 0x0107, 0x0107, 0x0107, 0x0107, 0x0107,
    0x0107, 0x0127, 0x0128, 0x0948, 0x0989, 0x11CA, 0x11EB, 0x19EB, 0x11CB, 0x11AA, 0x0969, 0x0148,
    0x0128, 0x0127, 0x0127, 0x0127, 0x0127, 0x0127, 0x0127, 0x0127, 0x0127, 0x0127, 0x0127, 0x0127,
    0x0127, 0x0127, 0x0128, 0x0128, 0x0128, 0x0128, 0x0127, 0x0127, 0x0127, 0x0127, 0x0127, 0x0127,
    0x0127, 0x0127, 0x0127, 0x0127, 0x0127, 0x0127, 0x0127, 0x0128, 0x0948, 0x0969, 0x11AA, 0x11CB,
    0x19EB, 0x19EC, 0x19EB, 0x19EB, 0x19EB, 0x19EB, 0x19EB, 0x11CB, 0x11AA, 0x0989, 0x0948, 0x0128,
    0x0127, 0x0107, 0x0107, 0x0107, 0x0107, 0x0107, 0x0107, 0x0107, 0x0107, 0x0107, 0x0127, 0x0148,
    0x0969, 0x118A, 0x11CA, 0x11CB, 0x11CA, 0x11AA, 0x0969, 0x0148, 0x0127, 0x0107, 0x0107, 0x0107,
    0x0107, 0x0127, 0x0128, 0x0968, 0x098A, 0x11CB, 0x11EB, 0x11EB, 0x11CB, 0x11AA, 0x0969, 0x0148,
    0x0127, 0x0127, 0x0127, 0x0107, 0x0107, 0x0107, 0x0107, 0x0107, 0x0107, 0x0107, 0x0107, 0x0107,
    0x0107, 0x0107, 0x0107, 0x0107, 0x0107, 0x0107, 0x0127, 0x0948, 0x0989, 0x11AA, 0x19EB, 0x19EB,
    0x19EB, 0x11CB, 0x11CB, 0x11CB, 0x11CB, 0x11EB, 0x11EB, 0x11CA, 0x0989, 0x0968, 0x0128, 0x0127,
    0x0107, 0x0107, 0x0106, 0x0107, 0x0107, 0x0106, 0x0106, 0x0106, 0x0107, 0x0107, 0x0127, 0x0148,
    0x0969, 0x11AA, 0x11CA, 0x11CB, 0x11CA, 0x118A, 0x0969, 0x0128, 0x0107, 0x0107, 0x0107, 0x0107,
    0x0127, 0x0148, 0x0969, 0x11AA, 0x11CB, 0x19EB, 0x11EB, 0x11AA, 0x0989, 0x0948, 0x0128, 0x0127,
    0x0107, 0x0107, 0x0107, 0x0107, 0x0107, 0x0107, 0x0107, 0x0107, 0x0107, 0x0107, 0x0107, 0x0107,
    0x0107, 0x0107, 0x0107, 0x0107, 0x0107, 0x0107, 0x0107, 0x0107, 0x0107, 0x0107, 0x0107, 0x0107,
    0x0107, 0x0107, 0x0107, 0x0107, 0x0107, 0x0107, 0x0127, 0x0128, 0x0948, 0x0989, 0x11CA, 0x11EB,
    0x19EB, 0x11EB, 0x11AA, 0x0969, 0x0148, 0x0127, 0x0107, 0x0107, 0x0107, 0x0107, 0x0107, 0x0107,
    0x0107, 0x0107, 0x0107, 0x0127, 0x0128, 0x0148, 0x0989, 0x11CA, 0x11EB, 0x19EB, 0x11EB, 0x11AA,
    0x0989, 0x0948, 0x0127, 0x0107, 0x0107, 0x0107, 0x0107, 0x0107, 0x0107, 0x0107, 0x0107, 0x0107,
    0x0127, 0x0127, 0x0948, 0x0969, 0x11AA, 0x11CB, 0x19EB, 0x11EB, 0x11CA, 0x0989, 0x0948, 0x0128,
    0x0127, 0x0107, 0x0107, 0x0107, 0x0107, 0x0107, 0x0107, 0x0107, 0x0107, 0x0107, 0x0107, 0x0107,
    0x0107, 0x0107, 0x0107, 0x0107, 0x0107, 0x0107, 0x0127, 0x0107, 0x0107, 0x0107, 0x0107, 0x0107,
    0x0107, 0x0107, 0x0107, 0x0107, 0x0107, 0x0107, 0x0127, 0x0128, 0x0969, 0x1189, 0x11CA, 0x19EB,
    0x19EB, 0x11CB, 0x11CA, 0x11AA, 0x11AA, 0x11CB, 0x11EB, 0x11EB, 0x11CA, 0x0989, 0x0968, 0x0128,
    0x0127, 0x0107, 0x0107, 0x0107, 0x0107, 0x0107, 0x0107, 0x0107, 0x0107, 0x0107, 0x0107, 0x0127,
    0x0948, 0x0969, 0x11AA, 0x11CA, 0x11CB, 0x11AA, 0x0989, 0x0968, 0x0128, 0x0107, 0x0107, 0x0107,
    0x0107, 0x0127, 0x0948, 0x0989, 0x11AA, 0x11EB, 0x11EB, 0x11EB, 0x11AA, 0x0989, 0x0948, 0x0128,
    0x0127, 0x0107, 0x0107, 0x0107, 0x0107, 0x0107, 0x0107, 0x0107, 0x0107, 0x0107, 0x0107, 0x0107,
    0x0107, 0x0107, 0x0107, 0x0107, 0x0127, 0x0127, 0x0148, 0x0969, 0x11AA, 0x11CB, 0x19EB, 0x19EB,
    0x11CB, 0x11AA, 0x098A, 0x098A, 0x11AA, 0x11CA, 0x11EB, 0x11CB, 0x11AA, 0x0989, 0x0948, 0x0127,
    0x0107, 0x0107, 0x0106, 0x0106, 0x0106, 0x0106, 0x0106, 0x0106, 0x0106, 0x0107, 0x0107, 0x0127,
    0x0948, 0x0989, 0x11AA, 0x11CB, 0x11CB, 0x11AA, 0x0989, 0x0948, 0x0127, 0x0107, 0x0107, 0x0107,
    0x0128, 0x0948, 0x098A, 0x11CB, 0x11EB, 0x11EB, 0x11CB, 0x098A, 0x0969, 0x0148, 0x0127, 0x0107,
    0x0107, 0x0107, 0x0107, 0x0107, 0x0107, 0x0107, 0x0107, 0x0107, 0x0107, 0x0107, 0x0107, 0x0107,
    0x0107, 0x0107, 0x0107, 0x0107, 0x0107, 0x0107, 0x0107, 0x0107, 0x0107, 0x0107, 0x0107, 0x0107,
    0x0107, 0x0107, 0x0107, 0x0107, 0x0107, 0x0107, 0x0127, 0x0148, 0x0969, 0x11AA, 0x11CB, 0x19EC,
    0x11EB, 0x11CB, 0x0989, 0x0948, 0x0128, 0x0107, 0x0107, 0x0107, 0x0107, 0x0107, 0x0107, 0x0107,
    0x0107, 0x0107, 0x0107, 0x0127, 0x0148, 0x0969, 0x11AA, 0x11CB, 0x19EB, 0x11EB, 0x11CB, 0x098A,
    0x0969, 0x0148, 0x0127, 0x0107, 0x0107, 0x0107, 0x0107, 0x0107, 0x0107, 0x0107, 0x0107, 0x0107,
    0x0127, 0x0148, 0x0969, 0x09AA, 0x11CB, 0x19EB, 0x19EB, 0x11CB, 0x09AA, 0x0969, 0x0148, 0x0127,
    0x0107, 0x0107, 0x0107, 0x0107, 0x0107, 0x0107, 0x0107, 0x0107, 0x0107, 0x0107, 0x0107, 0x0107,
    0x0107, 0x0107, 0x0107, 0x0107, 0x0107, 0x0107, 0x0107, 0x0107, 0x0107, 0x0107, 0x0107, 0x0107,
    0x0107, 0x0107, 0x0107, 0x0107, 0x0107, 0x0107, 0x0128, 0x0948, 0x0969, 0x11AA, 0x11CB, 0x19EB,
    0x11CB, 0x11AA, 0x0989, 0x0989, 0x0989, 0x11AA, 0x11CB, 0x11EB, 0x11CB, 0x11AA, 0x0969, 0x0948,
    0x0127, 0x0107, 0x0107, 0x0107, 0x0107, 0x0107, 0x0107, 0x0107, 0x0107, 0x0107, 0x0107, 0x0127,
    0x0128, 0x0968, 0x0989, 0x11CA, 0x11CB, 0x11CB, 0x11AA, 0x0969, 0x0948, 0x0127, 0x0127, 0x0107,
    0x0127, 0x0128, 0x0969, 0x09AA, 0x11CB, 0x11EB, 0x11EB, 0x11CB, 0x098A, 0x0969, 0x0148, 0x0127,
    0x0107, 0x0107, 0x0107, 0x0107, 0x0107, 0x0107, 0x0107, 0x0107, 0x0107, 0x0107, 0x0107, 0x0107,
    0x0107, 0x0107, 0x0127, 0x0127, 0x0127, 0x0128, 0x0969, 0x0989, 0x11CB, 0x19EB, 0x19EB, 0x11EB,
    0x11AA, 0x0989, 0x0969, 0x0969, 0x0989, 0x11AA, 0x11CB, 0x11CB, 0x11CA, 0x118A, 0x0969, 0x0148,
    0x0127, 0x0107, 0x0107, 0x0106, 0x0106, 0x0106, 0x0106, 0x0106, 0x0107, 0x0107, 0x0107, 0x0127,
    0x0148, 0x0969, 0x11AA, 0x11CA, 0x11CB, 0x11CB, 0x11AA, 0x0969, 0x0148, 0x0127, 0x0107, 0x0127,
    0x0148, 0x0969, 0x11AA, 0x11CB, 0x19EB, 0x11CB, 0x11AA, 0x0989, 0x0948, 0x0128, 0x0107, 0x0107,
    0x0107, 0x0107, 0x0107, 0x0107, 0x0107, 0x0107, 0x0107, 0x0107, 0x0107, 0x0107, 0x0107, 0x0107,
    0x0107, 0x0107, 0x0107, 0x0107, 0x0107, 0x0107, 0x0107, 0x0107, 0x0107, 0x0107, 0x0107, 0x0107,
    0x0107, 0x0107, 0x0107, 0x0107, 0x0107, 0x0127, 0x0128, 0x0949, 0x098A, 0x11CB, 0x11EB, 0x19EB,
    0x11CB, 0x11AA, 0x0969, 0x0148, 0x0127, 0x0107, 0x0107, 0x0107, 0x0107, 0x0107, 0x0107, 0x0107,
    0x0107, 0x0107, 0x0127, 0x0128, 0x0948, 0x0989, 0x11CB, 0x11EB, 0x19EB, 0x11EB, 0x11AA, 0x0989,
    0x0148, 0x0127, 0x0107, 0x0107, 0x0107, 0x0107, 0x0107, 0x0107, 0x0107, 0x0107, 0x0107, 0x0127,
    0x0128, 0x0968, 0x0989, 0x11CB, 0x11EB, 0x19EC, 0x11EB, 0x11AA, 0x0989, 0x0148, 0x0127, 0x0107,
    0x0107, 0x0107, 0x0107, 0x0107, 0x0107, 0x0107, 0x0107, 0x0107, 0x0107, 0x0107, 0x0107, 0x0107,
    0x0107, 0x0107, 0x0107, 0x0107, 0x0107, 0x0107, 0x0107, 0x0107, 0x0107, 0x0107, 0x0107, 0x0107,
    0x0107, 0x0107, 0x0107, 0x0107, 0x0107, 0x0127, 0x0148, 0x0969, 0x118A, 0x11CB, 0x19EB, 0x19EB,
    0x11CA, 0x1189, 0x0969, 0x0948, 0x0969, 0x0989, 0x11AA, 0x11EB, 0x11EB, 0x11CA, 0x118A, 0x0969,
    0x0128, 0x0127, 0x0107, 0x0107, 0x0107, 0x0107, 0x0107, 0x0107, 0x0107, 0x0107, 0x0107, 0x0107,
    0x0127, 0x0948, 0x0969, 0x11AA, 0x11CB, 0x11CB, 0x11CA, 0x118A, 0x0969, 0x0148, 0x0127, 0x0127,
    0x0127, 0x0948, 0x0989, 0x11AA, 0x11EB, 0x11EB, 0x11CB, 0x11AA, 0x0969, 0x0148, 0x0127, 0x0107,
    0x0107, 0x0107, 0x0107, 0x0107, 0x0107, 0x0107, 0x0107, 0x0107, 0x0107, 0x0107, 0x0107, 0x0107,
    0x0107, 0x0127, 0x0127, 0x0127, 0x0128, 0x0148, 0x0989, 0x11CA, 0x11EB, 0x1A0C, 0x19EB, 0x11CB,
    0x098A, 0x0968, 0x0148, 0x0148, 0x0968, 0x0989, 0x11AA, 0x11CB, 0x11CB, 0x11AA, 0x0989, 0x0948,
    0x0128, 0x0107, 0x0107, 0x0106, 0x0106, 0x0106, 0x0106, 0x0107, 0x0107, 0x0107, 0x0107, 0x0107,
    0x0127, 0x0948, 0x0989, 0x11AA, 0x11CB, 0x11CB, 0x11CA, 0x0989, 0x0968, 0x0148, 0x0128, 0x0148,
    0x0969, 0x118A, 0x11CB, 0x11EB, 0x11EB, 0x11CA, 0x0989, 0x0969, 0x0128, 0x0127, 0x0107, 0x0107,
    0x0107, 0x0107, 0x0107, 0x0107, 0x0107, 0x0107, 0x0107, 0x0107, 0x0107, 0x0107, 0x0107, 0x0107,
    0x0107, 0x0107, 0x0107, 0x0107, 0x0107, 0x0107, 0x0107, 0x0107, 0x0107, 0x0107, 0x0107, 0x0107,
    0x0107, 0x0107, 0x0107, 0x0107, 0x0107, 0x0127, 0x0148, 0x0969, 0x11AA, 0x11CB, 0x19EB, 0x11EB,
    0x11AA, 0x0989, 0x0948, 0x0127, 0x0107, 0x0107, 0x0107, 0x0107, 0x0107, 0x0107, 0x0107, 0x0107,
    0x0107, 0x0107, 0x0127, 0x0148, 0x0969, 0x11AA, 0x11EB, 0x19EC, 0x11EB, 0x11CB, 0x098A, 0x0969,
    0x0128, 0x0127, 0x0107, 0x0107, 0x0107, 0x0107, 0x0107, 0x0107, 0x0107, 0x0107, 0x0127, 0x0128,
    0x0148, 0x0989, 0x11AA, 0x11EB, 0x1A0C, 0x19EC, 0x11CB, 0x09AA, 0x0969, 0x0128, 0x0107, 0x0107,
    0x0107, 0x0107, 0x0107, 0x0107, 0x0107, 0x0107, 0x0107, 0x0106, 0x0106, 0x0107, 0x0107, 0x0107,
    0x0107, 0x0107, 0x0107, 0x0107, 0x0107, 0x0107, 0x0107, 0x0107, 0x0107, 0x0107, 0x0107, 0x0107,
    0x0107, 0x0107, 0x0107, 0x0107, 0x0107, 0x0128, 0x0948, 0x0989, 0x11AA, 0x11EB, 0x19EB, 0x11CB,
    0x11AA, 0x0969, 0x0948, 0x0148, 0x0948, 0x0969, 0x11AA, 0x11CB, 0x11EB, 0x11CB, 0x11AA, 0x0989,
    0x0948, 0x0128, 0x0107, 0x0107, 0x0107, 0x0107, 0x0107, 0x0107, 0x0106, 0x0106, 0x0107, 0x0107,
    0x0127, 0x0127, 0x0948, 0x0989, 0x11AA, 0x11CB, 0x11CB, 0x11AA, 0x0989, 0x0948, 0x0148, 0x0128,
    0x0148, 0x0969, 0x11AA, 0x11CB, 0x11EB, 0x11EB, 0x11AA, 0x0989, 0x0948, 0x0127, 0x0127, 0x0107,
    0x0107, 0x0106, 0x0107, 0x0107, 0x0107, 0x0107, 0x0107, 0x0107, 0x0107, 0x0107, 0x0107, 0x0107,
    0x0127, 0x0127, 0x0127, 0x0128, 0x0148, 0x0969, 0x09AA, 0x11EB, 0x1A0C, 0x1A0C, 0x11EB, 0x11AA,
    0x0969, 0x0148, 0x0127, 0x0127, 0x0148, 0x0969, 0x11AA, 0x11CA, 0x11EB, 0x11CB, 0x11AA, 0x0969,
    0x0148, 0x0127, 0x0107, 0x0107, 0x0107, 0x0106, 0x0106, 0x0107, 0x0107, 0x0107, 0x0107, 0x0107,
    0x0127, 0x0148, 0x0969, 0x11AA, 0x11CA, 0x11EB, 0x11CB, 0x11AA, 0x0989, 0x0968, 0x0948, 0x0968,
    0x0989, 0x11AA, 0x11CB, 0x11EB, 0x11CB, 0x11AA, 0x0969, 0x0148, 0x0127, 0x0107, 0x0107, 0x0107,
    0x0107, 0x0107, 0x0107, 0x0107, 0x0107, 0x0107, 0x0107, 0x0107, 0x0107, 0x0107, 0x0107, 0x0107,
    0x0107, 0x0107, 0x0107, 0x0107, 0x0107, 0x0107, 0x0107, 0x0107, 0x0107, 0x0107, 0x0107, 0x0107,
    0x0107, 0x0107, 0x0107, 0x0107, 0x0127, 0x0128, 0x0969, 0x098A, 0x11CB, 0x19EB, 0x19EB, 0x11CB,
    0x118A, 0x0969, 0x0148, 0x0127, 0x0107, 0x0107, 0x0107, 0x0107, 0x0107, 0x0107, 0x0107, 0x0107,
    0x0107, 0x0127, 0x0128, 0x0969, 0x098A, 0x11CB, 0x11EB, 0x19EC, 0x11EB, 0x11AA, 0x0969, 0x0148,
    0x0127, 0x0107, 0x0107, 0x0107, 0x0107, 0x0107, 0x0107, 0x0107, 0x0107, 0x0107, 0x0127, 0x0148,
    0x0969, 0x09AA, 0x11CB, 0x1A0C, 0x1A0C, 0x11EB, 0x11AA, 0x0989, 0x0148, 0x0127, 0x0107, 0x0107,
    0x0107, 0x00E7, 0x00E6, 0x0106, 0x0106, 0x0106, 0x0106, 0x0106, 0x0106, 0x0106, 0x0106, 0x0106,
    0x0106, 0x0106, 0x0106, 0x0106, 0x0107, 0x0107, 0x0107, 0x0107, 0x0107, 0x0107, 0x0107, 0x0107,
    0x0107, 0x0107, 0x0107, 0x0107, 0x0127, 0x0148, 0x0969, 0x11AA, 0x11CB, 0x19EB, 0x11EB, 0x11CA,
    0x0989, 0x0948, 0x0128, 0x0127, 0x0128, 0x0948, 0x0989, 0x11CA, 0x11EB, 0x11EB, 0x11CB, 0x11AA,
    0x0969, 0x0148, 0x0127, 0x0107, 0x0107, 0x0107, 0x0107, 0x0107, 0x0106, 0x0106, 0x0107, 0x0107,
    0x0107, 0x0127, 0x0148, 0x0969, 0x11AA, 0x11CB, 0x11CB, 0x11CB, 0x11AA, 0x0969, 0x0948, 0x0948,
    0x0969, 0x0989, 0x11CA, 0x11EB, 0x11EB, 0x11CB, 0x11AA, 0x0969, 0x0148, 0x0127, 0x0107, 0x0107,
    0x0106, 0x0106, 0x0107, 0x0107, 0x0107, 0x0107, 0x0107, 0x0107, 0x0107, 0x0107, 0x0107, 0x0107,
    0x0127, 0x0127, 0x0128, 0x0148, 0x0969, 0x098A, 0x11CB, 0x1A0C, 0x1A0C, 0x1A0C, 0x11CB, 0x098A,
    0x0969, 0x0128, 0x0127, 0x0127, 0x0127, 0x0948, 0x0989, 0x11AA, 0x11CB, 0x11CB, 0x11CA, 0x098A,
    0x0969, 0x0128, 0x0127, 0x0107, 0x0107, 0x0106, 0x0107, 0x0107, 0x0107, 0x0107, 0x0107, 0x0107,
    0x0107, 0x0127, 0x0948, 0x0989, 0x11AA, 0x11CB, 0x11EB, 0x11CB, 0x11AA, 0x0989, 0x0969, 0x0989,
    0x11AA, 0x11CB, 0x11EB, 0x11CB, 0x11AA, 0x0989, 0x0948, 0x0128, 0x0127, 0x0107, 0x0107, 0x0107,
    0x0107, 0x0107, 0x0107, 0x0107, 0x0107, 0x0107, 0x0107, 0x0107, 0x0107, 0x0107, 0x0107, 0x0107,
    0x0107, 0x0107, 0x0107, 0x0107, 0x0107, 0x0107, 0x0107, 0x0107, 0x0107, 0x0107, 0x0107, 0x0107,
    0x0107, 0x0107, 0x0107, 0x0107, 0x0128, 0x0948, 0x0989, 0x11AA, 0x11EB, 0x19EB, 0x11EB, 0x11AA,
    0x0969, 0x0948, 0x0127, 0x0107, 0x0107, 0x0107, 0x0107, 0x0107, 0x0107, 0x0107, 0x0107, 0x0107,
    0x0107, 0x0127, 0x0948, 0x0989, 0x11AA, 0x11EB, 0x19EC, 0x11EB, 0x11CB, 0x098A, 0x0948, 0x0128,
    0x0127, 0x0107, 0x0107, 0x0107, 0x0107, 0x0107, 0x0107, 0x0107, 0x0107, 0x0127, 0x0128, 0x0148,
    0x0989, 0x11CB, 0x19EC, 0x1A0C, 0x1A0C, 0x11CB, 0x098A, 0x0969, 0x0128, 0x0127, 0x0107, 0x0107,
    0x0107, 0x00E6, 0x00E6, 0x0106, 0x0106, 0x0106, 0x0106, 0x0106, 0x0106, 0x0106, 0x0106, 0x0106,
    0x0106, 0x0106, 0x0106, 0x0106, 0x0106, 0x0107, 0x0107, 0x0107, 0x0107, 0x0107, 0x0107, 0x0106,
    0x0106, 0x0107, 0x0107, 0x0107, 0x0128, 0x0948, 0x098A, 0x11CB, 0x11EB, 0x19EB, 0x11CB, 0x11AA,
    0x0969, 0x0148, 0x0127, 0x0127, 0x0127, 0x0148, 0x0969, 0x09AA, 0x11CB, 0x11EB, 0x11EB, 0x11CB,
    0x098A, 0x0969, 0x0128, 0x0127, 0x0107, 0x0107, 0x0107, 0x0107, 0x0106, 0x0106, 0x0107, 0x0107,
    0x0107, 0x0127, 0x0128, 0x0968, 0x0989, 0x11CA, 0x11CB, 0x11CB, 0x11CA, 0x118A, 0x0969, 0x0969,
    0x0989, 0x11AA, 0x11CB, 0x11EB, 0x11CB, 0x11AA, 0x0989, 0x0948, 0x0127, 0x0127, 0x0107, 0x0107,
    0x0106, 0x0106, 0x0107, 0x0107, 0x0107, 0x0107, 0x0107, 0x0107, 0x0107, 0x0107, 0x0107, 0x0107,
    0x0127, 0x0127, 0x0128, 0x0148, 0x0989, 0x11CA, 0x11EC, 0x1A0C, 0x1A0C, 0x11EC, 0x11AA, 0x0989,
    0x0148, 0x0128, 0x0127, 0x0127, 0x0127, 0x0148, 0x0969, 0x11AA, 0x11CB, 0x11EB, 0x11CB, 0x11AA,
    0x0989, 0x0948, 0x0128, 0x0127, 0x0107, 0x0107, 0x0107, 0x0107, 0x0107, 0x0107, 0x0107, 0x0107,
    0x0107, 0x0107, 0x0128, 0x0968, 0x0989, 0x11CA, 0x11EB, 0x11EB, 0x11CB, 0x11AA, 0x11AA, 0x11AA,
    0x11CB, 0x11CB, 0x11EB, 0x11CA, 0x09AA, 0x0969, 0x0148, 0x0127, 0x0107, 0x0107, 0x0107, 0x0107,
    0x0107, 0x0107, 0x0107, 0x0107, 0x0107, 0x0107, 0x0107, 0x0107, 0x0107, 0x0107, 0x0107, 0x0107,
    0x0107, 0x0107, 0x0107, 0x0107, 0x0107, 0x0107, 0x0107, 0x0107, 0x0107, 0x0107, 0x0107, 0x0107,
    0x0107, 0x0107, 0x0107, 0x0127, 0x0128, 0x0969, 0x11AA, 0x11CB, 0x11EB, 0x11EB, 0x11CB, 0x098A,
    0x0968, 0x0128, 0x0127, 0x0107, 0x0107, 0x0107, 0x0107, 0x0107, 0x0107, 0x0107, 0x0107, 0x0107,
    0x0127, 0x0128, 0x0969, 0x098A, 0x11CB, 0x11EC, 0x19EC, 0x11CB, 0x11AA, 0x0969, 0x0148, 0x0127,
    0x0107, 0x0107, 0x0107, 0x0107, 0x0107, 0x0107, 0x0107, 0x0107, 0x0107, 0x0127, 0x0148, 0x0969,
    0x11AA, 0x11EB, 0x1A0C, 0x1A0C, 0x11EC, 0x11CA, 0x0989, 0x0148, 0x0127, 0x0107, 0x0107, 0x0107,
    0x0107, 0x0107, 0x0107, 0x0107, 0x0106, 0x0106, 0x0106, 0x0106, 0x0106, 0x0106, 0x0107, 0x0107,
    0x0107, 0x0107, 0x0107, 0x0107, 0x0107, 0x0107, 0x0107, 0x0107, 0x0107, 0x0107, 0x0107, 0x0106,
    0x0107, 0x0107, 0x0107, 0x0127, 0x0148, 0x0969, 0x11AA, 0x11CB, 0x19EB, 0x11EB, 0x11CA, 0x0989,
    0x0948, 0x0128, 0x0127, 0x0127, 0x0127, 0x0128, 0x0968, 0x0989, 0x11CA, 0x11EB, 0x11EB, 0x11EB,
    0x11AA, 0x0989, 0x0148, 0x0127, 0x0107, 0x0107, 0x0107, 0x0107, 0x0107, 0x0107, 0x0107, 0x0107,
    0x0107, 0x0107, 0x0127, 0x0148, 0x0969, 0x11AA, 0x11CB, 0x11EB, 0x11CB, 0x11AA, 0x11AA, 0x118A,
    0x11AA, 0x11CB, 0x11EB, 0x11EB, 0x11CA, 0x0989, 0x0968, 0x0128, 0x0127, 0x0107, 0x0107, 0x0107,
    0x0106, 0x0106, 0x0107, 0x0107, 0x0107, 0x0107, 0x0107, 0x0107, 0x0107, 0x0107, 0x0107, 0x0107,
    0x0128, 0x0128, 0x0148, 0x0969, 0x09AA, 0x11EB, 0x1A0C, 0x1A2C, 0x1A0C, 0x11EB, 0x09AA, 0x0969,
    0x0148, 0x0128, 0x0127, 0x0127, 0x0127, 0x0148, 0x0969, 0x098A, 0x11CB, 0x11EB, 0x11EB, 0x11CB,
    0x11AA, 0x0969, 0x0148, 0x0127, 0x0107, 0x0107, 0x0107, 0x0107, 0x0107, 0x0107, 0x0107, 0x0107,
    0x0107, 0x0107, 0x0127, 0x0948, 0x0969, 0x11AA, 0x11CB, 0x19EB, 0x19EB, 0x11CB, 0x11CB, 0x11CB,
    0x11EB, 0x11EB, 0x11CB, 0x11AA, 0x0989, 0x0148, 0x0127, 0x0107, 0x0107, 0x0107, 0x0107, 0x0107,
    0x0107, 0x0107, 0x0107, 0x0107, 0x0107, 0x0107, 0x0107, 0x0107, 0x0107, 0x0107, 0x0107, 0x0107,
    0x0107, 0x0107, 0x0107, 0x0107, 0x0107, 0x0107, 0x0107, 0x0107, 0x0107, 0x0107, 0x0107, 0x0107,
    0x0107, 0x0107, 0x0107, 0x0127, 0x0948, 0x0989, 0x11AA, 0x11EB, 0x11EB, 0x11CB, 0x11AA, 0x0969,
    0x0148, 0x0127, 0x0107, 0x0107, 0x0107, 0x0107, 0x0107, 0x0107, 0x0107, 0x0107, 0x0107, 0x0107,
    0x0127, 0x0948, 0x0989, 0x11AA, 0x11EB, 0x19EC, 0x11EB, 0x11CB, 0x098A, 0x0948, 0x0128, 0x0127,
    0x0107, 0x0107, 0x0107, 0x0107, 0x0107, 0x0107, 0x0107, 0x0107, 0x0127, 0x0128, 0x0969, 0x098A,
    0x11CB, 0x1A0C, 0x1A2D, 0x1A0C, 0x11EB, 0x09AA, 0x0969, 0x0148, 0x0127, 0x0107, 0x0107, 0x0107,
    0x0107, 0x0107, 0x0107, 0x0107, 0x0107, 0x0107, 0x0107, 0x0107, 0x0107, 0x0107, 0x0107, 0x0107,
    0x0107, 0x0107, 0x0107, 0x0107, 0x0107, 0x0107, 0x0107, 0x0107, 0x0107, 0x0107, 0x0107, 0x0107,
    0x0107, 0x0107, 0x0127, 0x0128, 0x0969, 0x118A, 0x11CB, 0x19EB, 0x19EC, 0x11CB, 0x11AA, 0x0969,
    0x0148, 0x0128, 0x0127, 0x0127, 0x0127, 0x0128, 0x0148, 0x0969, 0x09AA, 0x11EB, 0x11EC, 0x11EC,
    0x11CB, 0x09AA, 0x0969, 0x0148, 0x0127, 0x0107, 0x0107, 0x0107, 0x0107, 0x0107, 0x0107, 0x0107,
    0x0107, 0x0107, 0x0127, 0x0127, 0x0948, 0x0989, 0x11AA, 0x11CB, 0x19EB, 0x11CB, 0x11CB, 0x11CB,
    0x11CB, 0x11EB, 0x11EB, 0x11CB, 0x11AA, 0x0969, 0x0148, 0x0127, 0x0107, 0x0107, 0x0107, 0x0107,
    0x0107, 0x0106, 0x0107, 0x0107, 0x0106, 0x0107, 0x0107, 0x0107, 0x0107, 0x0107, 0x0107, 0x0107,
    0x0148, 0x0148, 0x0969, 0x098A, 0x11CB, 0x120C, 0x1A2D, 0x1A2D, 0x1A0C, 0x11CB, 0x098A, 0x0969,
    0x0149, 0x0148, 0x0128, 0x0128, 0x0148, 0x0148, 0x0969, 0x098A, 0x11CB, 0x11EC, 0x1A0C, 0x11EC,
    0x11CB, 0x098A, 0x0969, 0x0128, 0x0127, 0x0107, 0x0107, 0x0107, 0x0107, 0x0107, 0x0107, 0x0107,
    0x0107, 0x0107, 0x0107, 0x0127, 0x0948, 0x0989, 0x11CA, 0x19EB, 0x19EC, 0x1A0C, 0x1A0C, 0x1A0C,
    0x19EC, 0x11EB, 0x11CA, 0x0989, 0x0968, 0x0128, 0x0127, 0x0107, 0x0107, 0x0107, 0x0107, 0x0107,
    0x0107, 0x0107, 0x0107, 0x0107, 0x0107, 0x0107, 0x0107, 0x0107, 0x0107, 0x0107, 0x0107, 0x0107,
    0x0107, 0x0107, 0x0107, 0x0107, 0x0107, 0x0107, 0x0107, 0x0107, 0x0107, 0x0107, 0x0107, 0x0107,
    0x0107, 0x0107, 0x0127, 0x0148, 0x0969, 0x11AA, 0x11CB, 0x11EB, 0x11EB, 0x11AA, 0x0989, 0x0948,
    0x0127, 0x0107, 0x0107, 0x0107, 0x0107, 0x0107, 0x0107, 0x0107, 0x0107, 0x0107, 0x0107, 0x0127,
    0x0148, 0x0969, 0x11AA, 0x11CB, 0x19EC, 0x19EC, 0x11CB, 0x09AA, 0x0969, 0x0148, 0x0127, 0x0107,
    0x0107, 0x0107, 0x0107, 0x0107, 0x0107, 0x0107, 0x0107, 0x0107, 0x0127, 0x0148, 0x0989, 0x11AB,
    0x19EC, 0x1A2D, 0x1A2D, 0x1A0C, 0x11CB, 0x09AA, 0x0969, 0x0148, 0x0128, 0x0128, 0x0127, 0x0127,
    0x0127, 0x0127, 0x0127, 0x0127, 0x0127, 0x0127, 0x0127, 0x0127, 0x0127, 0x0127, 0x0127, 0x0127,
    0x0127, 0x0127, 0x0127, 0x0127, 0x0127, 0x0127, 0x0127, 0x0127, 0x0127, 0x0127, 0x0127, 0x0127,
    0x0127, 0x0128, 0x0148, 0x0949, 0x0989, 0x11CB, 0x19EB, 0x1A0C, 0x19EC, 0x11CB, 0x098A, 0x0969,
    0x0148, 0x0148, 0x0128, 0x0128, 0x0128, 0x0148, 0x0148, 0x0969, 0x09AA, 0x11CB, 0x1A0C, 0x1A0C,
    0x11EC, 0x11CB, 0x0989, 0x0948, 0x0128, 0x0107, 0x0107, 0x0107, 0x0107, 0x0107, 0x0107, 0x0107,
    0x0107, 0x0107, 0x0107, 0x0127, 0x0148, 0x0969, 0x118A, 0x11CB, 0x19EB, 0x19EC, 0x19EC, 0x19EC,
    0x1A0C, 0x19EC, 0x11EB, 0x11CA, 0x0989, 0x0948, 0x0128, 0x0127, 0x0107, 0x0107, 0x0107, 0x0107,
    0x0107, 0x0106, 0x0106, 0x0106, 0x0106, 0x0106, 0x0107, 0x0107, 0x0107, 0x0107, 0x0107, 0x0107,
    0x0969, 0x0969, 0x098A, 0x11CB, 0x11EC, 0x1A2D, 0x1A2D, 0x1A2D, 0x1A0C, 0x11CB, 0x09AA, 0x098A,
    0x0969, 0x0969, 0x0969, 0x0969, 0x0969, 0x0969, 0x098A, 0x09AA, 0x11CB, 0x120C, 0x1A2D, 0x1A2C,
    0x11EC, 0x11CB, 0x0989, 0x0148, 0x0128, 0x0127, 0x0107, 0x0107, 0x0107, 0x0107, 0x0107, 0x0107,
    0x0107, 0x0107, 0x0107, 0x0127, 0x0148, 0x0969, 0x11AA, 0x11CB, 0x1A0C, 0x1A0C, 0x1A2D, 0x1A2C,
    0x1A0C, 0x11CB, 0x11AA, 0x0969, 0x0148, 0x0127, 0x0107, 0x0107, 0x0107, 0x0107, 0x0107, 0x0107,
    0x0107, 0x0107, 0x0107, 0x0107, 0x0107, 0x0107, 0x0107, 0x0107, 0x0107, 0x0107, 0x0107, 0x0107,
    0x0107, 0x0107, 0x0107, 0x0107, 0x0107, 0x0107, 0x0107, 0x0107, 0x0107, 0x0107, 0x0107, 0x0107,
    0x0107, 0x0127, 0x0128, 0x0948, 0x0989, 0x11CA, 0x11EB, 0x11EB, 0x11CB, 0x118A, 0x0969, 0x0128,
    0x0127, 0x0107, 0x0107, 0x0107, 0x0107, 0x0107, 0x0107, 0x0107, 0x0107, 0x0107, 0x0127, 0x0127,
    0x0948, 0x0989, 0x11CB, 0x11EB, 0x19EC, 0x11EB, 0x11AA, 0x0989, 0x0148, 0x0128, 0x0107, 0x0107,
    0x0107, 0x0107, 0x0107, 0x0107, 0x0107, 0x0107, 0x0107, 0x0127, 0x0128, 0x0969, 0x09AA, 0x11EB,
    0x1A2D, 0x1A4D, 0x1A4D, 0x1A0D, 0x11EB, 0x11AA, 0x098A, 0x0969, 0x0969, 0x0948, 0x0948, 0x0948,
    0x0948, 0x0948, 0x0948, 0x0948, 0x0948, 0x0948, 0x0948, 0x0948, 0x0948, 0x0948, 0x0948, 0x0948,
    0x0948, 0x0948, 0x0948, 0x0948, 0x0948, 0x0948, 0x0948, 0x0948, 0x0948, 0x0948, 0x0948, 0x0948,
    0x0948, 0x0948, 0x0969, 0x098A, 0x11CB, 0x19EC, 0x1A0C, 0x1A0C, 0x1A0C, 0x11CB, 0x11AA, 0x0989,
    0x0969, 0x0969, 0x0969, 0x0969, 0x0969, 0x0969, 0x0969, 0x098A, 0x11AA, 0x11EB, 0x1A0C, 0x1A2D,
    0x1A0C, 0x11EB, 0x11AA, 0x0969, 0x0148, 0x0127, 0x0107, 0x0107, 0x0107, 0x0107, 0x0107, 0x0107,
    0x0107, 0x0107, 0x0107, 0x0107, 0x0127, 0x0948, 0x0969, 0x11AA, 0x11EB, 0x1A0C, 0x1A2C, 0x1A2D,
    0x1A2C, 0x1A0C, 0x11CB, 0x11AA, 0x0969, 0x0148, 0x0127, 0x0107, 0x0107, 0x0107, 0x0107, 0x0107,
    0x0107, 0x0106, 0x0106, 0x0106, 0x0106, 0x0106, 0x0107, 0x0107, 0x0107, 0x0107, 0x0107, 0x0107,
    0x09AA, 0x11AA, 0x11CB, 0x11EC, 0x1A2D, 0x1A4D, 0x1A4E, 0x1A2D, 0x1A0D, 0x11EC, 0x11CB, 0x11AA,
    0x09AA, 0x09AA, 0x098A, 0x098A, 0x09AA, 0x09AA, 0x11AB, 0x11CB, 0x11EC, 0x1A0D, 0x1A2D, 0x1A2D,
    0x1A0C, 0x11EB, 0x09AA, 0x0969, 0x0148, 0x0127, 0x0107, 0x0107, 0x0107, 0x0107, 0x0107, 0x0107,
    0x0107, 0x0107, 0x0107, 0x0107, 0x0127, 0x0948, 0x0989, 0x11CB, 0x19EC, 0x1A2D, 0x1A2D, 0x1A2D,
    0x1A0C, 0x11CB, 0x098A, 0x0949, 0x0128, 0x0127, 0x0107, 0x0107, 0x0107, 0x0107, 0x0107, 0x0107,
    0x0107, 0x0107, 0x0107, 0x0107, 0x0107, 0x0107, 0x0107, 0x0107, 0x0107, 0x0107, 0x0107, 0x0107,
    0x0107, 0x0107, 0x0107, 0x0107, 0x0107, 0x0107, 0x0107, 0x0107, 0x0107, 0x0107, 0x0107, 0x0107,
    0x0107, 0x0127, 0x0948, 0x0969, 0x11AA, 0x11CB, 0x19EB, 0x11CB, 0x11AA, 0x0989, 0x0948, 0x0127,
    0x0107, 0x0107, 0x0107, 0x0107, 0x0107, 0x0107, 0x0107, 0x0107, 0x0107, 0x0107, 0x0127, 0x0148,
    0x0969, 0x11AA, 0x11EB, 0x1A0C, 0x1A0C, 0x11CB, 0x09AA, 0x0969, 0x0148, 0x0127, 0x0107, 0x0107,
    0x0107, 0x0107, 0x0107, 0x0107, 0x0107, 0x0107, 0x0107, 0x0128, 0x0148, 0x0989, 0x11CB, 0x1A0C,
    0x1A4E, 0x226E, 0x224E, 0x1A2D, 0x19EC, 0x11CB, 0x11AA, 0x11AA, 0x118A, 0x118A, 0x098A, 0x0989,
    0x0989, 0x0989, 0x0989, 0x0989, 0x0989, 0x0989, 0x0989, 0x0989, 0x0989, 0x0989, 0x0989, 0x0989,
    0x0989, 0x0989, 0x0989, 0x098A, 0x098A, 0x098A, 0x098A, 0x0989, 0x0989, 0x0989, 0x0989, 0x0989,
    0x1189, 0x118A, 0x11AA, 0x11CB, 0x19EC, 0x1A0C, 0x1A2D, 0x1A2D, 0x1A0C, 0x11EB, 0x11CB, 0x11AA,
    0x09AA, 0x098A, 0x098A, 0x098A, 0x098A, 0x09AA, 0x09AA, 0x11AB, 0x11CB, 0x120C, 0x1A2D, 0x1A2D,
    0x1A2D, 0x1A0C, 0x11CB, 0x0989, 0x0148, 0x0127, 0x0127, 0x0107, 0x0107, 0x0107, 0x0107, 0x0107,
    0x0107, 0x0107, 0x0107, 0x0107, 0x0127, 0x0128, 0x0969, 0x098A, 0x11CB, 0x1A0C, 0x1A2D, 0x1A2D,
    0x1A2D, 0x1A0C, 0x11CB, 0x0989, 0x0948, 0x0128, 0x0107, 0x0107, 0x0107, 0x0107, 0x0107, 0x0107,
    0x0107, 0x0106, 0x0106, 0x0106, 0x0106, 0x0107, 0x0107, 0x0107, 0x0107, 0x0107, 0x0107, 0x0107,
    0x11CB, 0x11EB, 0x19EC, 0x1A0D, 0x1A2D, 0x1A4E, 0x1A4E, 0x1A4D, 0x1A2D, 0x120C, 0x11EC, 0x11EB,
    0x11CB, 0x11CB, 0x11CB, 0x11CB, 0x11CB, 0x11EB, 0x11EC, 0x11EC, 0x1A0C, 0x1A2D, 0x1A4D, 0x1A4D,
    0x1A2D, 0x11EC, 0x11AA, 0x0969, 0x0148, 0x0128, 0x0127, 0x0107, 0x0107, 0x0107, 0x0107, 0x0107,
    0x0107, 0x0107, 0x0107, 0x0107, 0x0127, 0x0128, 0x0969, 0x11AA, 0x11EB, 0x1A0C, 0x1A2D, 0x1A2D,
    0x1A0C, 0x11AB, 0x0989, 0x0148, 0x0127, 0x0107, 0x0107, 0x0107, 0x0107, 0x0107, 0x0107, 0x0107,
    0x0107, 0x0107, 0x0107, 0x0107, 0x0107, 0x0107, 0x0107, 0x0107, 0x0107, 0x0107, 0x0107, 0x0107,
    0x0107, 0x0107, 0x0107, 0x0107, 0x0107, 0x0107, 0x0107, 0x0107, 0x0107, 0x0107, 0x0107, 0x0107,
    0x0127, 0x0128, 0x0969, 0x098A, 0x11CB, 0x11EB, 0x19EB, 0x11CB, 0x118A, 0x0968, 0x0128, 0x0107,
    0x0107, 0x0106, 0x0106, 0x0106, 0x0106, 0x0106, 0x0106, 0x0107, 0x0107, 0x0107, 0x0128, 0x0968,
    0x098A, 0x11CB, 0x1A0C, 0x1A0C, 0x19EC, 0x11CB, 0x0989, 0x0148, 0x0128, 0x0107, 0x0107, 0x0107,
    0x0107, 0x0107, 0x0107, 0x0107, 0x0107, 0x0107, 0x0127, 0x0148, 0x0969, 0x09AA, 0x11EC, 0x1A4D,
    0x226E, 0x228F, 0x226E, 0x1A4D, 0x1A0D, 0x19EC, 0x11EB, 0x11CB, 0x11CB, 0x11CB, 0x11CB, 0x11CB,
    0x11CB, 0x11CB, 0x11CB, 0x11CB, 0x11CB, 0x11CB, 0x11CB, 0x11CB, 0x11CB, 0x11CB, 0x11CB, 0x11CB,
    0x11CB, 0x11CB, 0x11CB, 0x11CB, 0x11CB, 0x11CB, 0x11CB, 0x11CB, 0x11CB, 0x11CB, 0x11CA, 0x11AB,
    0x11AB, 0x11CB, 0x11CB, 0x19EC, 0x1A0C, 0x1A2D, 0x1A2D, 0x1A2D, 0x1A0C, 0x1A0C, 0x11EB, 0x11CB,
    0x11CB, 0x11CB, 0x11CB, 0x11CB, 0x11CB, 0x11CB, 0x11CB, 0x11EB, 0x11EC, 0x1A0C, 0x1A2D, 0x1A4D,
    0x1A2D, 0x1A0C, 0x11EB, 0x098A, 0x0968, 0x0128, 0x0127, 0x0107, 0x0107, 0x0107, 0x0107, 0x0107,
    0x0107, 0x0107, 0x0107, 0x0107, 0x0107, 0x0127, 0x0948, 0x0969, 0x11AA, 0x19EC, 0x1A2D, 0x1A4D,
    0x1A2D, 0x1A0C, 0x11AB, 0x0989, 0x0148, 0x0127, 0x0107, 0x0107, 0x0107, 0x0107, 0x0107, 0x0107,
    0x0107, 0x0107, 0x0106, 0x0106, 0x0107, 0x0107, 0x0107, 0x0107, 0x0107, 0x0107, 0x0107, 0x0107,
    0x11EC, 0x19EC, 0x1A0C, 0x1A2D, 0x1A2D, 0x1A4D, 0x1A2D, 0x1A2D, 0x1A0D, 0x1A0C, 0x11EC, 0x11EC,
    0x11EC, 0x11EC, 0x11EC, 0x11EC, 0x11EC, 0x11EC, 0x120C, 0x1A0C, 0x1A0D, 0x1A2D, 0x1A2D, 0x1A2D,
    0x1A0C, 0x11EB, 0x09AA, 0x0969, 0x0148, 0x0128, 0x0127, 0x0107, 0x0107, 0x0107, 0x0107, 0x0107,
    0x0107, 0x0107, 0x0107, 0x0107, 0x0107, 0x0127, 0x0948, 0x0989, 0x11CB, 0x19EC, 0x1A0C, 0x1A2C,
    0x19EC, 0x11AA, 0x0969, 0x0148, 0x0127, 0x0107, 0x0107, 0x0107, 0x0107, 0x0107, 0x0107, 0x0107,
    0x0107, 0x0107, 0x0107, 0x0107, 0x0107, 0x0107, 0x0107, 0x0107, 0x0107, 0x0107, 0x0107, 0x0107,
    0x0107, 0x0107, 0x0107, 0x0107, 0x0107, 0x0107, 0x0107, 0x0107, 0x0107, 0x0107, 0x0107, 0x0107,
    0x0127, 0x0948, 0x0989, 0x11AA, 0x11EB, 0x19EB, 0x11CB, 0x11AA, 0x0969, 0x0948, 0x0127, 0x0107,
    0x0107, 0x0106, 0x0106, 0x0106, 0x0106, 0x0106, 0x0106, 0x0107, 0x0107, 0x0127, 0x0148, 0x0989,
    0x11CA, 0x1A0C, 0x1A2C, 0x1A2C, 0x19EC, 0x11AA, 0x0969, 0x0148, 0x0127, 0x0107, 0x0107, 0x0107,
    0x0107, 0x0107, 0x0107, 0x0107, 0x0107, 0x0127, 0x0128, 0x0148, 0x098A, 0x11CB, 0x1A2D, 0x226E,
    0x228F, 0x228F, 0x226E, 0x1A4E, 0x1A2D, 0x1A0C, 0x19EC, 0x19EB, 0x19EB, 0x19EB, 0x19EB, 0x19EB,
    0x19EB, 0x19EB, 0x11EB, 0x11EB, 0x11EB, 0x11EB, 0x11EB, 0x11EB, 0x11EB, 0x11EB, 0x11EB, 0x11CB,
    0x11EB, 0x11EB, 0x11EB, 0x11EB, 0x11EB, 0x11EB, 0x11EB, 0x11EB, 0x11EB, 0x19CB, 0x19CB, 0x11CB,
    0x19CB, 0x19EB, 0x19EB, 0x1A0C, 0x1A0C, 0x1A2D, 0x1A2D, 0x1A2C, 0x1A0C, 0x1A0C, 0x19EC, 0x11EB,
    0x11EB, 0x11EB, 0x11EC, 0x11EC, 0x11EC, 0x11EC, 0x11EC, 0x11EC, 0x1A0C, 0x1A0C, 0x1A2D, 0x1A2D,
    0x1A2D, 0x1A0C, 0x11CB, 0x098A, 0x0968, 0x0128, 0x0127, 0x0107, 0x0107, 0x0107, 0x0107, 0x0107,
    0x0107, 0x0107, 0x0107, 0x0107, 0x0107, 0x0127, 0x0128, 0x0969, 0x098A, 0x11CB, 0x1A0C, 0x1A2D,
    0x1A2D, 0x19EC, 0x11AA, 0x0969, 0x0148, 0x0127, 0x0107, 0x0107, 0x0107, 0x0107, 0x0107, 0x0107,
    0x0107, 0x0107, 0x0107, 0x0107, 0x0107, 0x0107, 0x0107, 0x0107, 0x0107, 0x0107, 0x0107, 0x0107,
    0x11EB, 0x11EB, 0x11EC, 0x19EC, 0x1A0C, 0x1A0C, 0x1A0C, 0x1A0C, 0x11EC, 0x11EB, 0x11EB, 0x11EB,
    0x11EB, 0x11EB, 0x11EC, 0x11EC, 0x11EC, 0x11EC, 0x11EC, 0x11EC, 0x120C, 0x1A0C, 0x1A0C, 0x120C,
    0x11EC, 0x11CB, 0x098A, 0x0969, 0x0148, 0x0128, 0x0127, 0x0107, 0x0107, 0x0107, 0x0107, 0x0107,
    0x0107, 0x0107, 0x0107, 0x0107, 0x0107, 0x0127, 0x0128, 0x0969, 0x11AA, 0x11CB, 0x1A0C, 0x1A0C,
    0x11EB, 0x11AA, 0x0969, 0x0148, 0x0127, 0x0107, 0x0107, 0x0107, 0x0107, 0x0107, 0x0107, 0x0107,
    0x0107, 0x0107, 0x0107, 0x0107, 0x0107, 0x0107, 0x0107, 0x0107, 0x0107, 0x0107, 0x0107, 0x0107,
    0x0107, 0x0107, 0x0107, 0x0107, 0x0107, 0x0107, 0x0107, 0x0107, 0x0107, 0x0107, 0x0107, 0x0127,
    0x0148, 0x0969, 0x11AA, 0x11CB, 0x19EB, 0x11EB, 0x11CA, 0x0989, 0x0948, 0x0127, 0x0107, 0x0107,
    0x0106, 0x0106, 0x0106, 0x0106, 0x0106, 0x0106, 0x0106, 0x0107, 0x0127, 0x0128, 0x0969, 0x11AA,
    0x11EB, 0x1A2C, 0x1A2D, 0x1A2D, 0x19EC, 0x11AA, 0x0969, 0x0148, 0x0127, 0x0107, 0x0107, 0x0107,
    0x0107, 0x0107, 0x0107, 0x0107, 0x0107, 0x0127, 0x0148, 0x0969, 0x09AA, 0x11EC, 0x1A4D, 0x226E,
    0x228F, 0x228F, 0x226E, 0x1A4D, 0x1A0C, 0x19EC, 0x11EB, 0x11CB, 0x11CB, 0x11CB, 0x11CB, 0x11CB,
    0x11CB, 0x11CB, 0x11CB, 0x11CB, 0x11CB, 0x11CB, 0x11CB, 0x11CB, 0x11CB, 0x11CB, 0x11CB, 0x11CB,
    0x11CB, 0x11CB, 0x11CB, 0x11CB, 0x11CB, 0x11CB, 0x11CB, 0x11CB, 0x11CB, 0x11CB, 0x11CB, 0x11CB,
    0x11CB, 0x11CB, 0x11CB, 0x11EB, 0x19EB, 0x19EC, 0x19EC, 0x19EB, 0x11EB, 0x11EB, 0x11EB, 0x11EB,
    0x11EB, 0x11EB, 0x11EB, 0x11EB, 0x11EB, 0x11EB, 0x11EB, 0x11EB, 0x11EC, 0x11EC, 0x1A0C, 0x1A0C,
    0x11EC, 0x11CB, 0x11AA, 0x0989, 0x0148, 0x0127, 0x0127, 0x0107, 0x0107, 0x0107, 0x0107, 0x0107,
    0x0107, 0x0107, 0x0107, 0x0107, 0x0107, 0x0107, 0x0127, 0x0148, 0x0969, 0x11AA, 0x11EB, 0x1A2C,
    0x1A2C, 0x19EC, 0x11AA, 0x0969, 0x0148, 0x0127, 0x0107, 0x0107, 0x0107, 0x0107, 0x0107, 0x0107,
    0x0107, 0x0107, 0x0107, 0x0107, 0x0107, 0x0107, 0x0107, 0x0107, 0x0107, 0x0107, 0x0107, 0x0107,
    0x11AA, 0x11AA, 0x11AB, 0x11CB, 0x11CB, 0x11CB, 0x11CB, 0x11CB, 0x11AA, 0x11AA, 0x11AA, 0x11AA,
    0x11AA, 0x11CA, 0x11CB, 0x11CB, 0x11CB, 0x11CB, 0x11CB, 0x11CB, 0x11CB, 0x11CB, 0x11CB, 0x11CB,
    0x09AA, 0x098A, 0x0969, 0x0148, 0x0128, 0x0127, 0x0127, 0x0107, 0x0107, 0x0107, 0x0107, 0x0107,
    0x0107, 0x0107, 0x0107, 0x0107, 0x0107, 0x0107, 0x0127, 0x0148, 0x0989, 0x11AA, 0x11EB, 0x19EC,
    0x11EB, 0x11AB, 0x0989, 0x0948, 0x0128, 0x0107, 0x0107, 0x0107, 0x0107, 0x0107, 0x0107, 0x0107,
    0x0107, 0x0107, 0x0107, 0x0107, 0x0107, 0x0107, 0x0107, 0x0107, 0x0107, 0x0107, 0x0107, 0x0107,
    0x0107, 0x0107, 0x0107, 0x0107, 0x0107, 0x0107, 0x0107, 0x0107, 0x0107, 0x0107, 0x0127, 0x0128,
    0x0968, 0x0989, 0x11CA, 0x19EB, 0x19EB, 0x11CB, 0x11AA, 0x0969, 0x0148, 0x0127, 0x0107, 0x0107,
    0x0106, 0x0106, 0x0106, 0x0106, 0x0106, 0x0106, 0x0107, 0x0107, 0x0127, 0x0948, 0x0989, 0x11CA,
    0x1A0C, 0x1A2D, 0x1A4D, 0x1A2D, 0x1A0C, 0x11AA, 0x0989, 0x0148, 0x0127, 0x0107, 0x0107, 0x0107,
    0x0107, 0x0107, 0x0107, 0x0107, 0x0127, 0x0128, 0x0948, 0x0989, 0x11CB, 0x1A0C, 0x224E, 0x226E,
    0x228F, 0x226E, 0x1A4E, 0x1A2D, 0x11EC, 0x11CB, 0x11AA, 0x11AA, 0x11AA, 0x11AA, 0x11AA, 0x11AA,
    0x11AA, 0x11AA, 0x11AA, 0x11AA, 0x11AA, 0x11AA, 0x11AA, 0x11AA, 0x11AA, 0x11AA, 0x11AA, 0x11AA,
    0x11AA, 0x11AA, 0x11AA, 0x11AA, 0x11AA, 0x11AA, 0x11AA, 0x11AA, 0x11AA, 0x11AA, 0x118A, 0x118A,
    0x118A, 0x118A, 0x11AA, 0x11AA, 0x11AA, 0x11AA, 0x11AA, 0x11AA, 0x11AA, 0x11AA, 0x11AA, 0x11AA,
    0x11AA, 0x11AA, 0x11AA, 0x11AA, 0x11AA, 0x11AA, 0x11AA, 0x11AA, 0x11AA, 0x11AB, 0x11CA, 0x11AA,
    0x11AA, 0x098A, 0x0989, 0x0968, 0x0148, 0x0127, 0x0127, 0x0107, 0x0107, 0x0107, 0x0107, 0x0107,
    0x0107, 0x0107, 0x0107, 0x0107, 0x0107, 0x0107, 0x0127, 0x0128, 0x0968, 0x098A, 0x11CB, 0x1A0C,
    0x1A0C, 0x19EC, 0x11CB, 0x0989, 0x0148, 0x0127, 0x0107, 0x0107, 0x0107, 0x0107, 0x0107, 0x0107,
    0x0107, 0x0107, 0x0107, 0x0107, 0x0107, 0x0107, 0x0107, 0x0107, 0x0107, 0x0107, 0x0107, 0x0107,
    0x0969, 0x0969, 0x0969, 0x0969, 0x0969, 0x0969, 0x0969, 0x0969, 0x0969, 0x0969, 0x0969, 0x0969,
    0x0989, 0x0989, 0x0989, 0x0989, 0x0989, 0x098A, 0x098A, 0x098A, 0x098A, 0x098A, 0x098A, 0x0989,
    0x0969, 0x0969, 0x0148, 0x0148, 0x0128, 0x0127, 0x0127, 0x0107, 0x0107, 0x0107, 0x0107, 0x0107,
    0x0107, 0x0107, 0x0107, 0x0107, 0x0107, 0x0107, 0x0127, 0x0128, 0x0969, 0x098A, 0x11CB, 0x11EB,
    0x11EB, 0x11CB, 0x098A, 0x0969, 0x0128, 0x0127, 0x0107, 0x0107, 0x0107, 0x0107, 0x0107, 0x0107,
    0x0107, 0x0107, 0x0107, 0x0107, 0x0107, 0x0107, 0x0107, 0x0107, 0x0107, 0x0107, 0x0107, 0x0107,
    0x0107, 0x0107, 0x0107, 0x0107, 0x0107, 0x0107, 0x0107, 0x0107, 0x0107, 0x0107, 0x0127, 0x0148,
    0x0969, 0x11AA, 0x11EB, 0x19EB, 0x11EB, 0x11CA, 0x0989, 0x0948, 0x0127, 0x0107, 0x0107, 0x0106,
    0x0106, 0x0106, 0x0106, 0x0106, 0x0106, 0x0106, 0x0107, 0x0127, 0x0148, 0x0969, 0x11AA, 0x11CB,
    0x1A0C, 0x1A2D, 0x1A2D, 0x1A2D, 0x19EC, 0x11CB, 0x0989, 0x0948, 0x0128, 0x0107, 0x0107, 0x0107,
    0x0107, 0x0107, 0x0107, 0x0107, 0x0127, 0x0148, 0x0969, 0x11AA, 0x11EB, 0x1A0D, 0x1A4D, 0x224E,
    0x226E, 0x224E, 0x1A2D, 0x19EC, 0x11CB, 0x118A, 0x0989, 0x0969, 0x0969, 0x0969, 0x0969, 0x0969,
    0x0969, 0x0969, 0x0969, 0x0969, 0x0969, 0x0969, 0x0969, 0x0969, 0x0969, 0x0969, 0x0969, 0x0969,
    0x0969, 0x0969, 0x0969, 0x0969, 0x0969, 0x0969, 0x0969, 0x0969, 0x0969, 0x0969, 0x0969, 0x0969,
    0x0969, 0x0969, 0x0969, 0x0969, 0x0969, 0x0969, 0x0969, 0x0969, 0x0969, 0x0969, 0x0969, 0x0969,
    0x0969, 0x0969, 0x0969, 0x0989, 0x0969, 0x0969, 0x0969, 0x0969, 0x0969, 0x0969, 0x0969, 0x0969,
    0x0969, 0x0969, 0x0948, 0x0148, 0x0127, 0x0127, 0x0107, 0x0107, 0x0107, 0x0107, 0x0107, 0x0107,
    0x0107, 0x0107, 0x0107, 0x0107, 0x0107, 0x0107, 0x0107, 0x0127, 0x0148, 0x0969, 0x11AA, 0x11EB,
    0x1A0C, 0x1A0C, 0x11CB, 0x09AA, 0x0969, 0x0148, 0x0127, 0x0107, 0x0107, 0x0107, 0x0107, 0x0107,
    0x0107, 0x0107, 0x0107, 0x0107, 0x0107, 0x0107, 0x0107, 0x0107, 0x0107, 0x0107, 0x0107, 0x0107,
    0x0148, 0x0148, 0x0148, 0x0148, 0x0148, 0x0148, 0x0148, 0x0148, 0x0148, 0x0148, 0x0148, 0x0148,
    0x0148, 0x0148, 0x0148, 0x0148, 0x0148, 0x0148, 0x0148, 0x0148, 0x0148, 0x0148, 0x0148, 0x0148,
    0x0148, 0x0148, 0x0128, 0x0127, 0x0127, 0x0127, 0x0127, 0x0107, 0x0107, 0x0107, 0x0107, 0x0107,
    0x0107, 0x0107, 0x0107, 0x0107, 0x0107, 0x0107, 0x0107, 0x0127, 0x0148, 0x0969, 0x11AA, 0x11CB,
    0x11EB, 0x11CB, 0x11AA, 0x0989, 0x0948, 0x0128, 0x0107, 0x0107, 0x0107, 0x0107, 0x0107, 0x0107,
    0x0107, 0x0107, 0x0107, 0x0107, 0x0107, 0x0107, 0x0107, 0x0107, 0x0107, 0x0107, 0x0107, 0x0107,
    0x0107, 0x0107, 0x0107, 0x0107, 0x0107, 0x0107, 0x0107, 0x0107, 0x0107, 0x0127, 0x0128, 0x0969,
    0x098A, 0x11CB, 0x19EB, 0x19EB, 0x11CB, 0x11AA, 0x0969, 0x0148, 0x0127, 0x0107, 0x0107, 0x0107,
    0x0107, 0x0107, 0x0107, 0x0107, 0x0106, 0x0107, 0x0107, 0x0127, 0x0948, 0x0989, 0x11AA, 0x19EB,
    0x1A0C, 0x1A2C, 0x1A2C, 0x1A0C, 0x19EC, 0x11CB, 0x09AA, 0x0969, 0x0128, 0x0127, 0x0107, 0x0107,
    0x0107, 0x0107, 0x0107, 0x0107, 0x0128, 0x0948, 0x0989, 0x11CB, 0x19EC, 0x1A0C, 0x1A2D, 0x1A2D,
    0x1A2D, 0x1A2D, 0x1A0C, 0x11EB, 0x11AA, 0x0969, 0x0948, 0x0948, 0x0128, 0x0128, 0x0127, 0x0128,
    0x0128, 0x0128, 0x0128, 0x0128, 0x0128, 0x0128, 0x0128, 0x0128, 0x0128, 0x0128, 0x0128, 0x0128,
    0x0128, 0x0128, 0x0128, 0x0128, 0x0128, 0x0128, 0x0128, 0x0128, 0x0128, 0x0128, 0x0128, 0x0128,
    0x0128, 0x0128, 0x0128, 0x0128, 0x0128, 0x0128, 0x0128, 0x0128, 0x0128, 0x0128, 0x0148, 0x0148,
    0x0148, 0x0148, 0x0148, 0x0148, 0x0148, 0x0148, 0x0148, 0x0148, 0x0148, 0x0148, 0x0148, 0x0148,
    0x0148, 0x0128, 0x0127, 0x0127, 0x0127, 0x0107, 0x0107, 0x0107, 0x0107, 0x0107, 0x0107, 0x0107,
    0x0107, 0x0107, 0x0107, 0x0107, 0x0107, 0x0107, 0x0107, 0x0127, 0x0128, 0x0968, 0x0989, 0x11CA,
    0x11EB, 0x1A0C, 0x11EB, 0x11CA, 0x0989, 0x0148, 0x0128, 0x0107, 0x0107, 0x0107, 0x0107, 0x0107,
    0x0107, 0x0107, 0x0107, 0x0107, 0x0107, 0x0107, 0x0107, 0x0107, 0x0107, 0x0107, 0x0107, 0x0107,
    0x0127, 0x0127, 0x0127, 0x0127, 0x0127, 0x0127, 0x0127, 0x0127, 0x0127, 0x0127, 0x0127, 0x0127,
    0x0127, 0x0127, 0x0127, 0x0127, 0x0127, 0x0127, 0x0127, 0x0128, 0x0128, 0x0128, 0x0128, 0x0128,
    0x0127, 0x0127, 0x0127, 0x0127, 0x0107, 0x0107, 0x0107, 0x0107, 0x0107, 0x0107, 0x0107, 0x0107,
    0x0107, 0x0107, 0x0107, 0x0107, 0x0107, 0x0107, 0x0107, 0x0107, 0x0128, 0x0948, 0x0989, 0x11AA,
    0x11CB, 0x11EB, 0x11CB, 0x098A, 0x0969, 0x0148, 0x0127, 0x0107, 0x0107, 0x0107, 0x0107, 0x0107,
    0x0107, 0x0107, 0x0107, 0x0107, 0x0107, 0x0107, 0x0107, 0x0107, 0x0107, 0x0107, 0x0107, 0x0107,
    0x0107, 0x0107, 0x0107, 0x0107, 0x0107, 0x0107, 0x0107, 0x0107, 0x0107, 0x0127, 0x0948, 0x0989,
    0x11AA, 0x11EB, 0x19EB, 0x11EB, 0x11AA, 0x0989, 0x0948, 0x0127, 0x0107, 0x0107, 0x0107, 0x0107,
    0x0107, 0x0107, 0x0107, 0x0107, 0x0107, 0x0107, 0x0127, 0x0148, 0x0969, 0x11AA, 0x11CB, 0x19EC,
    0x19EC, 0x19EC, 0x19EC, 0x11EC, 0x11EB, 0x11CB, 0x11AA, 0x0969, 0x0948, 0x0127, 0x0107, 0x0107,
    0x0107, 0x0107, 0x0107, 0x0127, 0x0148, 0x0969, 0x11AA, 0x11CB, 0x19EC, 0x1A0C, 0x19EC, 0x19EC,
    0x19EC, 0x19EC, 0x19EC, 0x11CB, 0x11AA, 0x0969, 0x0948, 0x0127, 0x0127, 0x0107, 0x0107, 0x0107,
    0x0107, 0x0107, 0x0107, 0x0107, 0x0107, 0x0107, 0x0107, 0x0107, 0x0107, 0x0107, 0x0107, 0x0107,
    0x0107, 0x0107, 0x0107, 0x0107, 0x0107, 0x0107, 0x0107, 0x0107, 0x0107, 0x0107, 0x0107, 0x0107,
    0x0107, 0x0107, 0x0107, 0x0107, 0x0107, 0x0107, 0x0107, 0x0107, 0x0107, 0x0127, 0x0127, 0x0127,
    0x0127, 0x0127, 0x0127, 0x0127, 0x0127, 0x0127, 0x0127, 0x0127, 0x0127, 0x0127, 0x0127, 0x0127,
    0x0127, 0x0107, 0x0107, 0x0107, 0x0107, 0x0107, 0x0107, 0x0107, 0x0107, 0x0107, 0x0107, 0x0107,
    0x0107, 0x0107, 0x0107, 0x0107, 0x0107, 0x0107, 0x0107, 0x0127, 0x0127, 0x0148, 0x0969, 0x09AA,
    0x11CB, 0x19EB, 0x19EC, 0x11CB, 0x11AA, 0x0969, 0x0148, 0x0127, 0x0107, 0x0107, 0x0107, 0x0107,
    0x0107, 0x0107, 0x0107, 0x0107, 0x0107, 0x0107, 0x0107, 0x0107, 0x0107, 0x0107, 0x0107, 0x0107,
    0x0107, 0x0107, 0x0107, 0x0107, 0x0107, 0x0107, 0x0107, 0x0107, 0x0107, 0x0107, 0x0107, 0x0107,
    0x0107, 0x0107, 0x0127, 0x0127, 0x0127, 0x0127, 0x0127, 0x0127, 0x0127, 0x0127, 0x0127, 0x0127,
    0x0107, 0x0107, 0x0107, 0x0107, 0x0107, 0x0107, 0x0107, 0x0107, 0x0107, 0x0107, 0x0107, 0x0107,
    0x0107, 0x0107, 0x0107, 0x0107, 0x0107, 0x0107, 0x0107, 0x0107, 0x0127, 0x0148, 0x0969, 0x11AA,
    0x11CB, 0x11EB, 0x11CB, 0x11AA, 0x0989, 0x0948, 0x0128, 0x0127, 0x0107, 0x0107, 0x0107, 0x0107,
    0x0107, 0x0107, 0x0107, 0x0107, 0x0107, 0x0107, 0x0107, 0x0107, 0x0107, 0x0107, 0x0107, 0x0107,
    0x0107, 0x0107, 0x0107, 0x0107, 0x0107, 0x0107, 0x0107, 0x0107, 0x0127, 0x0148, 0x0969, 0x11AA,
    0x11CB, 0x19EB, 0x19EB, 0x11CB, 0x0989, 0x0968, 0x0128, 0x0127, 0x0107, 0x0107, 0x0106, 0x0107,
    0x0107, 0x0107, 0x0107, 0x0107, 0x0107, 0x0127, 0x0128, 0x0969, 0x098A, 0x11CB, 0x11EB, 0x19EC,
    0x11EB, 0x11CB, 0x11CB, 0x11CB, 0x11CB, 0x11CB, 0x11AA, 0x118A, 0x0969, 0x0128, 0x0107, 0x0107,
    0x0107, 0x0107, 0x0107, 0x0127, 0x0948, 0x0989, 0x11AB, 0x19EB, 0x19EC, 0x19EB, 0x11CB, 0x11AB,
    0x11CB, 0x11CB, 0x11CB, 0x11CB, 0x11AA, 0x0989, 0x0948, 0x0127, 0x0107, 0x0107, 0x0106, 0x0106,
    0x0106, 0x0107, 0x0107, 0x0107, 0x0107, 0x0107, 0x0107, 0x0107, 0x0107, 0x0107, 0x0107, 0x0107,
    0x0107, 0x0107, 0x0107, 0x0107, 0x0107, 0x0107, 0x0107, 0x0107, 0x0107, 0x0107, 0x0107, 0x0107,
    0x0107, 0x0107, 0x0107, 0x0107, 0x0107, 0x0107, 0x0107, 0x0107, 0x0107, 0x0107, 0x0107, 0x0107,
    0x0107, 0x0107, 0x0107, 0x0107, 0x0107, 0x0107, 0x0107, 0x0107, 0x0107, 0x0107, 0x0107, 0x0107,
    0x0107, 0x0107, 0x0107, 0x0107, 0x0107, 0x0107, 0x0107, 0x0107, 0x0107, 0x0107, 0x0107, 0x0107,
    0x0107, 0x0107, 0x0107, 0x0107, 0x0107, 0x0107, 0x0107, 0x0127, 0x0127, 0x0127, 0x0148, 0x0989,
    0x11CA, 0x11EB, 0x1A0C, 0x11EB, 0x11CB, 0x098A, 0x0948, 0x0128, 0x0127, 0x0107, 0x0107, 0x0107,
    0x0107, 0x0107, 0x0107, 0x0107, 0x0107, 0x0107, 0x0107, 0x0107, 0x0107, 0x0107, 0x0107, 0x0107,
    0x0107, 0x0107, 0x0107, 0x0107, 0x0107, 0x0107, 0x0107, 0x0107, 0x0107, 0x0107, 0x0107, 0x0107,
    0x0107, 0x0107, 0x0107, 0x0107, 0x0107, 0x0107, 0x0107, 0x0107, 0x0107, 0x0107, 0x0107, 0x0107,
    0x0107, 0x0107, 0x0107, 0x0107, 0x0107, 0x0107, 0x0107, 0x0107, 0x0107, 0x0107, 0x0107, 0x0107,
    0x0107, 0x0107, 0x0107, 0x0107, 0x0107, 0x0107, 0x0107, 0x0107, 0x0107, 0x0127, 0x0948, 0x0989,
    0x11AA, 0x11CB, 0x11EB, 0x11CB, 0x11AA, 0x0969, 0x0148, 0x0127, 0x0107, 0x0107, 0x0107, 0x0107,
    0x0107, 0x0107, 0x0107, 0x0107, 0x0107, 0x0107, 0x0107, 0x0107, 0x0107, 0x0107, 0x0107, 0x0107,
    0x0107, 0x0107, 0x0107, 0x0107, 0x0107, 0x0107, 0x0107, 0x0127, 0x0128, 0x0948, 0x0989, 0x11CA,
    0x11EB, 0x19EB, 0x11CB, 0x11AA, 0x0969, 0x0148, 0x0127, 0x0107, 0x0107, 0x0107, 0x0106, 0x0107,
    0x0107, 0x0107, 0x0127, 0x0127, 0x0127, 0x0128, 0x0148, 0x0989, 0x11AA, 0x11CB, 0x11EB, 0x11CB,
    0x11AB, 0x098A, 0x098A, 0x098A, 0x11AA, 0x11CA, 0x11AA, 0x11AA, 0x0969, 0x0948, 0x0127, 0x0107,
    0x0107, 0x0107, 0x0107, 0x0928, 0x0969, 0x11AA, 0x11CB, 0x19EB, 0x19EB, 0x11CB, 0x118A, 0x098A,
    0x098A, 0x11AA, 0x11CA, 0x11CB, 0x11AA, 0x118A, 0x0969, 0x0128, 0x0127, 0x0107, 0x0106, 0x0106,
    0x0106, 0x0106, 0x0106, 0x0106, 0x0106, 0x0106, 0x0106, 0x0106, 0x0106, 0x0106, 0x0106, 0x0107,
    0x0107, 0x0107, 0x0107, 0x0107, 0x0107, 0x0107, 0x0107, 0x0107, 0x0107, 0x0107, 0x0107, 0x0107,
    0x0107, 0x0107, 0x0107, 0x0107, 0x0107, 0x0107, 0x0107, 0x0107, 0x0107, 0x0107, 0x0107, 0x0107,
    0x0107, 0x0107, 0x0107, 0x0107, 0x0107, 0x0107, 0x0107, 0x0107, 0x0107, 0x0107, 0x0107, 0x0107,
    0x0107, 0x0107, 0x0107, 0x0107, 0x0107, 0x0107, 0x0107, 0x0107, 0x0107, 0x0107, 0x0107, 0x0107,
    0x0107, 0x0107, 0x0107, 0x0107, 0x0107, 0x0107, 0x0107, 0x0127, 0x0127, 0x0127, 0x0148, 0x0969,
    0x09AA, 0x11CB, 0x11EB, 0x19EC, 0x11EB, 0x11AA, 0x0969, 0x0148, 0x0127, 0x0107, 0x0107, 0x0107,
    0x0107, 0x0107, 0x0107, 0x0107, 0x0107, 0x0107, 0x0107, 0x0107, 0x0107, 0x0107, 0x0107, 0x0107,
    0x0107, 0x0107, 0x0107, 0x0106, 0x0106, 0x0107, 0x0107, 0x0106, 0x0106, 0x0107, 0x0107, 0x0107,
    0x0107, 0x0107, 0x0107, 0x0107, 0x0107, 0x0107, 0x0107, 0x0107, 0x0107, 0x0107, 0x0107, 0x0107,
    0x0107, 0x0107, 0x0107, 0x0107, 0x0107, 0x0107, 0x0107, 0x0107, 0x0107, 0x0107, 0x0107, 0x0107,
    0x0107, 0x0107, 0x0107, 0x0107, 0x0107, 0x0107, 0x0107, 0x0107, 0x0107, 0x0127, 0x0128, 0x0969,
    0x118A, 0x11CB, 0x11EB, 0x11EB, 0x11CB, 0x098A, 0x0969, 0x0128, 0x0127, 0x0107, 0x0107, 0x0107,
    0x0107, 0x0107, 0x0107, 0x0107, 0x0107, 0x0107, 0x0107, 0x0107, 0x0107, 0x0107, 0x0107, 0x0107,
    0x0107, 0x0107, 0x0107, 0x0107, 0x0107, 0x0107, 0x0107, 0x0127, 0x0148, 0x0969, 0x11AA, 0x11CB,
    0x19EB, 0x11EB, 0x11CA, 0x0989, 0x0948, 0x0127, 0x0127, 0x0107, 0x0107, 0x0107, 0x0107, 0x0107,
    0x0107, 0x0107, 0x0127, 0x0127, 0x0127, 0x0148, 0x0969, 0x09AA, 0x11CB, 0x11EC, 0x11EB, 0x11CB,
    0x098A, 0x0969, 0x0969, 0x0969, 0x098A, 0x11AA, 0x11AA, 0x11AA, 0x1189, 0x0968, 0x0928, 0x0107,
    0x0107, 0x0107, 0x0127, 0x0948, 0x0989, 0x11AA, 0x19CB, 0x19EB, 0x11CB, 0x118A, 0x0969, 0x0948,
    0x0949, 0x0989, 0x11AA, 0x11CA, 0x11CA, 0x11AA, 0x0989, 0x0948, 0x0127, 0x0107, 0x0107, 0x0106,
    0x0106, 0x0106, 0x0106, 0x0106, 0x0106, 0x0106, 0x0106, 0x0106, 0x0106, 0x0106, 0x0106, 0x0106,
    0x0106, 0x0107, 0x0107, 0x0107, 0x0107, 0x0107, 0x0107, 0x0107, 0x0107, 0x0107, 0x0106, 0x0106,
    0x0107, 0x0107, 0x0107, 0x0107, 0x0107, 0x0107, 0x0107, 0x0107, 0x0107, 0x0107, 0x0107, 0x0107,
    0x0107, 0x0107, 0x0107, 0x0107, 0x0106, 0x0107, 0x0107, 0x0107, 0x0107, 0x0107, 0x0107, 0x0107,
    0x0107, 0x0107, 0x0107, 0x0107, 0x0107, 0x0107, 0x0107, 0x0107, 0x0107, 0x0107, 0x0107, 0x0107,
    0x0107, 0x0107, 0x0107, 0x0107, 0x0107, 0x0107, 0x0107, 0x0107, 0x0107, 0x0127, 0x0127, 0x0148,
    0x0989, 0x11AA, 0x11EB, 0x19EC, 0x11EB, 0x11CB, 0x098A, 0x0949, 0x0128, 0x0107, 0x0107, 0x0107,
    0x0107, 0x0107, 0x0107, 0x0107, 0x0107, 0x0107, 0x0107, 0x0107, 0x0107, 0x0107, 0x0107, 0x0107,
    0x0107, 0x0107, 0x0107, 0x0106, 0x0106, 0x0107, 0x0107, 0x0106, 0x0106, 0x0107, 0x0107, 0x0107,
    0x0107, 0x0107, 0x0107, 0x0107, 0x0107, 0x0107, 0x0107, 0x0107, 0x0107, 0x0107, 0x0107, 0x0107,
    0x0107, 0x0107, 0x0107, 0x0107, 0x0107, 0x0107, 0x0107, 0x0107, 0x0107, 0x0107, 0x0107, 0x0107,
    0x0107, 0x0107, 0x0107, 0x0107, 0x0107, 0x0107, 0x0107, 0x0107, 0x0107, 0x0107, 0x0127, 0x0948,
    0x0989, 0x11AA, 0x11EB, 0x19EB, 0x11EB, 0x11AA, 0x0989, 0x0948, 0x0127, 0x0107, 0x0107, 0x0107,
    0x0107, 0x0107, 0x0107, 0x0107, 0x0107, 0x0107, 0x0107, 0x0107, 0x0107, 0x0107, 0x0107, 0x0107,
    0x0107, 0x0107, 0x0107, 0x0107, 0x0107, 0x0107, 0x0127, 0x0128, 0x0969, 0x098A, 0x11CB, 0x11EB,
    0x19EB, 0x11CB, 0x11AA, 0x0969, 0x0148, 0x0127, 0x0107, 0x0107, 0x0107, 0x0107, 0x0107, 0x0107,
    0x0107, 0x0107, 0x0127, 0x0127, 0x0148, 0x0969, 0x098A, 0x11CB, 0x11EB, 0x11EC, 0x11CB, 0x11AA,
    0x0969, 0x0148, 0x0148, 0x0948, 0x0969, 0x118A, 0x11AA, 0x11AA, 0x11AA, 0x1189, 0x0948, 0x0127,
    0x0107, 0x0127, 0x0928, 0x0969, 0x11AA, 0x11CB, 0x19CB, 0x11CB, 0x11AA, 0x0969, 0x0948, 0x0128,
    0x0928, 0x0948, 0x1189, 0x11AA, 0x11CA, 0x11CA, 0x11AA, 0x0969, 0x0948, 0x0127, 0x0107, 0x0106,
    0x0106, 0x0106, 0x0106, 0x0106, 0x0106, 0x0106, 0x0106, 0x0106, 0x0106, 0x0107, 0x0107, 0x0107,
    0x0107, 0x0107, 0x0107, 0x0107, 0x0107, 0x0107, 0x0107, 0x0107, 0x0107, 0x0107, 0x0106, 0x0106,
    0x0107, 0x0107, 0x0107, 0x0107, 0x0107, 0x0107, 0x0107, 0x0107, 0x0107, 0x0107, 0x0107, 0x0107,
    0x0107, 0x0107, 0x0107, 0x0106, 0x0106, 0x0107, 0x0107, 0x0107, 0x0107, 0x0107, 0x0107, 0x0107,
    0x0107, 0x0107, 0x0107, 0x0107, 0x0107, 0x0107, 0x0107, 0x0107, 0x0107, 0x0107, 0x0107, 0x0107,
    0x0107, 0x0107, 0x0107, 0x0107, 0x0107, 0x0107, 0x0107, 0x0107, 0x0107, 0x0107, 0x0127, 0x0128,
    0x0969, 0x098A, 0x11CB, 0x11EB, 0x19EC, 0x11CB, 0x11AA, 0x0969, 0x0148, 0x0127, 0x0107, 0x0107,
    0x0107, 0x0107, 0x0107, 0x0107, 0x0107, 0x0107, 0x0107, 0x0107, 0x0107, 0x0107, 0x0107, 0x0107,
    0x0107, 0x0107, 0x0107, 0x0106, 0x0106, 0x0107, 0x0107, 0x0107, 0x0107, 0x0107, 0x0107, 0x0107,
    0x0107, 0x0107, 0x0107, 0x0107, 0x0107, 0x0107, 0x0107, 0x0107, 0x0107, 0x0107, 0x0107, 0x0107,
    0x0107, 0x0107, 0x0107, 0x0107, 0x0107, 0x0107, 0x0107, 0x0107, 0x0107, 0x0107, 0x0107, 0x0107,
    0x0107, 0x0107, 0x0107, 0x0107, 0x0107, 0x0107, 0x0107, 0x0107, 0x0107, 0x0107, 0x0127, 0x0128,
    0x0969, 0x098A, 0x11CB, 0x19EB, 0x19EB, 0x11CB, 0x11AA, 0x0969, 0x0148, 0x0127, 0x0107, 0x0107,
    0x0107, 0x0107, 0x0107, 0x0107, 0x0107, 0x0107, 0x0107, 0x0107, 0x0107, 0x0107, 0x0107, 0x0107,
    0x0107, 0x0107, 0x0107, 0x0107, 0x0107, 0x0107, 0x0127, 0x0948, 0x0989, 0x11AA, 0x11EB, 0x19EB,
    0x11EB, 0x11AA, 0x0989, 0x0948, 0x0127, 0x0107, 0x0107, 0x0107, 0x0107, 0x0107, 0x0107, 0x0107,
    0x0107, 0x0107, 0x0127, 0x0128, 0x0148, 0x0969, 0x11AA, 0x11EB, 0x11EC, 0x11EC, 0x11CB, 0x098A,
    0x0949, 0x0128, 0x0128, 0x0128, 0x0948, 0x0989, 0x11AA, 0x11CA, 0x11AA, 0x118A, 0x0969, 0x0948,
    0x0927, 0x0928, 0x0948, 0x1189, 0x11AA, 0x19CB, 0x19CB, 0x11AA, 0x0969, 0x0948, 0x0127, 0x0107,
    0x0107, 0x0948, 0x0969, 0x118A, 0x11CA, 0x11CA, 0x11AA, 0x0989, 0x0948, 0x0128, 0x0107, 0x0107,
    0x0106, 0x0106, 0x0106, 0x0106, 0x0106, 0x0106, 0x0106, 0x0106, 0x0107, 0x0107, 0x0107, 0x0107,
    0x0107, 0x0107, 0x0107, 0x0107, 0x0107, 0x0107, 0x0107, 0x0107, 0x0107, 0x0107, 0x0107, 0x0107,
    0x0107, 0x0107, 0x0107, 0x0107, 0x0107, 0x0107, 0x0107, 0x0107, 0x0107, 0x0107, 0x0107, 0x0107,
    0x0107, 0x0107, 0x0107, 0x0106, 0x0106, 0x0107, 0x0107, 0x0107, 0x0107, 0x0107, 0x0107, 0x0107,
    0x0107, 0x0107, 0x0107, 0x0107, 0x0107, 0x0107, 0x0107, 0x0107, 0x0107, 0x0107, 0x0107, 0x0107,
    0x0107, 0x0107, 0x0107, 0x0107, 0x0107, 0x0107, 0x0107, 0x0107, 0x0107, 0x0107, 0x0127, 0x0127,
    0x0148, 0x0969, 0x11AA, 0x11CB, 0x19EC, 0x19EB, 0x11CB, 0x098A, 0x0969, 0x0128, 0x0127, 0x0107,
    0x0107, 0x0107, 0x0107, 0x0107, 0x0107, 0x0107, 0x0107, 0x0107, 0x0107, 0x0107, 0x0107, 0x0107,
    0x0107, 0x0107, 0x0107, 0x0107, 0x0107, 0x0107, 0x0107, 0x0107, 0x0107, 0x0107, 0x0107, 0x0107,
    0x0107, 0x0107, 0x0107, 0x0107, 0x0107, 0x0107, 0x0107, 0x0107, 0x0107, 0x0107, 0x0107, 0x0107,
    0x0107, 0x0107, 0x0107, 0x0107, 0x0107, 0x0107, 0x0107, 0x0107, 0x0107, 0x0107, 0x0107, 0x0107,
    0x0107, 0x0107, 0x0107, 0x0107, 0x0107, 0x0107, 0x0107, 0x0107, 0x0107, 0x0107, 0x0107, 0x0127,
    0x0948, 0x0969, 0x11AA, 0x11EB, 0x19EC, 0x11EB, 0x11CB, 0x0989, 0x0948, 0x0128, 0x0107, 0x0107,
    0x0107, 0x0107, 0x0107, 0x0107, 0x0107, 0x0107, 0x0107, 0x0107, 0x0107, 0x0107, 0x0107, 0x0107,
    0x0107, 0x0107, 0x0107, 0x0107, 0x0107, 0x0127, 0x0148, 0x0969, 0x09AA, 0x11CB, 0x19EB, 0x11EB,
    0x11CB, 0x098A, 0x0969, 0x0128, 0x0127, 0x0107, 0x0107, 0x0107, 0x0107, 0x0107, 0x0107, 0x0107,
    0x0107, 0x0107, 0x0127, 0x0148, 0x0969, 0x098A, 0x11CB, 0x11EC, 0x11EC, 0x11CB, 0x09AA, 0x0969,
    0x0148, 0x0128, 0x0127, 0x0127, 0x0148, 0x0969, 0x118A, 0x11AA, 0x11CA, 0x11AA, 0x1189, 0x0969,
    0x0948, 0x0948, 0x0969, 0x11AA, 0x11CB, 0x19CB, 0x11AA, 0x1189, 0x0948, 0x0127, 0x0107, 0x0107,
    0x0107, 0x0127, 0x0948, 0x1189, 0x11AA, 0x11CA, 0x11CA, 0x11AA, 0x0969, 0x0948, 0x0127, 0x0107,
    0x0107, 0x0106, 0x0106, 0x0106, 0x0106, 0x0106, 0x0106, 0x0107, 0x0107, 0x0107, 0x0107, 0x0107,
    0x0107, 0x0107, 0x0107, 0x0107, 0x0107, 0x0107, 0x0107, 0x0107, 0x0107, 0x0107, 0x0107, 0x0107,
    0x0107, 0x0107, 0x0107, 0x0107, 0x0107, 0x0107, 0x0107, 0x0107, 0x0107, 0x0107, 0x0107, 0x0107,
    0x0107, 0x0107, 0x0107, 0x0107, 0x0107, 0x0107, 0x0107, 0x0107, 0x0107, 0x0107, 0x0107, 0x0107,
    0x0107, 0x0107, 0x0107, 0x0107, 0x0107, 0x0107, 0x0107, 0x0107, 0x0107, 0x0107, 0x0107, 0x0107,
    0x0107, 0x0107, 0x0107, 0x0107, 0x0107, 0x0107, 0x0107, 0x0107, 0x0107, 0x0107, 0x0107, 0x0127,
    0x0128, 0x0948, 0x0989, 0x11AA, 0x11EB, 0x19EC, 0x11CB, 0x11AA, 0x0989, 0x0948, 0x0127, 0x0107,
    0x0107, 0x0107, 0x0107, 0x0107, 0x0107, 0x0107, 0x0107, 0x0107, 0x0107, 0x0107, 0x0107, 0x0107,
    0x0107, 0x0107, 0x0107, 0x0107, 0x0107, 0x0107, 0x0107, 0x0107, 0x0107, 0x0107, 0x0107, 0x0107,
    0x0107, 0x0107, 0x0107, 0x0107, 0x0107, 0x0107, 0x0107, 0x0107, 0x0107, 0x0107, 0x0107, 0x0107,
    0x0107, 0x0107, 0x0107, 0x0107, 0x0107, 0x0107, 0x0107, 0x0107, 0x0107, 0x0107, 0x0107, 0x0107,
    0x0107, 0x0107, 0x0107, 0x0107, 0x0107, 0x0107, 0x0107, 0x0107, 0x0107, 0x0107, 0x0107, 0x0127,
    0x0128, 0x0969, 0x098A, 0x11CB, 0x11EB, 0x19EC, 0x11CB, 0x11AA, 0x0969, 0x0948, 0x0127, 0x0107,
    0x0107, 0x0107, 0x0107, 0x0107, 0x0107, 0x0107, 0x0107, 0x0107, 0x0107, 0x0107, 0x0107, 0x0107,
    0x0107, 0x0107, 0x0107, 0x0107, 0x0107, 0x0128, 0x0948, 0x0989, 0x11CA, 0x11EB, 0x19EB, 0x11CB,
    0x11AA, 0x0969, 0x0948, 0x0127, 0x0107, 0x0107, 0x0107, 0x0107, 0x0107, 0x0107, 0x0107, 0x0107,
    0x0107, 0x0127, 0x0128, 0x0148, 0x0989, 0x11AB, 0x11EC, 0x11EC, 0x11EC, 0x11CB, 0x098A, 0x0949,
    0x0128, 0x0127, 0x0107, 0x0107, 0x0128, 0x0948, 0x0969, 0x11AA, 0x11CB, 0x11CB, 0x11AA, 0x118A,
    0x0989, 0x0989, 0x118A, 0x11CA, 0x19CB, 0x11CB, 0x11AA, 0x0969, 0x0928, 0x0107, 0x0107, 0x00E6,
    0x0106, 0x0107, 0x0928, 0x0969, 0x118A, 0x11CA, 0x11CB, 0x11CA, 0x118A, 0x0969, 0x0148, 0x0127,
    0x0107, 0x0107, 0x0106, 0x0106, 0x0106, 0x0106, 0x0107, 0x0107, 0x0107, 0x0107, 0x0107, 0x0107,
    0x0107, 0x0107, 0x0107, 0x0107, 0x0107, 0x0107, 0x0107, 0x0107, 0x0107, 0x0107, 0x0107, 0x0107,
    0x0107, 0x0107, 0x0107, 0x0107, 0x0107, 0x0107, 0x0107, 0x0107, 0x0107, 0x0107, 0x0107, 0x0107,
    0x0107, 0x0107, 0x0107, 0x0107, 0x0107, 0x0107, 0x0107, 0x0107, 0x0107, 0x0107, 0x0107, 0x0107,
    0x0107, 0x0107, 0x0107, 0x0107, 0x0107, 0x0107, 0x0107, 0x0107, 0x0107, 0x0107, 0x0107, 0x0107,
    0x0107, 0x0107, 0x0107, 0x0107, 0x0107, 0x0107, 0x0107, 0x0107, 0x0107, 0x0107, 0x0107, 0x0107,
    0x0127, 0x0148, 0x0969, 0x098A, 0x11CB, 0x19EB, 0x19EC, 0x11CB, 0x118A, 0x0969, 0x0148, 0x0127,
    0x0107, 0x0107, 0x0107, 0x0107, 0x0107, 0x0107, 0x0107, 0x0107, 0x0107, 0x0107, 0x0107, 0x0107,
    0x0107, 0x0107, 0x0107, 0x0107, 0x0107, 0x0107, 0x0107, 0x0107, 0x0107, 0x0107, 0x0107, 0x0107,
    0x0107, 0x0107, 0x0107, 0x0107, 0x0107, 0x0107, 0x0107, 0x0107, 0x0107, 0x0107, 0x0107, 0x0107,
    0x0107, 0x0107, 0x0107, 0x0107, 0x0107, 0x0107, 0x0107, 0x0107, 0x0107, 0x0107, 0x0127, 0x0127,
    0x0127, 0x0127, 0x0127, 0x0107, 0x0107, 0x0107, 0x0107, 0x0107, 0x0107, 0x0107, 0x0107, 0x0127,
    0x0128, 0x0148, 0x0969, 0x11AA, 0x11EB, 0x19EC, 0x19EC, 0x11CB, 0x098A, 0x0969, 0x0128, 0x0127,
    0x0107, 0x0107, 0x0107, 0x0107, 0x0107, 0x0107, 0x0107, 0x0107, 0x0107, 0x0107, 0x0107, 0x0107,
    0x0107, 0x0107, 0x0107, 0x0107, 0x0127, 0x0148, 0x0969, 0x11AA, 0x11EB, 0x19EB, 0x11EB, 0x11CA,
    0x0989, 0x0948, 0x0128, 0x0107, 0x0107, 0x0107, 0x0107, 0x0107, 0x0107, 0x0107, 0x0107, 0x0107,
    0x0107, 0x0127, 0x0148, 0x0969, 0x09AA, 0x11CB, 0x11EC, 0x1A0C, 0x11CC, 0x09AB, 0x0969, 0x0149,
    0x0128, 0x0127, 0x0107, 0x0127, 0x0128, 0x0148, 0x0969, 0x11AA, 0x11CB, 0x11CB, 0x11CB, 0x11CB,
    0x11AA, 0x11AA, 0x11CB, 0x11CB, 0x19CB, 0x11AA, 0x1189, 0x0948, 0x0127, 0x0107, 0x00E6, 0x00E6,
    0x00E6, 0x0107, 0x0127, 0x0948, 0x0989, 0x11AA, 0x11CB, 0x11CB, 0x11AA, 0x0989, 0x0948, 0x0128,
    0x0127, 0x0107, 0x0107, 0x0107, 0x0107, 0x0107, 0x0107, 0x0107, 0x0107, 0x0107, 0x0107, 0x0107,
    0x0107, 0x0107, 0x0107, 0x0107, 0x0107, 0x0107, 0x0107, 0x0107, 0x0107, 0x0107, 0x0107, 0x0107,
    0x0107, 0x0107, 0x0107, 0x0107, 0x0107, 0x0107, 0x0107, 0x0107, 0x0107, 0x0107, 0x0107, 0x0107,
    0x0107, 0x0107, 0x0107, 0x0107, 0x0107, 0x0107, 0x0107, 0x0107, 0x0107, 0x0107, 0x0107, 0x0107,
    0x0107, 0x0107, 0x0107, 0x0107, 0x0107, 0x0107, 0x0107, 0x0107, 0x0107, 0x0107, 0x0107, 0x0107,
    0x0107, 0x0107, 0x0107, 0x0107, 0x0107, 0x0107, 0x0107, 0x0107, 0x0107, 0x0127, 0x0107, 0x0107,
    0x0127, 0x0128, 0x0948, 0x0989, 0x11AB, 0x11EB, 0x19EC, 0x11EC, 0x11CB, 0x098A, 0x0948, 0x0128,
    0x0107, 0x0107, 0x0107, 0x0107, 0x0107, 0x0107, 0x0107, 0x0107, 0x0107, 0x0107, 0x0107, 0x0107,
    0x0127, 0x0127, 0x0127, 0x0127, 0x0127, 0x0127, 0x0127, 0x0127, 0x0127, 0x0127, 0x0127, 0x0127,
    0x0127, 0x0127, 0x0127, 0x0127, 0x0127, 0x0127, 0x0127, 0x0127, 0x0127, 0x0127, 0x0128, 0x0127,
    0x0127, 0x0127, 0x0127, 0x0127, 0x0127, 0x0127, 0x0127, 0x0127, 0x0127, 0x0127, 0x0128, 0x0128,
    0x0128, 0x0128, 0x0128, 0x0128, 0x0128, 0x0128, 0x0128, 0x0128, 0x0128, 0x0128, 0x0128, 0x0128,
    0x0128, 0x0148, 0x0969, 0x09AA, 0x11CB, 0x19EC, 0x1A0C, 0x19EC, 0x11AA, 0x0989, 0x0948, 0x0127,
    0x0107, 0x0107, 0x0107, 0x0107, 0x0107, 0x0107, 0x0107, 0x0107, 0x0107, 0x0107, 0x0107, 0x0107,
    0x0107, 0x0107, 0x0107, 0x0127, 0x0128, 0x0968, 0x0989, 0x11CA, 0x11EB, 0x19EB, 0x11CB, 0x11AA,
    0x0969, 0x0148, 0x0127, 0x0107, 0x0107, 0x0107, 0x0107, 0x0107, 0x0107, 0x0107, 0x0107, 0x0107,
    0x0107, 0x0128, 0x0949, 0x098A, 0x11CB, 0x11EC, 0x1A0C, 0x1A0C, 0x11CB, 0x09AA, 0x0969, 0x0149,
    0x0148, 0x0128, 0x0128, 0x0128, 0x0128, 0x0148, 0x0969, 0x098A, 0x11CB, 0x11EB, 0x19EC, 0x19EC,
    0x11EC, 0x19EB, 0x19EB, 0x19EB, 0x11CB, 0x118A, 0x0969, 0x0928, 0x0107, 0x0106, 0x00E6, 0x00E6,
    0x00E6, 0x0107, 0x0107, 0x0128, 0x0969, 0x118A, 0x11CA, 0x11CB, 0x11CB, 0x11AA, 0x0989, 0x0948,
    0x0128, 0x0127, 0x0127, 0x0107, 0x0107, 0x0127, 0x0127, 0x0127, 0x0127, 0x0127, 0x0127, 0x0127,
    0x0127, 0x0127, 0x0127, 0x0127, 0x0127, 0x0127, 0x0127, 0x0127, 0x0127, 0x0127, 0x0127, 0x0127,
    0x0127, 0x0127, 0x0127, 0x0127, 0x0127, 0x0127, 0x0127, 0x0127, 0x0127, 0x0127, 0x0127, 0x0127,
    0x0127, 0x0127, 0x0127, 0x0127, 0x0127, 0x0127, 0x0127, 0x0127, 0x0127, 0x0127, 0x0127, 0x0127,
    0x0127, 0x0127, 0x0127, 0x0127, 0x0127, 0x0127, 0x0127, 0x0127, 0x0127, 0x0127, 0x0127, 0x0127,
    0x0127, 0x0127, 0x0127, 0x0127, 0x0127, 0x0127, 0x0127, 0x0127, 0x0127, 0x0127, 0x0127, 0x0127,
    0x0128, 0x0128, 0x0148, 0x0969, 0x11AA, 0x11CB, 0x1A0C, 0x1A0C, 0x11EB, 0x11AA, 0x0969, 0x0148,
    0x0127, 0x0107, 0x0107, 0x0107, 0x0107, 0x0107, 0x0107, 0x0107, 0x0107, 0x0107, 0x0107, 0x0107,
    0x0148, 0x0148, 0x0148, 0x0948, 0x0948, 0x0948, 0x0148, 0x0148, 0x0148, 0x0948, 0x0948, 0x0948,
    0x0948, 0x0948, 0x0948, 0x0148, 0x0148, 0x0148, 0x0948, 0x0948, 0x0948, 0x0148, 0x0948, 0x0948,
    0x0148, 0x0148, 0x0148, 0x0148, 0x0148, 0x0148, 0x0148, 0x0148, 0x0948, 0x0948, 0x0148, 0x0148,
    0x0148, 0x0948, 0x0948, 0x0948, 0x0948, 0x0949, 0x0949, 0x0949, 0x0949, 0x0949, 0x0949, 0x0949,
    0x0969, 0x0969, 0x098A, 0x09AA, 0x11CB, 0x1A0C, 0x1A0D, 0x1A0C, 0x11EB, 0x11AA, 0x0969, 0x0148,
    0x0127, 0x0107, 0x0107, 0x0107, 0x0107, 0x0107, 0x0107, 0x0107, 0x0107, 0x0107, 0x0107, 0x0107,
    0x0107, 0x0107, 0x0107, 0x0127, 0x0948, 0x0969, 0x11AA, 0x11EB, 0x19EB, 0x11EB, 0x11AA, 0x0989,
    0x0948, 0x0128, 0x0107, 0x0107, 0x0107, 0x0107, 0x0107, 0x0107, 0x0107, 0x0107, 0x0107, 0x0107,
    0x0127, 0x0148, 0x0969, 0x11AA, 0x11EC, 0x1A0C, 0x1A2D, 0x1A0C, 0x11CC, 0x09AB, 0x098A, 0x0969,
    0x0969, 0x0969, 0x0949, 0x0948, 0x0948, 0x0969, 0x0969, 0x09AA, 0x11CB, 0x19EC, 0x1A0C, 0x1A2D,
    0x1A2D, 0x1A0C, 0x1A0C, 0x11EB, 0x11AA, 0x0969, 0x0948, 0x0107, 0x0107, 0x00E6, 0x00E6, 0x00E6,
    0x00E6, 0x0106, 0x0107, 0x0127, 0x0948, 0x0969, 0x11AA, 0x11CB, 0x11EB, 0x11CB, 0x11AA, 0x0989,
    0x0969, 0x0148, 0x0148, 0x0148, 0x0148, 0x0148, 0x0148, 0x0148, 0x0148, 0x0148, 0x0148, 0x0148,
    0x0148, 0x0148, 0x0148, 0x0148, 0x0148, 0x0148, 0x0148, 0x0148, 0x0148, 0x0148, 0x0148, 0x0148,
    0x0148, 0x0148, 0x0148, 0x0148, 0x0148, 0x0148, 0x0148, 0x0148, 0x0148, 0x0148, 0x0148, 0x0148,
    0x0148, 0x0148, 0x0148, 0x0148, 0x0148, 0x0148, 0x0148, 0x0148, 0x0148, 0x0148, 0x0148, 0x0148,
    0x0148, 0x0148, 0x0148, 0x0148, 0x0148, 0x0148, 0x0148, 0x0148, 0x0148, 0x0148, 0x0148, 0x0148,
    0x0948, 0x0148, 0x0148, 0x0148, 0x0148, 0x0948, 0x0948, 0x0948, 0x0948, 0x0948, 0x0948, 0x0948,
    0x0148, 0x0948, 0x0969, 0x098A, 0x11AA, 0x11EC, 0x1A0C, 0x1A2D, 0x1A0C, 0x11CB, 0x098A, 0x0969,
    0x0128, 0x0127, 0x0107, 0x0107, 0x0107, 0x0107, 0x0107, 0x0107, 0x0107, 0x0107, 0x0107, 0x0107,
    0x0989, 0x0989, 0x0989, 0x0989, 0x0989, 0x0989, 0x0989, 0x0989, 0x0989, 0x0989, 0x0989, 0x0989,
    0x0989, 0x0989, 0x0989, 0x0989, 0x0989, 0x0989, 0x0989, 0x0989, 0x098A, 0x098A, 0x098A, 0x098A,
    0x0989, 0x0989, 0x0989, 0x0989, 0x0989, 0x0989, 0x0989, 0x0989, 0x0989, 0x0989, 0x0989, 0x098A,
    0x098A, 0x098A, 0x098A, 0x098A, 0x098A, 0x098A, 0x098A, 0x098A, 0x098A, 0x098A, 0x098A, 0x098A,
    0x098A, 0x09AA, 0x11AA, 0x11CB, 0x11EC, 0x1A0D, 0x1A2D, 0x1A2D, 0x1A0C, 0x11CB, 0x098A, 0x0948,
    0x0128, 0x0107, 0x0107, 0x0107, 0x0107, 0x0107, 0x0107, 0x0107, 0x0107, 0x0107, 0x0107, 0x0107,
    0x0107, 0x0107, 0x0127, 0x0128, 0x0969, 0x118A, 0x11CB, 0x19EB, 0x19EB, 0x11CB, 0x11AA, 0x0969,
    0x0128, 0x0107, 0x0107, 0x0107, 0x0107, 0x0107, 0x0107, 0x0107, 0x0107, 0x0107, 0x0107, 0x0107,
    0x0128, 0x0948, 0x098A, 0x11CB, 0x1A0C, 0x1A2D, 0x1A2D, 0x1A0D, 0x11EC, 0x11CB, 0x09AB, 0x09AA,
    0x098A, 0x098A, 0x098A, 0x098A, 0x098A, 0x098A, 0x09AA, 0x11CB, 0x11EC, 0x1A0D, 0x1A2D, 0x1A4E,
    0x1A4D, 0x1A2D, 0x1A0C, 0x11CB, 0x118A, 0x0948, 0x0127, 0x0107, 0x00E6, 0x00E6, 0x00E6, 0x00E6,
    0x00E6, 0x00E6, 0x0107, 0x0107, 0x0128, 0x0968, 0x118A, 0x11CB, 0x19EB, 0x19EB, 0x11EB, 0x11CB,
    0x09AA, 0x098A, 0x0989, 0x0989, 0x0989, 0x0989, 0x0989, 0x0989, 0x0989, 0x0989, 0x0989, 0x0989,
    0x0989, 0x0989, 0x0989, 0x0989, 0x0989, 0x0989, 0x0989, 0x0989, 0x0989, 0x0989, 0x0989, 0x0989,
    0x0989, 0x0989, 0x0989, 0x0989, 0x0989, 0x0989, 0x0989, 0x0989, 0x0989, 0x0989, 0x0989, 0x0989,
    0x0989, 0x0989, 0x0989, 0x0989, 0x0989, 0x0989, 0x0989, 0x0989, 0x0989, 0x0989, 0x0989, 0x0989,
    0x0989, 0x0989, 0x0989, 0x0989, 0x0989, 0x0989, 0x0989, 0x0989, 0x0989, 0x0989, 0x0989, 0x0989,
    0x0989, 0x0989, 0x0989, 0x0989, 0x0989, 0x0989, 0x0989, 0x0989, 0x0989, 0x0989, 0x0989, 0x0989,
    0x0989, 0x0989, 0x098A, 0x09AA, 0x11CB, 0x11EC, 0x1A2D, 0x1A2D, 0x1A2D, 0x1A0C, 0x11CB, 0x0989,
    0x0148, 0x0127, 0x0107, 0x0107, 0x0107, 0x0107, 0x0107, 0x0107, 0x0107, 0x0107, 0x0107, 0x0107,
    0x11CB, 0x11CB, 0x11CA, 0x11AA, 0x11AA, 0x11AB, 0x11CB, 0x11CA, 0x11CB, 0x11AB, 0x11AB, 0x11CB,
    0x11CB, 0x11CB, 0x11CB, 0x11CB, 0x11AB, 0x11AB, 0x11AB, 0x11CB, 0x11AB, 0x11AB, 0x11CB, 0x11CB,
    0x11CB, 0x11CB, 0x11CB, 0x11CB, 0x11CB, 0x11CA, 0x11CA, 0x11CA, 0x11CB, 0x11CB, 0x11CB, 0x11CB,
    0x11CB, 0x11CB, 0x11CB, 0x11CB, 0x11CB, 0x11CB, 0x11CB, 0x11CB, 0x11CB, 0x11CB, 0x11CB, 0x11CB,
    0x11CB, 0x11CB, 0x11EB, 0x11EC, 0x1A0D, 0x1A2D, 0x224E, 0x224E, 0x1A2D, 0x19EC, 0x11AA, 0x0969,
    0x0148, 0x0127, 0x0107, 0x0107, 0x0107, 0x0107, 0x0107, 0x0107, 0x0107, 0x0107, 0x0107, 0x0107,
    0x0107, 0x0107, 0x0127, 0x0948, 0x0989, 0x11AA, 0x11EB, 0x19EB, 0x11EB, 0x11AA, 0x0969, 0x0948,
    0x0127, 0x0107, 0x0107, 0x0107, 0x0107, 0x0107, 0x0107, 0x0107, 0x0107, 0x0107, 0x0107, 0x0127,
    0x0128, 0x0969, 0x09AA, 0x11EB, 0x1A0D, 0x1A4D, 0x1A4D, 0x1A2D, 0x1A0D, 0x11EC, 0x11EC, 0x11CB,
    0x11CB, 0x11CB, 0x11CB, 0x11CB, 0x11CB, 0x11CB, 0x11CB, 0x11EB, 0x1A0C, 0x1A2D, 0x1A4E, 0x226E,
    0x224E, 0x1A2D, 0x19EC, 0x11AA, 0x0969, 0x0948, 0x0107, 0x0106, 0x00E6, 0x00E6, 0x00E6, 0x00E6,
    0x00E6, 0x00E6, 0x00E6, 0x0107, 0x0127, 0x0948, 0x0989, 0x11CB, 0x19EB, 0x1A0C, 0x1A0C, 0x11EC,
    0x11CB, 0x11CB, 0x11CB, 0x11AB, 0x11AB, 0x11CB, 0x11CB, 0x11CB, 0x11CB, 0x11CB, 0x11CB, 0x11CA,
    0x11CA, 0x11CA, 0x11CA, 0x11CB, 0x11CB, 0x11CB, 0x11CB, 0x11CB, 0x11AB, 0x11AB, 0x11CB, 0x11CB,
    0x11CA, 0x11CA, 0x11CA, 0x11CA, 0x11CA, 0x11AA, 0x11AA, 0x11AA, 0x11AA, 0x11AB, 0x11AB, 0x11CB,
    0x11CB, 0x11CB, 0x11CB, 0x11CB, 0x11CB, 0x11CB, 0x11CB, 0x11CB, 0x11CB, 0x11CB, 0x11CB, 0x11CB,
    0x11CB, 0x11CA, 0x11CA, 0x11CA, 0x11CA, 0x11CA, 0x11CA, 0x11CA, 0x11CA, 0x11CA, 0x11CA, 0x11AA,
    0x11AA, 0x11CA, 0x11CA, 0x11CA, 0x11CA, 0x11CA, 0x11CA, 0x11CB, 0x11CB, 0x11CB, 0x11CB, 0x11CB,
    0x11CB, 0x11CB, 0x11CB, 0x11CB, 0x11EC, 0x1A0D, 0x1A2D, 0x1A4E, 0x1A4E, 0x1A2D, 0x11EC, 0x09AA,
    0x0969, 0x0148, 0x0127, 0x0107, 0x0107, 0x0107, 0x0107, 0x0107, 0x0107, 0x0107, 0x0107, 0x0107,
    0x11EB, 0x11EB, 0x11EB, 0x11EB, 0x11EB, 0x11EB, 0x11EB, 0x11EB, 0x11EB, 0x11EB, 0x11EB, 0x11EB,
    0x11EB, 0x11EB, 0x11EB, 0x11EB, 0x11EB, 0x11EB, 0x11EB, 0x11EB, 0x11EB, 0x11EB, 0x11EB, 0x11EB,
    0x11EB, 0x11EB, 0x11EB, 0x11EB, 0x11EB, 0x11EB, 0x11EB, 0x11EB, 0x11EB, 0x11EB, 0x11EB, 0x11EB,
    0x11EC, 0x11EB, 0x11EC, 0x11EC, 0x11EC, 0x19EC, 0x19EC, 0x19EC, 0x19EC, 0x19EC, 0x19EC, 0x1A0C,
    0x1A0C, 0x1A0C, 0x1A0C, 0x1A0C, 0x1A2D, 0x1A4D, 0x226E, 0x226E, 0x224E, 0x1A2D, 0x11CB, 0x098A,
    0x0948, 0x0128, 0x0107, 0x0107, 0x0107, 0x0107, 0x0107, 0x0107, 0x0107, 0x0107, 0x0107, 0x0107,
    0x0107, 0x0127, 0x0148, 0x0969, 0x11AA, 0x11CB, 0x19EB, 0x11EB, 0x11CB, 0x098A, 0x0949, 0x0128,
    0x0107, 0x0107, 0x0107, 0x0107, 0x0107, 0x0107, 0x0107, 0x0107, 0x0107, 0x0107, 0x0107, 0x0127,
    0x0128, 0x0969, 0x09AA, 0x11EB, 0x1A0C, 0x1A2D, 0x1A2D, 0x1A2D, 0x1A0D, 0x1A0C, 0x1A0C, 0x11EC,
    0x11EC, 0x11EC, 0x11EB, 0x11EB, 0x11EB, 0x11EB, 0x11EC, 0x1A0C, 0x1A2D, 0x1A4E, 0x226E, 0x226E,
    0x224E, 0x1A2D, 0x11CB, 0x098A, 0x0948, 0x0127, 0x0107, 0x00E6, 0x00E6, 0x00E6, 0x00E6, 0x00E6,
    0x00E6, 0x00E6, 0x00E6, 0x0107, 0x0107, 0x0948, 0x0969, 0x11CA, 0x1A0C, 0x1A2C, 0x1A2D, 0x1A0C,
    0x1A0C, 0x11EC, 0x11EB, 0x11EB, 0x11EB, 0x11EB, 0x11EB, 0x11EB, 0x11EB, 0x11EB, 0x11EB, 0x11EB,
    0x11EB, 0x11EB, 0x11EB, 0x11EB, 0x11EB, 0x11EB, 0x11EB, 0x11EB, 0x11EB, 0x11EB, 0x11EB, 0x11EB,
    0x11EB, 0x11EB, 0x11EB, 0x11EB, 0x11EB, 0x11EB, 0x11EB, 0x11EB, 0x11EB, 0x11EB, 0x11EB, 0x11EB,
    0x11EB, 0x11EB, 0x11EB, 0x11EB, 0x11EB, 0x11EB, 0x11EB, 0x11EB, 0x11EB, 0x11EB, 0x11EB, 0x11EB,
    0x11EB, 0x11EB, 0x11EB, 0x11EB, 0x11EB, 0x11EB, 0x11EB, 0x11EB, 0x11EB, 0x11EB, 0x11EB, 0x11EB,
    0x11EB, 0x11EB, 0x11EB, 0x11EB, 0x11EB, 0x11EB, 0x11EB, 0x11EB, 0x11EB, 0x11EB, 0x11EB, 0x11EB,
    0x11EB, 0x11EB, 0x11EB, 0x11EC, 0x120C, 0x1A2D, 0x1A4E, 0x226E, 0x226E, 0x1A4E, 0x1A0D, 0x11CB,
    0x098A, 0x0148, 0x0128, 0x0107, 0x0107, 0x0107, 0x0107, 0x0107, 0x0107, 0x0107, 0x0107, 0x0107,
    0x11EB, 0x11EB, 0x11EB, 0x11EB, 0x11EB, 0x11EB, 0x11EB, 0x11EB, 0x11EB, 0x11EB, 0x11EB, 0x11EB,
    0x11EB, 0x11EB, 0x11EB, 0x11EB, 0x11EB, 0x11EB, 0x11EB, 0x11EB, 0x11EB, 0x11EB, 0x11EB, 0x11EB,
    0x11EB, 0x11EB, 0x11EB, 0x11EB, 0x11EB, 0x11EB, 0x11EB, 0x11EB, 0x11EB, 0x11EB, 0x11EB, 0x11EB,
    0x11EB, 0x11EB, 0x11EC, 0x11EC, 0x11EC, 0x19EC, 0x19EC, 0x19EC, 0x19EC, 0x19EC, 0x19EC, 0x19EC,
    0x19EC, 0x1A0C, 0x120C, 0x1A0C, 0x1A2D, 0x1A4D, 0x224E, 0x226E, 0x226E, 0x1A2D, 0x19EC, 0x11AA,
    0x0969, 0x0148, 0x0127, 0x0107, 0x0107, 0x0107, 0x0107, 0x0107, 0x0107, 0x0107, 0x0107, 0x0107,
    0x0107, 0x0128, 0x0948, 0x0989, 0x11CA, 0x11EB, 0x19EB, 0x11CB, 0x11AA, 0x0969, 0x0148, 0x0127,
    0x0107, 0x0107, 0x0107, 0x0107, 0x0107, 0x0107, 0x0107, 0x0107, 0x0107, 0x0107, 0x0107, 0x0127,
    0x0128, 0x0948, 0x0989, 0x11CB, 0x11EB, 0x1A0C, 0x1A0C, 0x1A0C, 0x1A0C, 0x11EC, 0x11EC, 0x11EC,
    0x11EC, 0x11EB, 0x11EB, 0x11EB, 0x11EB, 0x11EB, 0x11EC, 0x1A0C, 0x1A2D, 0x1A4D, 0x226E, 0x226E,
    0x1A4D, 0x1A0C, 0x11AB, 0x0969, 0x0128, 0x0107, 0x0106, 0x00E6, 0x00E6, 0x00E6, 0x00E6, 0x00E6,
    0x00E6, 0x00E6, 0x00E6, 0x0107, 0x0107, 0x0948, 0x0969, 0x11CA, 0x1A0C, 0x1A2C, 0x1A2D, 0x1A0C,
    0x1A0C, 0x11EC, 0x11EB, 0x11EB, 0x11EB, 0x11EB, 0x11EB, 0x11EB, 0x11EB, 0x11EB, 0x11EB, 0x11EB,
    0x11EB, 0x11EB, 0x11EB, 0x11EB, 0x11EB, 0x11EB, 0x11EB, 0x11EB, 0x11EB, 0x11EB, 0x11EB, 0x11EB,
    0x11EB, 0x11EB, 0x11EB, 0x11EB, 0x11EB, 0x11EB, 0x11EB, 0x11EB, 0x11EB, 0x11EB, 0x11EB, 0x11EB,
    0x11EB, 0x11EB, 0x11EB, 0x11EB, 0x11EB, 0x11EB, 0x11EB, 0x11EB, 0x11EB, 0x11EB, 0x11EB, 0x11EB,
    0x11EB, 0x11EB, 0x11EB, 0x11EB, 0x11EB, 0x11EB, 0x11EB, 0x11EB, 0x11EB, 0x11EB, 0x11EB, 0x11EB,
    0x11EB, 0x11EB, 0x11EB, 0x11EB, 0x11EB, 0x11EB, 0x11EB, 0x11EB, 0x11EB, 0x11EB, 0x11EB, 0x11EB,
    0x11EB, 0x11EB, 0x11EB, 0x11EC, 0x120C, 0x1A2D, 0x1A4E, 0x226E, 0x226F, 0x226E, 0x1A2D, 0x11EC,
    0x11AA, 0x0969, 0x0148, 0x0127, 0x0107, 0x0107, 0x0107, 0x0107, 0x0107, 0x0107, 0x0107, 0x0107,
    0x11AB, 0x11AB, 0x11AA, 0x11AA, 0x11AA, 0x11AB, 0x11AA, 0x11AA, 0x11AB, 0x11AB, 0x11AB, 0x11AB,
    0x11AB, 0x11AB, 0x11AB, 0x11AB, 0x11AB, 0x11AB, 0x11AB, 0x11AB, 0x11AB, 0x11AB, 0x11AB, 0x11AB,
    0x11AB, 0x11AB, 0x11AA, 0x11AA, 0x11AB, 0x11AA, 0x11AA, 0x11AA, 0x11AB, 0x11AB, 0x11AB, 0x11AB,
    0x11AB, 0x11AB, 0x11AB, 0x11CB, 0x11CB, 0x11CB, 0x11CB, 0x11CB, 0x11CB, 0x11CB, 0x11CB, 0x11CB,
    0x11CB, 0x11CB, 0x11CB, 0x11EC, 0x1A0C, 0x1A2D, 0x1A4E, 0x226E, 0x224E, 0x1A4D, 0x1A0C, 0x11CB,
    0x098A, 0x0948, 0x0128, 0x0107, 0x0107, 0x0107, 0x0107, 0x0107, 0x0107, 0x0107, 0x0107, 0x0107,
    0x0127, 0x0148, 0x0969, 0x11AA, 0x11CB, 0x19EB, 0x11EB, 0x11AA, 0x0989, 0x0948, 0x0128, 0x0107,
    0x0107, 0x0107, 0x0107, 0x0107, 0x0107, 0x0107, 0x0107, 0x0107, 0x0107, 0x0107, 0x0107, 0x0107,
    0x0127, 0x0148, 0x0969, 0x098A, 0x11AA, 0x11CB, 0x11CB, 0x11CB, 0x11CB, 0x11CB, 0x11CB, 0x11CB,
    0x11CB, 0x11CB, 0x11CB, 0x11CA, 0x11AA, 0x11CB, 0x11CB, 0x11EB, 0x1A0C, 0x1A2D, 0x1A4E, 0x1A4D,
    0x1A2D, 0x11EB, 0x098A, 0x0948, 0x0127, 0x0107, 0x00E6, 0x00E6, 0x00E6, 0x00E6, 0x00E6, 0x00E6,
    0x00E6, 0x00E6, 0x00E6, 0x0107, 0x0127, 0x0948, 0x0989, 0x11CB, 0x19EC, 0x1A0C, 0x1A0C, 0x11EC,
    0x11CB, 0x11CB, 0x11AB, 0x11AB, 0x11AB, 0x11CB, 0x11CB, 0x11CB, 0x11CB, 0x11CB, 0x11CB, 0x11CB,
    0x11CB, 0x11CB, 0x11CB, 0x11CB, 0x11CB, 0x11CB, 0x11CB, 0x11CB, 0x11CB, 0x11CB, 0x11CB, 0x11CB,
    0x11CB, 0x11CB, 0x11CB, 0x11CB, 0x11CA, 0x11AA, 0x11AA, 0x11AA, 0x11AA, 0x11AA, 0x11AB, 0x11CB,
    0x11CB, 0x11CB, 0x11CB, 0x11CB, 0x11CB, 0x11CB, 0x11CB, 0x11CB, 0x11CB, 0x11CB, 0x11AB, 0x11AB,
    0x11AB, 0x11AA, 0x11AA, 0x11CA, 0x11CA, 0x11AA, 0x11AA, 0x11AA, 0x11AA, 0x11AA, 0x11AA, 0x11AA,
    0x11AA, 0x11AA, 0x11AA, 0x11AA, 0x11AA, 0x11AA, 0x11AA, 0x11CA, 0x11CA, 0x11CA, 0x11CA, 0x11CA,
    0x11CA, 0x11CB, 0x11CB, 0x11CB, 0x11EB, 0x1A0C, 0x1A2D, 0x1A4E, 0x226E, 0x226E, 0x1A4D, 0x1A0C,
    0x11CB, 0x0989, 0x0948, 0x0128, 0x0107, 0x0107, 0x0107, 0x0107, 0x0107, 0x0107, 0x0107, 0x0107,
    0x0989, 0x0989, 0x0989, 0x0989, 0x0989, 0x0989, 0x0989, 0x0989, 0x0989, 0x0989, 0x0989, 0x0989,
    0x0989, 0x0989, 0x0989, 0x0989, 0x0989, 0x0989, 0x0989, 0x0989, 0x0989, 0x0989, 0x0989, 0x0989,
    0x0989, 0x0989, 0x0989, 0x0989, 0x0989, 0x0989, 0x0989, 0x0989, 0x0989, 0x0989, 0x0969, 0x0969,
    0x0969, 0x0969, 0x0989, 0x0989, 0x098A, 0x098A, 0x098A, 0x098A, 0x098A, 0x098A, 0x098A, 0x098A,
    0x098A, 0x098A, 0x09AA, 0x11CB, 0x11EB, 0x1A0C, 0x1A2D, 0x1A4D, 0x224D, 0x1A2D, 0x1A0C, 0x11EB,
    0x11AA, 0x0969, 0x0948, 0x0127, 0x0107, 0x0107, 0x0107, 0x0107, 0x0107, 0x0107, 0x0107, 0x0127,
    0x0128, 0x0969, 0x098A, 0x11CB, 0x11EB, 0x19EB, 0x11CB, 0x098A, 0x0969, 0x0128, 0x0107, 0x0107,
    0x0107, 0x0107, 0x0107, 0x0107, 0x0107, 0x0107, 0x0107, 0x0107, 0x0107, 0x0107, 0x0107, 0x0107,
    0x0127, 0x0127, 0x0148, 0x0969, 0x0969, 0x0989, 0x0989, 0x098A, 0x098A, 0x0989, 0x0989, 0x0989,
    0x0989, 0x0989, 0x0989, 0x0989, 0x0989, 0x098A, 0x09AA, 0x11CB, 0x11EC, 0x1A0D, 0x1A2D, 0x1A2D,
    0x19EC, 0x11AA, 0x0969, 0x0128, 0x0107, 0x0107, 0x00E6, 0x00E6, 0x00E6, 0x00E6, 0x00E6, 0x00E6,
    0x00E6, 0x00E6, 0x0107, 0x0107, 0x0128, 0x0969, 0x118A, 0x11CB, 0x19EC, 0x19EC, 0x11EB, 0x11CB,
    0x09AA, 0x098A, 0x0989, 0x0989, 0x0989, 0x0989, 0x0989, 0x0989, 0x098A, 0x098A, 0x098A, 0x0989,
    0x0989, 0x0989, 0x0989, 0x098A, 0x098A, 0x098A, 0x098A, 0x098A, 0x098A, 0x0989, 0x098A, 0x098A,
    0x0989, 0x0989, 0x0989, 0x0989, 0x0989, 0x0989, 0x0989, 0x0989, 0x0989, 0x0989, 0x0989, 0x0989,
    0x0989, 0x0989, 0x0989, 0x0989, 0x0989, 0x0989, 0x0989, 0x0989, 0x0989, 0x0989, 0x0989, 0x0989,
    0x0989, 0x0989, 0x0989, 0x0989, 0x0989, 0x0989, 0x0989, 0x0969, 0x0969, 0x0969, 0x0969, 0x0969,
    0x0969, 0x0969, 0x0969, 0x0969, 0x0989, 0x0989, 0x0989, 0x0989, 0x0989, 0x0989, 0x0989, 0x0989,
    0x0989, 0x0989, 0x098A, 0x09AA, 0x11AB, 0x11EC, 0x1A0D, 0x1A4D, 0x1A4E, 0x224E, 0x1A2D, 0x1A0C,
    0x11CB, 0x118A, 0x0969, 0x0148, 0x0127, 0x0107, 0x0107, 0x0107, 0x0107, 0x0107, 0x0107, 0x0107,
    0x0948, 0x0948, 0x0948, 0x0148, 0x0148, 0x0148, 0x0148, 0x0148, 0x0148, 0x0148, 0x0148, 0x0148,
    0x0948, 0x0948, 0x0948, 0x0148, 0x0148, 0x0148, 0x0148, 0x0148, 0x0148, 0x0148, 0x0148, 0x0948,
    0x0148, 0x0148, 0x0148, 0x0148, 0x0148, 0x0148, 0x0148, 0x0148, 0x0148, 0x0148, 0x0148, 0x0148,
    0x0148, 0x0948, 0x0948, 0x0948, 0x0948, 0x0948, 0x0948, 0x0948, 0x0948, 0x0948, 0x0148, 0x0148,
    0x0949, 0x0969, 0x0969, 0x098A, 0x11CB, 0x11EC, 0x1A0C, 0x1A2C, 0x1A2C, 0x1A0C, 0x1A0C, 0x19EB,
    0x11CB, 0x098A, 0x0949, 0x0128, 0x0127, 0x0107, 0x0107, 0x0107, 0x0107, 0x0107, 0x0107, 0x0127,
    0x0948, 0x0969, 0x11AA, 0x11CB, 0x19EB, 0x11CB, 0x11AA, 0x0969, 0x0948, 0x0127, 0x0107, 0x0107,
    0x0107, 0x0107, 0x0106, 0x0106, 0x0106, 0x0106, 0x0107, 0x0107, 0x0107, 0x0107, 0x0107, 0x0107,
    0x0107, 0x0127, 0x0127, 0x0128, 0x0148, 0x0148, 0x0148, 0x0948, 0x0148, 0x0148, 0x0148, 0x0948,
    0x0948, 0x0948, 0x0148, 0x0148, 0x0948, 0x0969, 0x0969, 0x11AA, 0x11CB, 0x1A0C, 0x1A0C, 0x1A0C,
    0x11CB, 0x098A, 0x0948, 0x0127, 0x0107, 0x0106, 0x00E6, 0x00E6, 0x00E6, 0x00E6, 0x00E6, 0x00E6,
    0x00E6, 0x0106, 0x0107, 0x0127, 0x0948, 0x0989, 0x11AA, 0x11EB, 0x19EB, 0x11CB, 0x11AA, 0x098A,
    0x0969, 0x0949, 0x0148, 0x0148, 0x0148, 0x0148, 0x0148, 0x0148, 0x0148, 0x0948, 0x0948, 0x0148,
    0x0148, 0x0148, 0x0148, 0x0948, 0x0948, 0x0948, 0x0948, 0x0148, 0x0148, 0x0148, 0x0148, 0x0148,
    0x0148, 0x0948, 0x0948, 0x0948, 0x0948, 0x0948, 0x0948, 0x0948, 0x0148, 0x0148, 0x0948, 0x0948,
    0x0948, 0x0948, 0x0948, 0x0948, 0x0948, 0x0948, 0x0948, 0x0948, 0x0948, 0x0948, 0x0948, 0x0948,
    0x0948, 0x0948, 0x0948, 0x0148, 0x0148, 0x0948, 0x0948, 0x0148, 0x0148, 0x0148, 0x0148, 0x0148,
    0x0148, 0x0148, 0x0148, 0x0948, 0x0148, 0x0148, 0x0148, 0x0148, 0x0148, 0x0148, 0x0148, 0x0148,
    0x0948, 0x0148, 0x0969, 0x0969, 0x09AA, 0x11CB, 0x1A0C, 0x1A2D, 0x1A2D, 0x1A2D, 0x1A0D, 0x1A0C,
    0x11EB, 0x11AA, 0x0989, 0x0948, 0x0128, 0x0127, 0x0107, 0x0107, 0x0107, 0x0107, 0x0107, 0x0107,
    0x0127, 0x0127, 0x0127, 0x0127, 0x0127, 0x0127, 0x0127, 0x0127, 0x0127, 0x0127, 0x0127, 0x0127,
    0x0127, 0x0127, 0x0127, 0x0127, 0x0127, 0x0127, 0x0127, 0x0127, 0x0127, 0x0127, 0x0127, 0x0127,
    0x0127, 0x0127, 0x0127, 0x0127, 0x0127, 0x0127, 0x0127, 0x0127, 0x0127, 0x0127, 0x0127, 0x0127,
    0x0127, 0x0127, 0x0127, 0x0127, 0x0127, 0x0127, 0x0127, 0x0127, 0x0127, 0x0127, 0x0128, 0x0128,
    0x0128, 0x0148, 0x0969, 0x098A, 0x11AA, 0x11EB, 0x19EC, 0x19EC, 0x19EC, 0x19EB, 0x19EB, 0x11EB,
    0x11CB, 0x11AA, 0x0969, 0x0948, 0x0127, 0x0107, 0x0107, 0x0107, 0x0107, 0x0107, 0x0127, 0x0148,
    0x0969, 0x11AA, 0x11CB, 0x19EB, 0x11EB, 0x11CB, 0x098A, 0x0949, 0x0128, 0x0107, 0x0107, 0x0107,
    0x0107, 0x0107, 0x0106, 0x0106, 0x0106, 0x0106, 0x0107, 0x0107, 0x0107, 0x0107, 0x0107, 0x0107,
    0x0107, 0x0107, 0x0107, 0x0127, 0x0127, 0x0127, 0x0127, 0x0127, 0x0127, 0x0127, 0x0127, 0x0127,
    0x0127, 0x0127, 0x0127, 0x0127, 0x0128, 0x0148, 0x0969, 0x11AA, 0x11CB, 0x19EC, 0x1A0C, 0x11EB,
    0x11AA, 0x0969, 0x0128, 0x0107, 0x0107, 0x0106, 0x0106, 0x00E6, 0x00E6, 0x00E6, 0x00E6, 0x00E6,
    0x0106, 0x0107, 0x0127, 0x0148, 0x0969, 0x11AA, 0x11CB, 0x19EB, 0x11CB, 0x11AA, 0x0989, 0x0969,
    0x0148, 0x0128, 0x0127, 0x0127, 0x0127, 0x0127, 0x0127, 0x0127, 0x0127, 0x0127, 0x0127, 0x0127,
    0x0127, 0x0127, 0x0127, 0x0128, 0x0128, 0x0128, 0x0128, 0x0127, 0x0127, 0x0127, 0x0127, 0x0127,
    0x0127, 0x0127, 0x0127, 0x0127, 0x0127, 0x0127, 0x0127, 0x0127, 0x0127, 0x0127, 0x0127, 0x0127,
    0x0127, 0x0127, 0x0127, 0x0127, 0x0127, 0x0127, 0x0127, 0x0127, 0x0127, 0x0127, 0x0127, 0x0127,
    0x0127, 0x0127, 0x0127, 0x0127, 0x0127, 0x0127, 0x0127, 0x0107, 0x0107, 0x0107, 0x0107, 0x0107,
    0x0127, 0x0127, 0x0127, 0x0127, 0x0127, 0x0127, 0x0127, 0x0127, 0x0127, 0x0127, 0x0127, 0x0127,
    0x0127, 0x0128, 0x0148, 0x0969, 0x09AA, 0x11CB, 0x19EC, 0x1A0C, 0x1A0C, 0x19EC, 0x11EC, 0x11EC,
    0x11CB, 0x11AB, 0x11AA, 0x0969, 0x0148, 0x0127, 0x0107, 0x0107, 0x0107, 0x0107, 0x0107, 0x0107,
    0x0107, 0x0107, 0x0107, 0x0107, 0x0107, 0x0107, 0x0107, 0x0107, 0x0107, 0x0107, 0x0107, 0x0107,
    0x0107, 0x0107, 0x0107, 0x0107, 0x0107, 0x0107, 0x0107, 0x0107, 0x0107, 0x0107, 0x0107, 0x0107,
    0x0107, 0x0107, 0x0107, 0x0107, 0x0107, 0x0107, 0x0107, 0x0107, 0x0107, 0x0107, 0x0107, 0x0107,
    0x0107, 0x0107, 0x0107, 0x0107, 0x0107, 0x0107, 0x0107, 0x0107, 0x0107, 0x0107, 0x0107, 0x0107,
    0x0127, 0x0128, 0x0969, 0x098A, 0x11CA, 0x11CB, 0x11EB, 0x11CB, 0x11AA, 0x11AA, 0x11CB, 0x11CB,
    0x11CB, 0x11CA, 0x118A, 0x0969, 0x0128, 0x0127, 0x0107, 0x0107, 0x0107, 0x0107, 0x0128, 0x0948,
    0x0989, 0x11AB, 0x11EB, 0x19EB, 0x11CB, 0x11AA, 0x0969, 0x0148, 0x0127, 0x0107, 0x0107, 0x0107,
    0x0107, 0x0107, 0x0107, 0x0107, 0x0107, 0x0107, 0x0107, 0x0106, 0x0106, 0x0107, 0x0107, 0x0107,
    0x0107, 0x0107, 0x0107, 0x0107, 0x0107, 0x0107, 0x0107, 0x0107, 0x0107, 0x0107, 0x0107, 0x0107,
    0x0107, 0x0107, 0x0107, 0x0107, 0x0127, 0x0148, 0x0969, 0x11AA, 0x11CB, 0x19EC, 0x19EB, 0x11CB,
    0x0989, 0x0948, 0x0128, 0x0107, 0x0107, 0x0107, 0x0106, 0x0106, 0x0106, 0x0106, 0x0106, 0x0106,
    0x0107, 0x0107, 0x0127, 0x0948, 0x0989, 0x11AA, 0x11CB, 0x19EB, 0x11CB, 0x118A, 0x0969, 0x0148,
    0x0127, 0x0107, 0x0107, 0x0107, 0x0107, 0x0107, 0x0107, 0x0107, 0x0107, 0x0107, 0x0107, 0x0107,
    0x0127, 0x0127, 0x0107, 0x0107, 0x0107, 0x0107, 0x0107, 0x0107, 0x0107, 0x0107, 0x0107, 0x0107,
    0x0107, 0x0107, 0x0107, 0x0107, 0x0107, 0x0107, 0x0107, 0x0107, 0x0107, 0x0107, 0x0107, 0x0107,
    0x0107, 0x0107, 0x0107, 0x0107, 0x0107, 0x0107, 0x0107, 0x0107, 0x0107, 0x0107, 0x0107, 0x0107,
    0x0107, 0x0107, 0x0107, 0x0107, 0x0107, 0x0107, 0x0107, 0x0107, 0x0107, 0x0107, 0x0107, 0x0107,
    0x0107, 0x0107, 0x0107, 0x0107, 0x0107, 0x0107, 0x0107, 0x0107, 0x0107, 0x0107, 0x0107, 0x0107,
    0x0127, 0x0128, 0x0948, 0x0969, 0x11AA, 0x11CB, 0x19EC, 0x19EC, 0x11CB, 0x11CB, 0x11AB, 0x11CB,
    0x11CB, 0x11CB, 0x11AA, 0x0989, 0x0969, 0x0128, 0x0127, 0x0107, 0x0107, 0x0107, 0x0107, 0x0107,
    0x0107, 0x0107, 0x0107, 0x0107, 0x0107, 0x0107, 0x0107, 0x0107, 0x0107, 0x0107, 0x0107, 0x0107,
    0x0107, 0x0107, 0x0107, 0x0107, 0x0107, 0x0107, 0x0107, 0x0107, 0x0107, 0x0107, 0x0107, 0x0107,
    0x0107, 0x0107, 0x0107, 0x0107, 0x0107, 0x0107, 0x0107, 0x0107, 0x0107, 0x0107, 0x0107, 0x0107,
    0x0107, 0x0107, 0x0107, 0x0107, 0x0107, 0x0107, 0x0107, 0x0107, 0x0107, 0x0107, 0x0107, 0x0107,
    0x0127, 0x0948, 0x0969, 0x11AA, 0x11CB, 0x11CB, 0x11CB, 0x11AA, 0x098A, 0x0989, 0x118A, 0x11AA,
    0x11CB, 0x11CB, 0x11AA, 0x0969, 0x0948, 0x0127, 0x0107, 0x0107, 0x0107, 0x0127, 0x0148, 0x0969,
    0x11AA, 0x11CB, 0x11EB, 0x11EB, 0x11AA, 0x0989, 0x0948, 0x0128, 0x0107, 0x0107, 0x0107, 0x0107,
    0x0107, 0x0107, 0x0107, 0x0107, 0x0107, 0x0107, 0x0106, 0x0106, 0x0106, 0x0107, 0x0107, 0x0107,
    0x0107, 0x0107, 0x0107, 0x0107, 0x0107, 0x0107, 0x0107, 0x0107, 0x0107, 0x0107, 0x0107, 0x0107,
    0x0107, 0x0107, 0x0107, 0x0107, 0x0128, 0x0948, 0x0989, 0x11CB, 0x11EB, 0x19EB, 0x11CB, 0x11AA,
    0x0969, 0x0128, 0x0107, 0x0107, 0x0107, 0x0107, 0x0107, 0x0107, 0x0107, 0x0107, 0x0107, 0x0107,
    0x0107, 0x0127, 0x0948, 0x0969, 0x11AA, 0x11CB, 0x19EB, 0x11CB, 0x11AA, 0x0969, 0x0948, 0x0127,
    0x0107, 0x0107, 0x0107, 0x0107, 0x0107, 0x0107, 0x0107, 0x0107, 0x0107, 0x0107, 0x0107, 0x0107,
    0x0107, 0x0107, 0x0107, 0x0107, 0x0107, 0x0107, 0x0107, 0x0107, 0x0107, 0x0107, 0x0107, 0x0107,
    0x0107, 0x0107, 0x0107, 0x0107, 0x0107, 0x0107, 0x0107, 0x0107, 0x0107, 0x0107, 0x0107, 0x0107,
    0x0107, 0x0107, 0x0107, 0x0107, 0x0107, 0x0107, 0x0107, 0x0107, 0x0107, 0x0107, 0x0107, 0x0107,
    0x0107, 0x0107, 0x0107, 0x0107, 0x0107, 0x0107, 0x0107, 0x0107, 0x0107, 0x0107, 0x0107, 0x0107,
    0x0107, 0x0107, 0x0107, 0x0107, 0x0107, 0x0107, 0x0107, 0x0107, 0x0107, 0x0107, 0x0107, 0x0107,
    0x0127, 0x0128, 0x0969, 0x098A, 0x11CB, 0x11EB, 0x11EB, 0x11CB, 0x11AA, 0x098A, 0x098A, 0x118A,
    0x11AA, 0x11CB, 0x11CB, 0x11AA, 0x0969, 0x0948, 0x0128, 0x0107, 0x0107, 0x0107, 0x0107, 0x0107,
    0x0107, 0x0107, 0x0107, 0x0107, 0x0107, 0x0107, 0x0107, 0x0107, 0x0107, 0x0107, 0x0107, 0x0107,
    0x0107, 0x0107, 0x0107, 0x0107, 0x0107, 0x0106, 0x0106, 0x0106, 0x0106, 0x0106, 0x0106, 0x0107,
    0x0107, 0x0107, 0x0107, 0x0107, 0x0107, 0x0107, 0x0107, 0x0107, 0x0107, 0x0107, 0x0107, 0x0107,
    0x0107, 0x0107, 0x0107, 0x0107, 0x0107, 0x0107, 0x0106, 0x0106, 0x0106, 0x0107, 0x0107, 0x0107,
    0x0128, 0x0948, 0x0989, 0x11AA, 0x11CB, 0x11CB, 0x11AA, 0x0989, 0x0969, 0x0969, 0x0969, 0x118A,
    0x11CA, 0x11CB, 0x11CA, 0x118A, 0x0969, 0x0128, 0x0127, 0x0107, 0x0127, 0x0128, 0x0949, 0x098A,
    0x11CB, 0x11EB, 0x11EB, 0x11CB, 0x118A, 0x0969, 0x0128, 0x0107, 0x0107, 0x0107, 0x0107, 0x0107,
    0x0107, 0x0107, 0x0107, 0x0107, 0x0106, 0x0106, 0x0106, 0x0106, 0x0106, 0x0107, 0x0107, 0x0107,
    0x0107, 0x0107, 0x0107, 0x0107, 0x0107, 0x0107, 0x0107, 0x0107, 0x0107, 0x0107, 0x0106, 0x0106,
    0x0106, 0x0107, 0x0107, 0x0107, 0x0128, 0x0969, 0x11AA, 0x11CB, 0x19EB, 0x11EB, 0x11AA, 0x0989,
    0x0948, 0x0128, 0x0107, 0x0107, 0x0107, 0x0107, 0x0107, 0x0107, 0x0107, 0x0107, 0x0107, 0x0107,
    0x0107, 0x0128, 0x0969, 0x11AA, 0x11CB, 0x19EB, 0x19EB, 0x11CB, 0x0989, 0x0948, 0x0128, 0x0127,
    0x0107, 0x0107, 0x0107, 0x0107, 0x0107, 0x0107, 0x0107, 0x0107, 0x0107, 0x0107, 0x0107, 0x0107,
    0x0107, 0x0107, 0x0107, 0x0107, 0x0107, 0x0107, 0x0107, 0x0107, 0x0107, 0x0107, 0x0107, 0x0107,
    0x0107, 0x0107, 0x0107, 0x0107, 0x0107, 0x0107, 0x0107, 0x0107, 0x0107, 0x0107, 0x0107, 0x0107,
    0x0107, 0x0107, 0x0107, 0x0107, 0x0107, 0x0107, 0x0107, 0x0106, 0x0107, 0x0107, 0x0107, 0x0107,
    0x0107, 0x0107, 0x0107, 0x0107, 0x0107, 0x0107, 0x0107, 0x0107, 0x0107, 0x0107, 0x0107, 0x0107,
    0x0107, 0x0107, 0x0107, 0x0107, 0x0107, 0x0107, 0x0107, 0x0107, 0x0107, 0x0107, 0x0107, 0x0107,
    0x0127, 0x0948, 0x0969, 0x11AA, 0x11CB, 0x19EB, 0x11CB, 0x11AA, 0x0989, 0x0969, 0x0969, 0x0969,
    0x118A, 0x11CA, 0x11CB, 0x11CA, 0x118A, 0x0969, 0x0148, 0x0127, 0x0107, 0x0107, 0x0107, 0x0107,
    0x0107, 0x0107, 0x0107, 0x0107, 0x0107, 0x0107, 0x0107, 0x0107, 0x0107, 0x0107, 0x0107, 0x0107,
    0x0107, 0x0107, 0x0106, 0x0106, 0x0107, 0x0106, 0x0106, 0x0106, 0x0106, 0x0106, 0x0106, 0x0106,
    0x0107, 0x0107, 0x0107, 0x0107, 0x0107, 0x0107, 0x0107, 0x0107, 0x0107, 0x0107, 0x0107, 0x0107,
    0x0107, 0x0107, 0x0107, 0x0107, 0x0107, 0x0106, 0x0106, 0x0106, 0x0106, 0x0106, 0x0107, 0x0107,
    0x0128, 0x0969, 0x11AA, 0x11CB, 0x11CB, 0x11CA, 0x118A, 0x0969, 0x0948, 0x0948, 0x0948, 0x0989,
    0x11AA, 0x11CB, 0x11CB, 0x11AA, 0x0989, 0x0948, 0x0128, 0x0127, 0x0127, 0x0148, 0x0969, 0x11AA,
    0x11EB, 0x19EC, 0x11EB, 0x11AA, 0x0989, 0x0948, 0x0128, 0x0107, 0x0107, 0x0107, 0x0107, 0x0107,
    0x0107, 0x0107, 0x0107, 0x0107, 0x0106, 0x0106, 0x0106, 0x0107, 0x0107, 0x0107, 0x0107, 0x0107,
    0x0107, 0x0107, 0x0107, 0x0107, 0x0107, 0x0107, 0x0107, 0x0107, 0x0107, 0x0106, 0x0106, 0x0106,
    0x0106, 0x0106, 0x0107, 0x0127, 0x0948, 0x0989, 0x11CB, 0x19EB, 0x19EB, 0x11CB, 0x118A, 0x0969,
    0x0128, 0x0107, 0x0107, 0x0107, 0x0107, 0x0107, 0x0107, 0x0107, 0x0107, 0x0107, 0x0107, 0x0107,
    0x0127, 0x0948, 0x0989, 0x11CA, 0x19EB, 0x19EB, 0x11CB, 0x11AA, 0x0969, 0x0148, 0x0127, 0x0107,
    0x0107, 0x0107, 0x0107, 0x0107, 0x0107, 0x0107, 0x0107, 0x0107, 0x0107, 0x0107, 0x0107, 0x0107,
    0x0107, 0x0107, 0x0107, 0x0107, 0x0107, 0x0107, 0x0107, 0x0107, 0x0107, 0x0107, 0x0107, 0x0107,
    0x0107, 0x0107, 0x0107, 0x0107, 0x0107, 0x0107, 0x0107, 0x0107, 0x0107, 0x0107, 0x0107, 0x0107,
    0x0107, 0x0107, 0x0107, 0x0107, 0x0107, 0x0107, 0x0107, 0x0106, 0x0106, 0x0107, 0x0107, 0x0107,
    0x0107, 0x0107, 0x0107, 0x0107, 0x0107, 0x0107, 0x0107, 0x0107, 0x0107, 0x0107, 0x0107, 0x0107,
    0x0107, 0x0107, 0x0107, 0x0107, 0x0107, 0x0107, 0x0107, 0x0107, 0x0107, 0x0107, 0x0107, 0x0107,
    0x0128, 0x0948, 0x118A, 0x11CB, 0x19EB, 0x19EB, 0x11CB, 0x098A, 0x0969, 0x0148, 0x0148, 0x0948,
    0x0989, 0x11AA, 0x11CB, 0x11CB, 0x11AA, 0x0989, 0x0948, 0x0128, 0x0127, 0x0107, 0x0107, 0x0107,
    0x0107, 0x0107, 0x0107, 0x0107, 0x0107, 0x0107, 0x0107, 0x0107, 0x0107, 0x0106, 0x0106, 0x0106,
    0x0106, 0x0106, 0x0106, 0x0106, 0x0106, 0x0106, 0x0106, 0x0106, 0x0106, 0x0106, 0x0106, 0x0106,
    0x0107, 0x0107, 0x0107, 0x0107, 0x0107, 0x0107, 0x0107, 0x0107, 0x0107, 0x0107, 0x0107, 0x0107,
    0x0107, 0x0107, 0x0107, 0x0107, 0x0107, 0x0106, 0x0106, 0x0106, 0x0106, 0x0107, 0x0107, 0x0127,
    0x0948, 0x0989, 0x11AA, 0x19CB, 0x19CB, 0x11AA, 0x0989, 0x0948, 0x0127, 0x0127, 0x0148, 0x0969,
    0x11AA, 0x11CA, 0x11CB, 0x11CB, 0x118A, 0x0969, 0x0148, 0x0128, 0x0128, 0x0948, 0x0989, 0x11CB,
    0x19EB, 0x19EC, 0x11CB, 0x11AA, 0x0969, 0x0148, 0x0127, 0x0107, 0x0107, 0x0107, 0x0107, 0x0107,
    0x0107, 0x0107, 0x0107, 0x0107, 0x0107, 0x0107, 0x0107, 0x0107, 0x0107, 0x0107, 0x0107, 0x0107,
    0x0107, 0x0107, 0x0107, 0x0107, 0x0107, 0x0107, 0x0107, 0x0107, 0x0107, 0x0106, 0x0106, 0x0106,
    0x00E6, 0x00E6, 0x0107, 0x0127, 0x0948, 0x118A, 0x11CB, 0x19EB, 0x19EB, 0x11CB, 0x0989, 0x0948,
    0x0127, 0x0107, 0x0107, 0x0107, 0x0107, 0x0107, 0x0107, 0x0107, 0x0107, 0x0107, 0x0107, 0x0107,
    0x0128, 0x0969, 0x11AA, 0x11CB, 0x19EC, 0x19EB, 0x11CB, 0x098A, 0x0949, 0x0128, 0x0107, 0x0107,
    0x0107, 0x0107, 0x0107, 0x0107, 0x0107, 0x0107, 0x0107, 0x0107, 0x0107, 0x0107, 0x0107, 0x0107,
    0x0107, 0x0107, 0x0107, 0x0107, 0x0107, 0x0107, 0x0107, 0x0107, 0x0107, 0x0107, 0x0107, 0x0107,
    0x0107, 0x0107, 0x0107, 0x0107, 0x0107, 0x0107, 0x0107, 0x0107, 0x0107, 0x0107, 0x0107, 0x0107,
    0x0107, 0x0107, 0x0107, 0x0107, 0x0107, 0x0107, 0x0107, 0x0107, 0x0107, 0x0107, 0x0107, 0x0107,
    0x0107, 0x0107, 0x0107, 0x0107, 0x0107, 0x0107, 0x0107, 0x0107, 0x0107, 0x0107, 0x0107, 0x0107,
    0x0107, 0x0107, 0x0107, 0x0107, 0x0107, 0x0107, 0x0107, 0x0107, 0x0107, 0x0107, 0x0107, 0x0107,
    0x0128, 0x0969, 0x11AA, 0x11CB, 0x19EB, 0x19EB, 0x11AA, 0x0969, 0x0948, 0x0127, 0x0127, 0x0948,
    0x0969, 0x11AA, 0x11CB, 0x11EB, 0x11CB, 0x11AA, 0x0969, 0x0128, 0x0127, 0x0107, 0x0107, 0x0107,
    0x0107, 0x0107, 0x0107, 0x0107, 0x0107, 0x0107, 0x0107, 0x0107, 0x0107, 0x0106, 0x0106, 0x0106,
    0x0106, 0x0106, 0x0106, 0x0106, 0x0106, 0x0106, 0x0106, 0x0106, 0x0106, 0x0106, 0x0106, 0x0106,
    0x0107, 0x0107, 0x0107, 0x0107, 0x0107, 0x0107, 0x0107, 0x0107, 0x0107, 0x0107, 0x0107, 0x0107,
    0x0107, 0x0107, 0x0107, 0x0107, 0x0106, 0x0106, 0x0106, 0x0106, 0x0106, 0x0107, 0x0107, 0x0127,
    0x0948, 0x1189, 0x11CA, 0x19EB, 0x11CB, 0x11AA, 0x0969, 0x0948, 0x0127, 0x0127, 0x0128, 0x0948,
    0x0989, 0x11CA, 0x11CB, 0x11CB, 0x11AA, 0x0969, 0x0148, 0x0128, 0x0128, 0x0969, 0x09AA, 0x11CB,
    0x19EC, 0x19EC, 0x11CB, 0x098A, 0x0969, 0x0128, 0x0107, 0x0107, 0x0107, 0x0107, 0x0107, 0x0107,
    0x0107, 0x0107, 0x0107, 0x0107, 0x0107, 0x0107, 0x0107, 0x0107, 0x0107, 0x0107, 0x0107, 0x0107,
    0x0107, 0x0107, 0x0107, 0x0107, 0x0107, 0x0107, 0x0107, 0x0107, 0x0107, 0x0106, 0x0106, 0x00E6,
    0x00E6, 0x00E6, 0x0107, 0x0127, 0x0969, 0x11AA, 0x11CB, 0x19EC, 0x11EB, 0x11AA, 0x0969, 0x0948,
    0x0127, 0x0107, 0x0107, 0x0107, 0x0107, 0x0107, 0x0107, 0x0107, 0x0107, 0x0107, 0x0107, 0x0127,
    0x0128, 0x0969, 0x11AA, 0x11EB, 0x1A0C, 0x19EB, 0x11CB, 0x0989, 0x0948, 0x0127, 0x0107, 0x0107,
    0x0107, 0x0107, 0x0107, 0x0107, 0x0107, 0x0107, 0x0107, 0x0107, 0x0107, 0x0107, 0x0107, 0x0107,
    0x0107, 0x0107, 0x0107, 0x0107, 0x0107, 0x0107, 0x0107, 0x0107, 0x0107, 0x0107, 0x0107, 0x0107,
    0x0107, 0x0107, 0x0107, 0x0107, 0x0107, 0x0107, 0x0107, 0x0107, 0x0107, 0x0107, 0x0107, 0x0107,
    0x0107, 0x0107, 0x0107, 0x0107, 0x0107, 0x0107, 0x0107, 0x0107, 0x0107, 0x0107, 0x0107, 0x0107,
    0x0107, 0x0107, 0x0107, 0x0107, 0x0107, 0x0107, 0x0107, 0x0107, 0x0107, 0x0107, 0x0107, 0x0107,
    0x0107, 0x0107, 0x0107, 0x0107, 0x0107, 0x0107, 0x0107, 0x0107, 0x0107, 0x0107, 0x0107, 0x0127,
    0x0948, 0x0969, 0x11AA, 0x19EB, 0x19EB, 0x11CB, 0x11AA, 0x0969, 0x0128, 0x0127, 0x0127, 0x0128,
    0x0969, 0x11AA, 0x11CB, 0x19EB, 0x11EB, 0x11AA, 0x0969, 0x0148, 0x0127, 0x0127, 0x0107, 0x0127,
};

const lv_image_dsc_t bg_page3 = {
    .header.magic = LV_IMAGE_HEADER_MAGIC,
    .header.cf = LV_COLOR_FORMAT_RGB565,
    .header.w = 240,
    .header.h = 320,
    .header.stride = 480,
    .data_size = sizeof(bg_page3_map),
    .data = (const uint8_t *)bg_page3_map,
};
