// Generated by tools/make_badge_assets.py -- do not edit by hand.
// Mortise-and-tenon emblem as 30x30 pixel art, expanded 4x.
// Source size: 120x120 RGB565 (little-endian uint16_t).

#include "lvgl.h"

#ifndef LV_ATTRIBUTE_MEM_ALIGN
#define LV_ATTRIBUTE_MEM_ALIGN
#endif

static const LV_ATTRIBUTE_MEM_ALIGN uint16_t emblem_pixel_map[] = {
    0xFFFF, 0xFFFF, 0xFFFF, 0xFFFF, 0xFFFF, 0xFFFF, 0xFFFF, 0xFFFF, 0xFFFF, 0xFFFF, 0xFFFF, 0xFFFF,
    0xFFFF, 0xFFFF, 0xFFFF, 0xFFFF, 0xFFFF, 0xFFFF, 0xFFFF, 0xFFFF, 0xFFFF, 0xFFFF, 0xFFFF, 0xFFFF,
    0xFFFF, 0xFFFF, 0xFFFF, 0xFFFF, 0xFFFF, 0xFFFF, 0xFFFF, 0xFFFF, 0xFFFF, 0xFFFF, 0xFFFF, 0xFFFF,
    0xFFFF, 0xFFFF, 0xFFFF, 0xFFFF, 0xFFFF, 0xFFFF, 0xFFFF, 0xFFFF, 0xFFFF, 0xFFFF, 0xFFFF, 0xFFFF,
    0xFFFF, 0xFFFF, 0xFFFF, 0xFFFF, 0xFDC3, 0xFDC3, 0xFDC3, 0xFDC3, 0xFDC3, 0xFDC3, 0xFDC3, 0xFDC3,
    0xFDC3, 0xFDC3, 0xFDC3, 0xFDC3, 0xFDC3, 0xFDC3, 0xFDC3, 0xFDC3, 0xFDC3, 0xFDC3, 0xFDC3, 0xFDC3,
    0xFDC3, 0xFDC3, 0xFDC3, 0xFDC3, 0xFDC3, 0xFDC3, 0xFDC3, 0xFDC3, 0xFFFF, 0xFFFF, 0xFFFF, 0xFFFF,
    0xFFFF, 0xFFFF, 0xFFFF, 0xFFFF, 0xFFFF, 0xFFFF, 0xFFFF, 0xFFFF, 0xFFFF, 0xFFFF, 0xFFFF, 0xFFFF,
    0xFFFF, 0xFFFF, 0xFFFF, 0xFFFF, 0xFFFF, 0xFFFF, 0xFFFF, 0xFFFF, 0xFFFF, 0xFFFF, 0xFFFF, 0xFFFF,
    0xFFFF, 0xFFFF, 0xFFFF, 0xFFFF, 0xFFFF, 0xFFFF, 0xFFFF, 0xFFFF, 0xFFFF, 0xFFFF, 0xFFFF, 0xFFFF,
    0xFFFF, 0xFFFF, 0xFFFF, 0xFFFF, 0xFFFF, 0xFFFF, 0xFFFF, 0xFFFF, 0xFFFF, 0xFFFF, 0xFFFF, 0xFFFF,
    0xFFFF, 0xFFFF, 0xFFFF, 0xFFFF, 0xFFFF, 0xFFFF, 0xFFFF, 0xFFFF, 0xFFFF, 0xFFFF, 0xFFFF, 0xFFFF,
    0xFFFF, 0xFFFF, 0xFFFF, 0xFFFF, 0xFFFF, 0xFFFF, 0xFFFF, 0xFFFF, 0xFFFF, 0xFFFF, 0xFFFF, 0xFFFF,
    0xFFFF, 0xFFFF, 0xFFFF, 0xFFFF, 0xFFFF, 0xFFFF, 0xFFFF, 0xFFFF, 0xFFFF, 0xFFFF, 0xFFFF, 0xFFFF,
    0xFFFF, 0xFFFF, 0xFFFF, 0xFFFF, 0xFDC3, 0xFDC3, 0xFDC3, 0xFDC3, 0xFDC3, 0xFDC3, 0xFDC3, 0xFDC3,
    0xFDC3, 0xFDC3, 0xFDC3, 0xFDC3, 0xFDC3, 0xFDC3, 0xFDC3, 0xFDC3, 0xFDC3, 0xFDC3, 0xFDC3, 0xFDC3,
    0xFDC3, 0xFDC3, 0xFDC3, 0xFDC3, 0xFDC3, 0xFDC3, 0xFDC3, 0xFDC3, 0xFFFF, 0xFFFF, 0xFFFF, 0xFFFF,
    0xFFFF, 0xFFFF, 0xFFFF, 0xFFFF, 0xFFFF, 0xFFFF, 0xFFFF, 0xFFFF, 0xFFFF, 0xFFFF, 0xFFFF, 0xFFFF,
    0xFFFF, 0xFFFF, 0xFFFF, 0xFFFF, 0xFFFF, 0xFFFF, 0xFFFF, 0xFFFF, 0xFFFF, 0xFFFF, 0xFFFF, 0xFFFF,
    0xFFFF, 0xFFFF, 0xFFFF, 0xFFFF, 0xFFFF, 0xFFFF, 0xFFFF, 0xFFFF, 0xFFFF, 0xFFFF, 0xFFFF, 0xFFFF,
    0xFFFF, 0xFFFF, 0xFFFF, 0xFFFF, 0xFFFF, 0xFFFF, 0xFFFF, 0xFFFF, 0xFFFF, 0xFFFF, 0xFFFF, 0xFFFF,
    0xFFFF, 0xFFFF, 0xFFFF, 0xFFFF, 0xFFFF, 0xFFFF, 0xFFFF, 0xFFFF, 0xFFFF, 0xFFFF, 0xFFFF, 0xFFFF,
    0xFFFF, 0xFFFF, 0xFFFF, 0xFFFF, 0xFFFF, 0xFFFF, 0xFFFF, 0xFFFF, 0xFFFF, 0xFFFF, 0xFFFF, 0xFFFF,
    0xFFFF, 0xFFFF, 0xFFFF, 0xFFFF, 0xFFFF, 0xFFFF, 0xFFFF, 0xFFFF, 0xFFFF, 0xFFFF, 0xFFFF, 0xFFFF,
    0xFFFF, 0xFFFF, 0xFFFF, 0xFFFF, 0xFDC3, 0xFDC3, 0xFDC3, 0xFDC3, 0xFDC3, 0xFDC3, 0xFDC3, 0xFDC3,
    0xFDC3, 0xFDC3, 0xFDC3, 0xFDC3, 0xFDC3, 0xFDC3, 0xFDC3, 0xFDC3, 0xFDC3, 0xFDC3, 0xFDC3, 0xFDC3,
    0xFDC3, 0xFDC3, 0xFDC3, 0xFDC3, 0xFDC3, 0xFDC3, 0xFDC3, 0xFDC3, 0xFFFF, 0xFFFF, 0xFFFF, 0xFFFF,
    0xFFFF, 0xFFFF, 0xFFFF, 0xFFFF, 0xFFFF, 0xFFFF, 0xFFFF, 0xFFFF, 0xFFFF, 0xFFFF, 0xFFFF, 0xFFFF,
    0xFFFF, 0xFFFF, 0xFFFF, 0xFFFF, 0xFFFF, 0xFFFF, 0xFFFF, 0xFFFF, 0xFFFF, 0xFFFF, 0xFFFF, 0xFFFF,
    0xFFFF, 0xFFFF, 0xFFFF, 0xFFFF, 0xFFFF, 0xFFFF, 0xFFFF, 0xFFFF, 0xFFFF, 0xFFFF, 0xFFFF, 0xFFFF,
    0xFFFF, 0xFFFF, 0xFFFF, 0xFFFF, 0xFFFF, 0xFFFF, 0xFFFF, 0xFFFF, 0xFFFF, 0xFFFF, 0xFFFF, 0xFFFF,
    0xFFFF, 0xFFFF, 0xFFFF, 0xFFFF, 0xFFFF, 0xFFFF, 0xFFFF, 0xFFFF, 0xFFFF, 0xFFFF, 0xFFFF, 0xFFFF,
    0xFFFF, 0xFFFF, 0xFFFF, 0xFFFF, 0xFFFF, 0xFFFF, 0xFFFF, 0xFFFF, 0xFFFF, 0xFFFF, 0xFFFF, 0xFFFF,
    0xFFFF, 0xFFFF, 0xFFFF, 0xFFFF, 0xFFFF, 0xFFFF, 0xFFFF, 0xFFFF, 0xFFFF, 0xFFFF, 0xFFFF, 0xFFFF,
    0xFFFF, 0xFFFF, 0xFFFF, 0xFFFF, 0xFDC3, 0xFDC3, 0xFDC3, 0xFDC3, 0xFDC3, 0xFDC3, 0xFDC3, 0xFDC3,
    0xFDC3, 0xFDC3, 0xFDC3, 0xFDC3, 0xFDC3, 0xFDC3, 0xFDC3, 0xFDC3, 0xFDC3, 0xFDC3, 0xFDC3, 0xFDC3,
    0xFDC3, 0xFDC3, 0xFDC3, 0xFDC3, 0xFDC3, 0xFDC3, 0xFDC3, 0xFDC3, 0xFFFF, 0xFFFF, 0xFFFF, 0xFFFF,
    0xFFFF, 0xFFFF, 0xFFFF, 0xFFFF, 0xFFFF, 0xFFFF, 0xFFFF, 0xFFFF, 0xFFFF, 0xFFFF, 0xFFFF, 0xFFFF,
    0xFFFF, 0xFFFF, 0xFFFF, 0xFFFF, 0xFFFF, 0xFFFF, 0xFFFF, 0xFFFF, 0xFFFF, 0xFFFF, 0xFFFF, 0xFFFF,
    0xFFFF, 0xFFFF, 0xFFFF, 0xFFFF, 0xFFFF, 0xFFFF, 0xFFFF, 0xFFFF, 0xFFFF, 0xFFFF, 0xFFFF, 0xFFFF,
    0xFFFF, 0xFFFF, 0xFFFF, 0xFFFF, 0xFFFF, 0xFFFF, 0xFFFF, 0xFFFF, 0xFFFF, 0xFFFF, 0xFFFF, 0xFFFF,
    0xFFFF, 0xFFFF, 0xFFFF, 0xFFFF, 0xFFFF, 0xFFFF, 0xFFFF, 0xFFFF, 0xFFFF, 0xFFFF, 0xFFFF, 0xFFFF,
    0xFFFF, 0xFFFF, 0xFFFF, 0xFFFF, 0xFFFF, 0xFFFF, 0xFFFF, 0xFFFF, 0xFFFF, 0xFFFF, 0xFFFF, 0xFFFF,
    0xFFFF, 0xFFFF, 0xFFFF, 0xFFFF, 0xFFFF, 0xFFFF, 0xFFFF, 0xFFFF, 0xFFFF, 0xFFFF, 0xFFFF, 0xFFFF,
    0xFDC3, 0xFDC3, 0xFDC3, 0xFDC3, 0xEBA4, 0xEBA4, 0xEBA4, 0xEBA4, 0xFDC3, 0xFDC3, 0xFDC3, 0xFDC3,
    0xFDC3, 0xFDC3, 0xFDC3, 0xFDC3, 0xFDC3, 0xFDC3, 0xFDC3, 0xFDC3, 0xFDC3, 0xFDC3, 0xFDC3, 0xFDC3,
    0xFDC3, 0xFDC3, 0xFDC3, 0xFDC3, 0xFDC3, 0xFDC3, 0xFDC3, 0xFDC3, 0xFDC3, 0xFDC3, 0xFDC3, 0xFDC3,
    0xFFFF, 0xFFFF, 0xFFFF, 0xFFFF, 0xFFFF, 0xFFFF, 0xFFFF, 0xFFFF, 0xFFFF, 0xFFFF, 0xFFFF, 0xFFFF,
    0xFFFF, 0xFFFF, 0xFFFF, 0xFFFF, 0xFFFF, 0xFFFF, 0xFFFF, 0xFFFF, 0xFFFF, 0xFFFF, 0xFFFF, 0xFFFF,
    0xFFFF, 0xFFFF, 0xFFFF, 0xFFFF, 0xFFFF, 0xFFFF, 0xFFFF, 0xFFFF, 0xFFFF, 0xFFFF, 0xFFFF, 0xFFFF,
    0xFFFF, 0xFFFF, 0xFFFF, 0xFFFF, 0xFFFF, 0xFFFF, 0xFFFF, 0xFFFF, 0xFFFF, 0xFFFF, 0xFFFF, 0xFFFF,
    0xFFFF, 0xFFFF, 0xFFFF, 0xFFFF, 0xFFFF, 0xFFFF, 0xFFFF, 0xFFFF, 0xFFFF, 0xFFFF, 0xFFFF, 0xFFFF,
    0xFFFF, 0xFFFF, 0xFFFF, 0xFFFF, 0xFFFF, 0xFFFF, 0xFFFF, 0xFFFF, 0xFFFF, 0xFFFF, 0xFFFF, 0xFFFF,
    0xFFFF, 0xFFFF, 0xFFFF, 0xFFFF, 0xFFFF, 0xFFFF, 0xFFFF, 0xFFFF, 0xFFFF, 0xFFFF, 0xFFFF, 0xFFFF,
    0xFDC3, 0xFDC3, 0xFDC3, 0xFDC3, 0xEBA4, 0xEBA4, 0xEBA4, 0xEBA4, 0xFDC3, 0xFDC3, 0xFDC3, 0xFDC3,
    0xFDC3, 0xFDC3, 0xFDC3, 0xFDC3, 0xFDC3, 0xFDC3, 0xFDC3, 0xFDC3, 0xFDC3, 0xFDC3, 0xFDC3, 0xFDC3,
    0xFDC3, 0xFDC3, 0xFDC3, 0xFDC3, 0xFDC3, 0xFDC3, 0xFDC3, 0xFDC3, 0xFDC3, 0xFDC3, 0xFDC3, 0xFDC3,
    0xFFFF, 0xFFFF, 0xFFFF, 0xFFFF, 0xFFFF, 0xFFFF, 0xFFFF, 0xFFFF, 0xFFFF, 0xFFFF, 0xFFFF, 0xFFFF,
    0xFFFF, 0xFFFF, 0xFFFF, 0xFFFF, 0xFFFF, 0xFFFF, 0xFFFF, 0xFFFF, 0xFFFF, 0xFFFF, 0xFFFF, 0xFFFF,
    0xFFFF, 0xFFFF, 0xFFFF, 0xFFFF, 0xFFFF, 0xFFFF, 0xFFFF, 0xFFFF, 0xFFFF, 0xFFFF, 0xFFFF, 0xFFFF,
    0xFFFF, 0xFFFF, 0xFFFF, 0xFFFF, 0xFFFF, 0xFFFF, 0xFFFF, 0xFFFF, 0xFFFF, 0xFFFF, 0xFFFF, 0xFFFF,
    0xFFFF, 0xFFFF, 0xFFFF, 0xFFFF, 0xFFFF, 0xFFFF, 0xFFFF, 0xFFFF, 0xFFFF, 0xFFFF, 0xFFFF, 0xFFFF,
    0xFFFF, 0xFFFF, 0xFFFF, 0xFFFF, 0xFFFF, 0xFFFF, 0xFFFF, 0xFFFF, 0xFFFF, 0xFFFF, 0xFFFF, 0xFFFF,
    0xFFFF, 0xFFFF, 0xFFFF, 0xFFFF, 0xFFFF, 0xFFFF, 0xFFFF, 0xFFFF, 0xFFFF, 0xFFFF, 0xFFFF, 0xFFFF,
    0xFDC3, 0xFDC3, 0xFDC3, 0xFDC3, 0xEBA4, 0xEBA4, 0xEBA4, 0xEBA4, 0xFDC3, 0xFDC3, 0xFDC3, 0xFDC3,
    0xFDC3, 0xFDC3, 0xFDC3, 0xFDC3, 0xFDC3, 0xFDC3, 0xFDC3, 0xFDC3, 0xFDC3, 0xFDC3, 0xFDC3, 0xFDC3,
    0xFDC3, 0xFDC3, 0xFDC3, 0xFDC3, 0xFDC3, 0xFDC3, 0xFDC3, 0xFDC3, 0xFDC3, 0xFDC3, 0xFDC3, 0xFDC3,
    0xFFFF, 0xFFFF, 0xFFFF, 0xFFFF, 0xFFFF, 0xFFFF, 0xFFFF, 0xFFFF, 0xFFFF, 0xFFFF, 0xFFFF, 0xFFFF,
    0xFFFF, 0xFFFF, 0xFFFF, 0xFFFF, 0xFFFF, 0xFFFF, 0xFFFF, 0xFFFF, 0xFFFF, 0xFFFF, 0xFFFF, 0xFFFF,
    0xFFFF, 0xFFFF, 0xFFFF, 0xFFFF, 0xFFFF, 0xFFFF, 0xFFFF, 0xFFFF, 0xFFFF, 0xFFFF, 0xFFFF, 0xFFFF,
    0xFFFF, 0xFFFF, 0xFFFF, 0xFFFF, 0xFFFF, 0xFFFF, 0xFFFF, 0xFFFF, 0xFFFF, 0xFFFF, 0xFFFF, 0xFFFF,
    0xFFFF, 0xFFFF, 0xFFFF, 0xFFFF, 0xFFFF, 0xFFFF, 0xFFFF, 0xFFFF, 0xFFFF, 0xFFFF, 0xFFFF, 0xFFFF,
    0xFFFF, 0xFFFF, 0xFFFF, 0xFFFF, 0xFFFF, 0xFFFF, 0xFFFF, 0xFFFF, 0xFFFF, 0xFFFF, 0xFFFF, 0xFFFF,
    0xFFFF, 0xFFFF, 0xFFFF, 0xFFFF, 0xFFFF, 0xFFFF, 0xFFFF, 0xFFFF, 0xFFFF, 0xFFFF, 0xFFFF, 0xFFFF,
    0xFDC3, 0xFDC3, 0xFDC3, 0xFDC3, 0xEBA4, 0xEBA4, 0xEBA4, 0xEBA4, 0xFDC3, 0xFDC3, 0xFDC3, 0xFDC3,
    0xFDC3, 0xFDC3, 0xFDC3, 0xFDC3, 0xFDC3, 0xFDC3, 0xFDC3, 0xFDC3, 0xFDC3, 0xFDC3, 0xFDC3, 0xFDC3,
    0xFDC3, 0xFDC3, 0xFDC3, 0xFDC3, 0xFDC3, 0xFDC3, 0xFDC3, 0xFDC3, 0xFDC3, 0xFDC3, 0xFDC3, 0xFDC3,
    0xFFFF, 0xFFFF, 0xFFFF, 0xFFFF, 0xFFFF, 0xFFFF, 0xFFFF, 0xFFFF, 0xFFFF, 0xFFFF, 0xFFFF, 0xFFFF,
    0xFFFF, 0xFFFF, 0xFFFF, 0xFFFF, 0xFFFF, 0xFFFF, 0xFFFF, 0xFFFF, 0xFFFF, 0xFFFF, 0xFFFF, 0xFFFF,
    0xFFFF, 0xFFFF, 0xFFFF, 0xFFFF, 0xFFFF, 0xFFFF, 0xFFFF, 0xFFFF, 0xFFFF, 0xFFFF, 0xFFFF, 0xFFFF,
    0xFFFF, 0xFFFF, 0xFFFF, 0xFFFF, 0xFFFF, 0xFFFF, 0xFFFF, 0xFFFF, 0xFFFF, 0xFFFF, 0xFFFF, 0xFFFF,
    0xFFFF, 0xFFFF, 0xFFFF, 0xFFFF, 0xFFFF, 0xFFFF, 0xFFFF, 0xFFFF, 0xFFFF, 0xFFFF, 0xFFFF, 0xFFFF,
    0xFFFF, 0xFFFF, 0xFFFF, 0xFFFF, 0xFFFF, 0xFFFF, 0xFFFF, 0xFFFF, 0xFFFF, 0xFFFF, 0xFFFF, 0xFFFF,
    0xFFFF, 0xFFFF, 0xFFFF, 0xFFFF, 0xFFFF, 0xFFFF, 0xFFFF, 0xFFFF, 0xFFFF, 0xFFFF, 0xFFFF, 0xFFFF,
    0xEBA4, 0xEBA4, 0xEBA4, 0xEBA4, 0xEBA4, 0xEBA4, 0xEBA4, 0xEBA4, 0xEBA4, 0xEBA4, 0xEBA4, 0xEBA4,
    0xFDC3, 0xFDC3, 0xFDC3, 0xFDC3, 0xFDC3, 0xFDC3, 0xFDC3, 0xFDC3, 0xFDC3, 0xFDC3, 0xFDC3, 0xFDC3,
    0xFDC3, 0xFDC3, 0xFDC3, 0xFDC3, 0xFDC3, 0xFDC3, 0xFDC3, 0xFDC3, 0xFDC3, 0xFDC3, 0xFDC3, 0xFDC3,
    0xFFFF, 0xFFFF, 0xFFFF, 0xFFFF, 0xFFFF, 0xFFFF, 0xFFFF, 0xFFFF, 0xFFFF, 0xFFFF, 0xFFFF, 0xFFFF,
    0xFFFF, 0xFFFF, 0xFFFF, 0xFFFF, 0xFFFF, 0xFFFF, 0xFFFF, 0xFFFF, 0xFFFF, 0xFFFF, 0xFFFF, 0xFFFF,
    0xFFFF, 0xFFFF, 0xFFFF, 0xFFFF, 0xFFFF, 0xFFFF, 0xFFFF, 0xFFFF, 0xFFFF, 0xFFFF, 0xFFFF, 0xFFFF,
    0xFFFF, 0xFFFF, 0xFFFF, 0xFFFF, 0xFFFF, 0xFFFF, 0xFFFF, 0xFFFF, 0xFFFF, 0xFFFF, 0xFFFF, 0xFFFF,
    0xFFFF, 0xFFFF, 0xFFFF, 0xFFFF, 0xFFFF, 0xFFFF, 0xFFFF, 0xFFFF, 0xFFFF, 0xFFFF, 0xFFFF, 0xFFFF,
    0xFFFF, 0xFFFF, 0xFFFF, 0xFFFF, 0xFFFF, 0xFFFF, 0xFFFF, 0xFFFF, 0xFFFF, 0xFFFF, 0xFFFF, 0xFFFF,
    0xFFFF, 0xFFFF, 0xFFFF, 0xFFFF, 0xFFFF, 0xFFFF, 0xFFFF, 0xFFFF, 0xFFFF, 0xFFFF, 0xFFFF, 0xFFFF,
    0xEBA4, 0xEBA4, 0xEBA4, 0xEBA4, 0xEBA4, 0xEBA4, 0xEBA4, 0xEBA4, 0xEBA4, 0xEBA4, 0xEBA4, 0xEBA4,
    0xFDC3, 0xFDC3, 0xFDC3, 0xFDC3, 0xFDC3, 0xFDC3, 0xFDC3, 0xFDC3, 0xFDC3, 0xFDC3, 0xFDC3, 0xFDC3,
    0xFDC3, 0xFDC3, 0xFDC3, 0xFDC3, 0xFDC3, 0xFDC3, 0xFDC3, 0xFDC3, 0xFDC3, 0xFDC3, 0xFDC3, 0xFDC3,
    0xFFFF, 0xFFFF, 0xFFFF, 0xFFFF, 0xFFFF, 0xFFFF, 0xFFFF, 0xFFFF, 0xFFFF, 0xFFFF, 0xFFFF, 0xFFFF,
    0xFFFF, 0xFFFF, 0xFFFF, 0xFFFF, 0xFFFF, 0xFFFF, 0xFFFF, 0xFFFF, 0xFFFF, 0xFFFF, 0xFFFF, 0xFFFF,
    0xFFFF, 0xFFFF, 0xFFFF, 0xFFFF, 0xFFFF, 0xFFFF, 0xFFFF, 0xFFFF, 0xFFFF, 0xFFFF, 0xFFFF, 0xFFFF,
    0xFFFF, 0xFFFF, 0xFFFF, 0xFFFF, 0xFFFF, 0xFFFF, 0xFFFF, 0xFFFF, 0xFFFF, 0xFFFF, 0xFFFF, 0xFFFF,
    0xFFFF, 0xFFFF, 0xFFFF, 0xFFFF, 0xFFFF, 0xFFFF, 0xFFFF, 0xFFFF, 0xFFFF, 0xFFFF, 0xFFFF, 0xFFFF,
    0xFFFF, 0xFFFF, 0xFFFF, 0xFFFF, 0xFFFF, 0xFFFF, 0xFFFF, 0xFFFF, 0xFFFF, 0xFFFF, 0xFFFF, 0xFFFF,
    0xFFFF, 0xFFFF, 0xFFFF, 0xFFFF, 0xFFFF, 0xFFFF, 0xFFFF, 0xFFFF, 0xFFFF, 0xFFFF, 0xFFFF, 0xFFFF,
    0xEBA4, 0xEBA4, 0xEBA4, 0xEBA4, 0xEBA4, 0xEBA4, 0xEBA4, 0xEBA4, 0xEBA4, 0xEBA4, 0xEBA4, 0xEBA4,
    0xFDC3, 0xFDC3, 0xFDC3, 0xFDC3, 0xFDC3, 0xFDC3, 0xFDC3, 0xFDC3, 0xFDC3, 0xFDC3, 0xFDC3, 0xFDC3,
    0xFDC3, 0xFDC3, 0xFDC3, 0xFDC3, 0xFDC3, 0xFDC3, 0xFDC3, 0xFDC3, 0xFDC3, 0xFDC3, 0xFDC3, 0xFDC3,
    0xFFFF, 0xFFFF, 0xFFFF, 0xFFFF, 0xFFFF, 0xFFFF, 0xFFFF, 0xFFFF, 0xFFFF, 0xFFFF, 0xFFFF, 0xFFFF,
    0xFFFF, 0xFFFF, 0xFFFF, 0xFFFF, 0xFFFF, 0xFFFF, 0xFFFF, 0xFFFF, 0xFFFF, 0xFFFF, 0xFFFF, 0xFFFF,
    0xFFFF, 0xFFFF, 0xFFFF, 0xFFFF, 0xFFFF, 0xFFFF, 0xFFFF, 0xFFFF, 0xFFFF, 0xFFFF, 0xFFFF, 0xFFFF,
    0xFFFF, 0xFFFF, 0xFFFF, 0xFFFF, 0xFFFF, 0xFFFF, 0xFFFF, 0xFFFF, 0xFFFF, 0xFFFF, 0xFFFF, 0xFFFF,
    0xFFFF, 0xFFFF, 0xFFFF, 0xFFFF, 0xFFFF, 0xFFFF, 0xFFFF, 0xFFFF, 0xFFFF, 0xFFFF, 0xFFFF, 0xFFFF,
    0xFFFF, 0xFFFF, 0xFFFF, 0xFFFF, 0xFFFF, 0xFFFF, 0xFFFF, 0xFFFF, 0xFFFF, 0xFFFF, 0xFFFF, 0xFFFF,
    0xFFFF, 0xFFFF, 0xFFFF, 0xFFFF, 0xFFFF, 0xFFFF, 0xFFFF, 0xFFFF, 0xFFFF, 0xFFFF, 0xFFFF, 0xFFFF,
    0xEBA4, 0xEBA4, 0xEBA4, 0xEBA4, 0xEBA4, 0xEBA4, 0xEBA4, 0xEBA4, 0xEBA4, 0xEBA4, 0xEBA4, 0xEBA4,
    0xFDC3, 0xFDC3, 0xFDC3, 0xFDC3, 0xFDC3, 0xFDC3, 0xFDC3, 0xFDC3, 0xFDC3, 0xFDC3, 0xFDC3, 0xFDC3,
    0xFDC3, 0xFDC3, 0xFDC3, 0xFDC3, 0xFDC3, 0xFDC3, 0xFDC3, 0xFDC3, 0xFDC3, 0xFDC3, 0xFDC3, 0xFDC3,
    0xFFFF, 0xFFFF, 0xFFFF, 0xFFFF, 0xFFFF, 0xFFFF, 0xFFFF, 0xFFFF, 0xFFFF, 0xFFFF, 0xFFFF, 0xFFFF,
    0xFFFF, 0xFFFF, 0xFFFF, 0xFFFF, 0xFFFF, 0xFFFF, 0xFFFF, 0xFFFF, 0xFFFF, 0xFFFF, 0xFFFF, 0xFFFF,
    0xFFFF, 0xFFFF, 0xFFFF, 0xFFFF, 0xFFFF, 0xFFFF, 0xFFFF, 0xFFFF, 0xFFFF, 0xFFFF, 0xFFFF, 0xFFFF,
    0xFFFF, 0xFFFF, 0xFFFF, 0xFFFF, 0xFFFF, 0xFFFF, 0xFFFF, 0xFFFF, 0xFFFF, 0xFFFF, 0xFFFF, 0xFFFF,
    0xFFFF, 0xFFFF, 0xFFFF, 0xFFFF, 0xFFFF, 0xFFFF, 0xFFFF, 0xFFFF, 0xE805, 0xE805, 0xE805, 0xE805,
    0xE805, 0xE805, 0xE805, 0xE805, 0xE805, 0xE805, 0xE805, 0xE805, 0xE805, 0xE805, 0xE805, 0xE805,
    0xE805, 0xE805, 0xE805, 0xE805, 0xE805, 0xE805, 0xE805, 0xE805, 0xEBA4, 0xEBA4, 0xEBA4, 0xEBA4,
    0xEBA4, 0xEBA4, 0xEBA4, 0xEBA4, 0xEBA4, 0xEBA4, 0xEBA4, 0xEBA4, 0xEBA4, 0xEBA4, 0xEBA4, 0xEBA4,
    0xFDC3, 0xFDC3, 0xFDC3, 0xFDC3, 0xFDC3, 0xFDC3, 0xFDC3, 0xFDC3, 0xFDC3, 0xFDC3, 0xFDC3, 0xFDC3,
    0xFDC3, 0xFDC3, 0xFDC3, 0xFDC3, 0xFDC3, 0xFDC3, 0xFDC3, 0xFDC3, 0xFDC3, 0xFDC3, 0xFDC3, 0xFDC3,
    0xFDC3, 0xFDC3, 0xFDC3, 0xFDC3, 0xFFFF, 0xFFFF, 0xFFFF, 0xFFFF, 0xFFFF, 0xFFFF, 0xFFFF, 0xFFFF,
    0xFFFF, 0xFFFF, 0xFFFF, 0xFFFF, 0xFFFF, 0xFFFF, 0xFFFF, 0xFFFF, 0xFFFF, 0xFFFF, 0xFFFF, 0xFFFF,
    0xFFFF, 0xFFFF, 0xFFFF, 0xFFFF, 0xFFFF, 0xFFFF, 0xFFFF, 0xFFFF, 0xFFFF, 0xFFFF, 0xFFFF, 0xFFFF,
    0xFFFF, 0xFFFF, 0xFFFF, 0xFFFF, 0xFFFF, 0xFFFF, 0xFFFF, 0xFFFF, 0xFFFF, 0xFFFF, 0xFFFF, 0xFFFF,
    0xFFFF, 0xFFFF, 0xFFFF, 0xFFFF, 0xFFFF, 0xFFFF, 0xFFFF, 0xFFFF, 0xE805, 0xE805, 0xE805, 0xE805,
    0xE805, 0xE805, 0xE805, 0xE805, 0xE805, 0xE805, 0xE805, 0xE805, 0xE805, 0xE805, 0xE805, 0xE805,
    0xE805, 0xE805, 0xE805, 0xE805, 0xE805, 0xE805, 0xE805, 0xE805, 0xEBA4, 0xEBA4, 0xEBA4, 0xEBA4,
    0xEBA4, 0xEBA4, 0xEBA4, 0xEBA4, 0xEBA4, 0xEBA4, 0xEBA4, 0xEBA4, 0xEBA4, 0xEBA4, 0xEBA4, 0xEBA4,
    0xFDC3, 0xFDC3, 0xFDC3, 0xFDC3, 0xFDC3, 0xFDC3, 0xFDC3, 0xFDC3, 0xFDC3, 0xFDC3, 0xFDC3, 0xFDC3,
    0xFDC3, 0xFDC3, 0xFDC3, 0xFDC3, 0xFDC3, 0xFDC3, 0xFDC3, 0xFDC3, 0xFDC3, 0xFDC3, 0xFDC3, 0xFDC3,
    0xFDC3, 0xFDC3, 0xFDC3, 0xFDC3, 0xFFFF, 0xFFFF, 0xFFFF, 0xFFFF, 0xFFFF, 0xFFFF, 0xFFFF, 0xFFFF,
    0xFFFF, 0xFFFF, 0xFFFF, 0xFFFF, 0xFFFF, 0xFFFF, 0xFFFF, 0xFFFF, 0xFFFF, 0xFFFF, 0xFFFF, 0xFFFF,
    0xFFFF, 0xFFFF, 0xFFFF, 0xFFFF, 0xFFFF, 0xFFFF, 0xFFFF, 0xFFFF, 0xFFFF, 0xFFFF, 0xFFFF, 0xFFFF,
    0xFFFF, 0xFFFF, 0xFFFF, 0xFFFF, 0xFFFF, 0xFFFF, 0xFFFF, 0xFFFF, 0xFFFF, 0xFFFF, 0xFFFF, 0xFFFF,
    0xFFFF, 0xFFFF, 0xFFFF, 0xFFFF, 0xFFFF, 0xFFFF, 0xFFFF, 0xFFFF, 0xE805, 0xE805, 0xE805, 0xE805,
    0xE805, 0xE805, 0xE805, 0xE805, 0xE805, 0xE805, 0xE805, 0xE805, 0xE805, 0xE805, 0xE805, 0xE805,
    0xE805, 0xE805, 0xE805, 0xE805, 0xE805, 0xE805, 0xE805, 0xE805, 0xEBA4, 0xEBA4, 0xEBA4, 0xEBA4,
    0xEBA4, 0xEBA4, 0xEBA4, 0xEBA4, 0xEBA4, 0xEBA4, 0xEBA4, 0xEBA4, 0xEBA4, 0xEBA4, 0xEBA4, 0xEBA4,
    0xFDC3, 0xFDC3, 0xFDC3, 0xFDC3, 0xFDC3, 0xFDC3, 0xFDC3, 0xFDC3, 0xFDC3, 0xFDC3, 0xFDC3, 0xFDC3,
    0xFDC3, 0xFDC3, 0xFDC3, 0xFDC3, 0xFDC3, 0xFDC3, 0xFDC3, 0xFDC3, 0xFDC3, 0xFDC3, 0xFDC3, 0xFDC3,
    0xFDC3, 0xFDC3, 0xFDC3, 0xFDC3, 0xFFFF, 0xFFFF, 0xFFFF, 0xFFFF, 0xFFFF, 0xFFFF, 0xFFFF, 0xFFFF,
    0xFFFF, 0xFFFF, 0xFFFF, 0xFFFF, 0xFFFF, 0xFFFF, 0xFFFF, 0xFFFF, 0xFFFF, 0xFFFF, 0xFFFF, 0xFFFF,
    0xFFFF, 0xFFFF, 0xFFFF, 0xFFFF, 0xFFFF, 0xFFFF, 0xFFFF, 0xFFFF, 0xFFFF, 0xFFFF, 0xFFFF, 0xFFFF,
    0xFFFF, 0xFFFF, 0xFFFF, 0xFFFF, 0xFFFF, 0xFFFF, 0xFFFF, 0xFFFF, 0xFFFF, 0xFFFF, 0xFFFF, 0xFFFF,
    0xFFFF, 0xFFFF, 0xFFFF, 0xFFFF, 0xFFFF, 0xFFFF, 0xFFFF, 0xFFFF, 0xE805, 0xE805, 0xE805, 0xE805,
    0xE805, 0xE805, 0xE805, 0xE805, 0xE805, 0xE805, 0xE805, 0xE805, 0xE805, 0xE805, 0xE805, 0xE805,
    0xE805, 0xE805, 0xE805, 0xE805, 0xE805, 0xE805, 0xE805, 0xE805, 0xEBA4, 0xEBA4, 0xEBA4, 0xEBA4,
    0xEBA4, 0xEBA4, 0xEBA4, 0xEBA4, 0xEBA4, 0xEBA4, 0xEBA4, 0xEBA4, 0xEBA4, 0xEBA4, 0xEBA4, 0xEBA4,
    0xFDC3, 0xFDC3, 0xFDC3, 0xFDC3, 0xFDC3, 0xFDC3, 0xFDC3, 0xFDC3, 0xFDC3, 0xFDC3, 0xFDC3, 0xFDC3,
    0xFDC3, 0xFDC3, 0xFDC3, 0xFDC3, 0xFDC3, 0xFDC3, 0xFDC3, 0xFDC3, 0xFDC3, 0xFDC3, 0xFDC3, 0xFDC3,
    0xFDC3, 0xFDC3, 0xFDC3, 0xFDC3, 0xFFFF, 0xFFFF, 0xFFFF, 0xFFFF, 0xFFFF, 0xFFFF, 0xFFFF, 0xFFFF,
    0xFFFF, 0xFFFF, 0xFFFF, 0xFFFF, 0xFFFF, 0xFFFF, 0xFFFF, 0xFFFF, 0xFFFF, 0xFFFF, 0xFFFF, 0xFFFF,
    0xFFFF, 0xFFFF, 0xFFFF, 0xFFFF, 0xFFFF, 0xFFFF, 0xFFFF, 0xFFFF, 0xFFFF, 0xFFFF, 0xFFFF, 0xFFFF,
    0xFFFF, 0xFFFF, 0xFFFF, 0xFFFF, 0xFFFF, 0xFFFF, 0xFFFF, 0xFFFF, 0xFFFF, 0xFFFF, 0xFFFF, 0xFFFF,
    0xFFFF, 0xFFFF, 0xFFFF, 0xFFFF, 0xE805, 0xE805, 0xE805, 0xE805, 0xE805, 0xE805, 0xE805, 0xE805,
    0xE805, 0xE805, 0xE805, 0xE805, 0xE805, 0xE805, 0xE805, 0xE805, 0xE805, 0xE805, 0xE805, 0xE805,
    0xE805, 0xE805, 0xE805, 0xE805, 0xE805, 0xE805, 0xE805, 0xE805, 0xEBA4, 0xEBA4, 0xEBA4, 0xEBA4,
    0xEBA4, 0xEBA4, 0xEBA4, 0xEBA4, 0xEBA4, 0xEBA4, 0xEBA4, 0xEBA4, 0xEBA4, 0xEBA4, 0xEBA4, 0xEBA4,
    0xEBA4, 0xEBA4, 0xEBA4, 0xEBA4, 0xFDC3, 0xFDC3, 0xFDC3, 0xFDC3, 0xFDC3, 0xFDC3, 0xFDC3, 0xFDC3,
    0xFDC3, 0xFDC3, 0xFDC3, 0xFDC3, 0xFDC3, 0xFDC3, 0xFDC3, 0xFDC3, 0xFDC3, 0xFDC3, 0xFDC3, 0xFDC3,
    0xFDC3, 0xFDC3, 0xFDC3, 0xFDC3, 0xFFFF, 0xFFFF, 0xFFFF, 0xFFFF, 0xFFFF, 0xFFFF, 0xFFFF, 0xFFFF,
    0xFFFF, 0xFFFF, 0xFFFF, 0xFFFF, 0xFFFF, 0xFFFF, 0xFFFF, 0xFFFF, 0xFFFF, 0xFFFF, 0xFFFF, 0xFFFF,
    0xFFFF, 0xFFFF, 0xFFFF, 0xFFFF, 0xFFFF, 0xFFFF, 0xFFFF, 0xFFFF, 0xFFFF, 0xFFFF, 0xFFFF, 0xFFFF,
    0xFFFF, 0xFFFF, 0xFFFF, 0xFFFF, 0xFFFF, 0xFFFF, 0xFFFF, 0xFFFF, 0xFFFF, 0xFFFF, 0xFFFF, 0xFFFF,
    0xFFFF, 0xFFFF, 0xFFFF, 0xFFFF, 0xE805, 0xE805, 0xE805, 0xE805, 0xE805, 0xE805, 0xE805, 0xE805,
    0xE805, 0xE805, 0xE805, 0xE805, 0xE805, 0xE805, 0xE805, 0xE805, 0xE805, 0xE805, 0xE805, 0xE805,
    0xE805, 0xE805, 0xE805, 0xE805, 0xE805, 0xE805, 0xE805, 0xE805, 0xEBA4, 0xEBA4, 0xEBA4, 0xEBA4,
    0xEBA4, 0xEBA4, 0xEBA4, 0xEBA4, 0xEBA4, 0xEBA4, 0xEBA4, 0xEBA4, 0xEBA4, 0xEBA4, 0xEBA4, 0xEBA4,
    0xEBA4, 0xEBA4, 0xEBA4, 0xEBA4, 0xFDC3, 0xFDC3, 0xFDC3, 0xFDC3, 0xFDC3, 0xFDC3, 0xFDC3, 0xFDC3,
    0xFDC3, 0xFDC3, 0xFDC3, 0xFDC3, 0xFDC3, 0xFDC3, 0xFDC3, 0xFDC3, 0xFDC3, 0xFDC3, 0xFDC3, 0xFDC3,
    0xFDC3, 0xFDC3, 0xFDC3, 0xFDC3, 0xFFFF, 0xFFFF, 0xFFFF, 0xFFFF, 0xFFFF, 0xFFFF, 0xFFFF, 0xFFFF,
    0xFFFF, 0xFFFF, 0xFFFF, 0xFFFF, 0xFFFF, 0xFFFF, 0xFFFF, 0xFFFF, 0xFFFF, 0xFFFF, 0xFFFF, 0xFFFF,
    0xFFFF, 0xFFFF, 0xFFFF, 0xFFFF, 0xFFFF, 0xFFFF, 0xFFFF, 0xFFFF, 0xFFFF, 0xFFFF, 0xFFFF, 0xFFFF,
    0xFFFF, 0xFFFF, 0xFFFF, 0xFFFF, 0xFFFF, 0xFFFF, 0xFFFF, 0xFFFF, 0xFFFF, 0xFFFF, 0xFFFF, 0xFFFF,
    0xFFFF, 0xFFFF, 0xFFFF, 0xFFFF, 0xE805, 0xE805, 0xE805, 0xE805, 0xE805, 0xE805, 0xE805, 0xE805,
    0xE805, 0xE805, 0xE805, 0xE805, 0xE805, 0xE805, 0xE805, 0xE805, 0xE805, 0xE805, 0xE805, 0xE805,
    0xE805, 0xE805, 0xE805, 0xE805, 0xE805, 0xE805, 0xE805, 0xE805, 0xEBA4, 0xEBA4, 0xEBA4, 0xEBA4,
    0xEBA4, 0xEBA4, 0xEBA4, 0xEBA4, 0xEBA4, 0xEBA4, 0xEBA4, 0xEBA4, 0xEBA4, 0xEBA4, 0xEBA4, 0xEBA4,
    0xEBA4, 0xEBA4, 0xEBA4, 0xEBA4, 0xFDC3, 0xFDC3, 0xFDC3, 0xFDC3, 0xFDC3, 0xFDC3, 0xFDC3, 0xFDC3,
    0xFDC3, 0xFDC3, 0xFDC3, 0xFDC3, 0xFDC3, 0xFDC3, 0xFDC3, 0xFDC3, 0xFDC3, 0xFDC3, 0xFDC3, 0xFDC3,
    0xFDC3, 0xFDC3, 0xFDC3, 0xFDC3, 0xFFFF, 0xFFFF, 0xFFFF, 0xFFFF, 0xFFFF, 0xFFFF, 0xFFFF, 0xFFFF,
    0xFFFF, 0xFFFF, 0xFFFF, 0xFFFF, 0xFFFF, 0xFFFF, 0xFFFF, 0xFFFF, 0xFFFF, 0xFFFF, 0xFFFF, 0xFFFF,
    0xFFFF, 0xFFFF, 0xFFFF, 0xFFFF, 0xFFFF, 0xFFFF, 0xFFFF, 0xFFFF, 0xFFFF, 0xFFFF, 0xFFFF, 0xFFFF,
    0xFFFF, 0xFFFF, 0xFFFF, 0xFFFF, 0xFFFF, 0xFFFF, 0xFFFF, 0xFFFF, 0xFFFF, 0xFFFF, 0xFFFF, 0xFFFF,
    0xFFFF, 0xFFFF, 0xFFFF, 0xFFFF, 0xE805, 0xE805, 0xE805, 0xE805, 0xE805, 0xE805, 0xE805, 0xE805,
    0xE805, 0xE805, 0xE805, 0xE805, 0xE805, 0xE805, 0xE805, 0xE805, 0xE805, 0xE805, 0xE805, 0xE805,
    0xE805, 0xE805, 0xE805, 0xE805, 0xE805, 0xE805, 0xE805, 0xE805, 0xEBA4, 0xEBA4, 0xEBA4, 0xEBA4,
    0xEBA4, 0xEBA4, 0xEBA4, 0xEBA4, 0xEBA4, 0xEBA4, 0xEBA4, 0xEBA4, 0xEBA4, 0xEBA4, 0xEBA4, 0xEBA4,
    0xEBA4, 0xEBA4, 0xEBA4, 0xEBA4, 0xFDC3, 0xFDC3, 0xFDC3, 0xFDC3, 0xFDC3, 0xFDC3, 0xFDC3, 0xFDC3,
    0xFDC3, 0xFDC3, 0xFDC3, 0xFDC3, 0xFDC3, 0xFDC3, 0xFDC3, 0xFDC3, 0xFDC3, 0xFDC3, 0xFDC3, 0xFDC3,
    0xFDC3, 0xFDC3, 0xFDC3, 0xFDC3, 0xFFFF, 0xFFFF, 0xFFFF, 0xFFFF, 0xFFFF, 0xFFFF, 0xFFFF, 0xFFFF,
    0xFFFF, 0xFFFF, 0xFFFF, 0xFFFF, 0xFFFF, 0xFFFF, 0xFFFF, 0xFFFF, 0xFFFF, 0xFFFF, 0xFFFF, 0xFFFF,
    0xFFFF, 0xFFFF, 0xFFFF, 0xFFFF, 0xFFFF, 0xFFFF, 0xFFFF, 0xFFFF, 0xFFFF, 0xFFFF, 0xFFFF, 0xFFFF,
    0xFFFF, 0xFFFF, 0xFFFF, 0xFFFF, 0xFFFF, 0xFFFF, 0xFFFF, 0xFFFF, 0xFFFF, 0xFFFF, 0xFFFF, 0xFFFF,
    0xFFFF, 0xFFFF, 0xFFFF, 0xFFFF, 0xE805, 0xE805, 0xE805, 0xE805, 0xE805, 0xE805, 0xE805, 0xE805,
    0xE805, 0xE805, 0xE805, 0xE805, 0xE805, 0xE805, 0xE805, 0xE805, 0xE805, 0xE805, 0xE805, 0xE805,
    0xE805, 0xE805, 0xE805, 0xE805, 0xEBA4, 0xEBA4, 0xEBA4, 0xEBA4, 0xEBA4, 0xEBA4, 0xEBA4, 0xEBA4,
    0xEBA4, 0xEBA4, 0xEBA4, 0xEBA4, 0xEBA4, 0xEBA4, 0xEBA4, 0xEBA4, 0xEBA4, 0xEBA4, 0xEBA4, 0xEBA4,
    0xEBA4, 0xEBA4, 0xEBA4, 0xEBA4, 0xFDC3, 0xFDC3, 0xFDC3, 0xFDC3, 0xFDC3, 0xFDC3, 0xFDC3, 0xFDC3,
    0xFDC3, 0xFDC3, 0xFDC3, 0xFDC3, 0xFDC3, 0xFDC3, 0xFDC3, 0xFDC3, 0xFDC3, 0xFDC3, 0xFDC3, 0xFDC3,
    0xFDC3, 0xFDC3, 0xFDC3, 0xFDC3, 0xFDC3, 0xFDC3, 0xFDC3, 0xFDC3, 0xFFFF, 0xFFFF, 0xFFFF, 0xFFFF,
    0xFFFF, 0xFFFF, 0xFFFF, 0xFFFF, 0xFFFF, 0xFFFF, 0xFFFF, 0xFFFF, 0xFFFF, 0xFFFF, 0xFFFF, 0xFFFF,
    0xFFFF, 0xFFFF, 0xFFFF, 0xFFFF, 0xFFFF, 0xFFFF, 0xFFFF, 0xFFFF, 0xFFFF, 0xFFFF, 0xFFFF, 0xFFFF,
    0xFFFF, 0xFFFF, 0xFFFF, 0xFFFF, 0xFFFF, 0xFFFF, 0xFFFF, 0xFFFF, 0xFFFF, 0xFFFF, 0xFFFF, 0xFFFF,
    0xFFFF, 0xFFFF, 0xFFFF, 0xFFFF, 0xE805, 0xE805, 0xE805, 0xE805, 0xE805, 0xE805, 0xE805, 0xE805,
    0xE805, 0xE805, 0xE805, 0xE805, 0xE805, 0xE805, 0xE805, 0xE805, 0xE805, 0xE805, 0xE805, 0xE805,
    0xE805, 0xE805, 0xE805, 0xE805, 0xEBA4, 0xEBA4, 0xEBA4, 0xEBA4, 0xEBA4, 0xEBA4, 0xEBA4, 0xEBA4,
    0xEBA4, 0xEBA4, 0xEBA4, 0xEBA4, 0xEBA4, 0xEBA4, 0xEBA4, 0xEBA4, 0xEBA4, 0xEBA4, 0xEBA4, 0xEBA4,
    0xEBA4, 0xEBA4, 0xEBA4, 0xEBA4, 0xFDC3, 0xFDC3, 0xFDC3, 0xFDC3, 0xFDC3, 0xFDC3, 0xFDC3, 0xFDC3,
    0xFDC3, 0xFDC3, 0xFDC3, 0xFDC3, 0xFDC3, 0xFDC3, 0xFDC3, 0xFDC3, 0xFDC3, 0xFDC3, 0xFDC3, 0xFDC3,
    0xFDC3, 0xFDC3, 0xFDC3, 0xFDC3, 0xFDC3, 0xFDC3, 0xFDC3, 0xFDC3, 0xFFFF, 0xFFFF, 0xFFFF, 0xFFFF,
    0xFFFF, 0xFFFF, 0xFFFF, 0xFFFF, 0xFFFF, 0xFFFF, 0xFFFF, 0xFFFF, 0xFFFF, 0xFFFF, 0xFFFF, 0xFFFF,
    0xFFFF, 0xFFFF, 0xFFFF, 0xFFFF, 0xFFFF, 0xFFFF, 0xFFFF, 0xFFFF, 0xFFFF, 0xFFFF, 0xFFFF, 0xFFFF,
    0xFFFF, 0xFFFF, 0xFFFF, 0xFFFF, 0xFFFF, 0xFFFF, 0xFFFF, 0xFFFF, 0xFFFF, 0xFFFF, 0xFFFF, 0xFFFF,
    0xFFFF, 0xFFFF, 0xFFFF, 0xFFFF, 0xE805, 0xE805, 0xE805, 0xE805, 0xE805, 0xE805, 0xE805, 0xE805,
    0xE805, 0xE805, 0xE805, 0xE805, 0xE805, 0xE805, 0xE805, 0xE805, 0xE805, 0xE805, 0xE805, 0xE805,
    0xE805, 0xE805, 0xE805, 0xE805, 0xEBA4, 0xEBA4, 0xEBA4, 0xEBA4, 0xEBA4, 0xEBA4, 0xEBA4, 0xEBA4,
    0xEBA4, 0xEBA4, 0xEBA4, 0xEBA4, 0xEBA4, 0xEBA4, 0xEBA4, 0xEBA4, 0xEBA4, 0xEBA4, 0xEBA4, 0xEBA4,
    0xEBA4, 0xEBA4, 0xEBA4, 0xEBA4, 0xFDC3, 0xFDC3, 0xFDC3, 0xFDC3, 0xFDC3, 0xFDC3, 0xFDC3, 0xFDC3,
    0xFDC3, 0xFDC3, 0xFDC3, 0xFDC3, 0xFDC3, 0xFDC3, 0xFDC3, 0xFDC3, 0xFDC3, 0xFDC3, 0xFDC3, 0xFDC3,
    0xFDC3, 0xFDC3, 0xFDC3, 0xFDC3, 0xFDC3, 0xFDC3, 0xFDC3, 0xFDC3, 0xFFFF, 0xFFFF, 0xFFFF, 0xFFFF,
    0xFFFF, 0xFFFF, 0xFFFF, 0xFFFF, 0xFFFF, 0xFFFF, 0xFFFF, 0xFFFF, 0xFFFF, 0xFFFF, 0xFFFF, 0xFFFF,
    0xFFFF, 0xFFFF, 0xFFFF, 0xFFFF, 0xFFFF, 0xFFFF, 0xFFFF, 0xFFFF, 0xFFFF, 0xFFFF, 0xFFFF, 0xFFFF,
    0xFFFF, 0xFFFF, 0xFFFF, 0xFFFF, 0xFFFF, 0xFFFF, 0xFFFF, 0xFFFF, 0xFFFF, 0xFFFF, 0xFFFF, 0xFFFF,
    0xFFFF, 0xFFFF, 0xFFFF, 0xFFFF, 0xE805, 0xE805, 0xE805, 0xE805, 0xE805, 0xE805, 0xE805, 0xE805,
    0xE805, 0xE805, 0xE805, 0xE805, 0xE805, 0xE805, 0xE805, 0xE805, 0xE805, 0xE805, 0xE805, 0xE805,
    0xE805, 0xE805, 0xE805, 0xE805, 0xEBA4, 0xEBA4, 0xEBA4, 0xEBA4, 0xEBA4, 0xEBA4, 0xEBA4, 0xEBA4,
    0xEBA4, 0xEBA4, 0xEBA4, 0xEBA4, 0xEBA4, 0xEBA4, 0xEBA4, 0xEBA4, 0xEBA4, 0xEBA4, 0xEBA4, 0xEBA4,
    0xEBA4, 0xEBA4, 0xEBA4, 0xEBA4, 0xFDC3, 0xFDC3, 0xFDC3, 0xFDC3, 0xFDC3, 0xFDC3, 0xFDC3, 0xFDC3,
    0xFDC3, 0xFDC3, 0xFDC3, 0xFDC3, 0xFDC3, 0xFDC3, 0xFDC3, 0xFDC3, 0xFDC3, 0xFDC3, 0xFDC3, 0xFDC3,
    0xFDC3, 0xFDC3, 0xFDC3, 0xFDC3, 0xFDC3, 0xFDC3, 0xFDC3, 0xFDC3, 0xFFFF, 0xFFFF, 0xFFFF, 0xFFFF,
    0xFFFF, 0xFFFF, 0xFFFF, 0xFFFF, 0xFFFF, 0xFFFF, 0xFFFF, 0xFFFF, 0xFFFF, 0xFFFF, 0xFFFF, 0xFFFF,
    0xFFFF, 0xFFFF, 0xFFFF, 0xFFFF, 0xFFFF, 0xFFFF, 0xFFFF, 0xFFFF, 0xFFFF, 0xFFFF, 0xFFFF, 0xFFFF,
    0xFFFF, 0xFFFF, 0xFFFF, 0xFFFF, 0xFFFF, 0xFFFF, 0xFFFF, 0xFFFF, 0xFFFF, 0xFFFF, 0xFFFF, 0xFFFF,
    0xE805, 0xE805, 0xE805, 0xE805, 0xE805, 0xE805, 0xE805, 0xE805, 0xE805, 0xE805, 0xE805, 0xE805,
    0x68A5, 0x68A5, 0x68A5, 0x68A5, 0x0107, 0x0107, 0x0107, 0x0107, 0x0107, 0x0107, 0x0107, 0x0107,
    0x0107, 0x0107, 0x0107, 0x0107, 0xEBA4, 0xEBA4, 0xEBA4, 0xEBA4, 0xEBA4, 0xEBA4, 0xEBA4, 0xEBA4,
    0xEBA4, 0xEBA4, 0xEBA4, 0xEBA4, 0x68A5, 0x68A5, 0x68A5, 0x68A5, 0xEBA4, 0xEBA4, 0xEBA4, 0xEBA4,
    0xEBA4, 0xEBA4, 0xEBA4, 0xEBA4, 0xEBA4, 0xEBA4, 0xEBA4, 0xEBA4, 0xFDC3, 0xFDC3, 0xFDC3, 0xFDC3,
    0xFDC3, 0xFDC3, 0xFDC3, 0xFDC3, 0xFDC3, 0xFDC3, 0xFDC3, 0xFDC3, 0xFDC3, 0xFDC3, 0xFDC3, 0xFDC3,
    0xFDC3, 0xFDC3, 0xFDC3, 0xFDC3, 0xFDC3, 0xFDC3, 0xFDC3, 0xFDC3, 0xEBA4, 0xEBA4, 0xEBA4, 0xEBA4,
    0x0107, 0x0107, 0x0107, 0x0107, 0x0107, 0x0107, 0x0107, 0x0107, 0x0107, 0x0107, 0x0107, 0x0107,
    0xFFFF, 0xFFFF, 0xFFFF, 0xFFFF, 0xFFFF, 0xFFFF, 0xFFFF, 0xFFFF, 0xFFFF, 0xFFFF, 0xFFFF, 0xFFFF,
    0xFFFF, 0xFFFF, 0xFFFF, 0xFFFF, 0xFFFF, 0xFFFF, 0xFFFF, 0xFFFF, 0xFFFF, 0xFFFF, 0xFFFF, 0xFFFF,
    0xE805, 0xE805, 0xE805, 0xE805, 0xE805, 0xE805, 0xE805, 0xE805, 0xE805, 0xE805, 0xE805, 0xE805,
    0x68A5, 0x68A5, 0x68A5, 0x68A5, 0x0107, 0x0107, 0x0107, 0x0107, 0x0107, 0x0107, 0x0107, 0x0107,
    0x0107, 0x0107, 0x0107, 0x0107, 0xEBA4, 0xEBA4, 0xEBA4, 0xEBA4, 0xEBA4, 0xEBA4, 0xEBA4, 0xEBA4,
    0xEBA4, 0xEBA4, 0xEBA4, 0xEBA4, 0x68A5, 0x68A5, 0x68A5, 0x68A5, 0xEBA4, 0xEBA4, 0xEBA4, 0xEBA4,
    0xEBA4, 0xEBA4, 0xEBA4, 0xEBA4, 0xEBA4, 0xEBA4, 0xEBA4, 0xEBA4, 0xFDC3, 0xFDC3, 0xFDC3, 0xFDC3,
    0xFDC3, 0xFDC3, 0xFDC3, 0xFDC3, 0xFDC3, 0xFDC3, 0xFDC3, 0xFDC3, 0xFDC3, 0xFDC3, 0xFDC3, 0xFDC3,
    0xFDC3, 0xFDC3, 0xFDC3, 0xFDC3, 0xFDC3, 0xFDC3, 0xFDC3, 0xFDC3, 0xEBA4, 0xEBA4, 0xEBA4, 0xEBA4,
    0x0107, 0x0107, 0x0107, 0x0107, 0x0107, 0x0107, 0x0107, 0x0107, 0x0107, 0x0107, 0x0107, 0x0107,
    0xFFFF, 0xFFFF, 0xFFFF, 0xFFFF, 0xFFFF, 0xFFFF, 0xFFFF, 0xFFFF, 0xFFFF, 0xFFFF, 0xFFFF, 0xFFFF,
    0xFFFF, 0xFFFF, 0xFFFF, 0xFFFF, 0xFFFF, 0xFFFF, 0xFFFF, 0xFFFF, 0xFFFF, 0xFFFF, 0xFFFF, 0xFFFF,
    0xE805, 0xE805, 0xE805, 0xE805, 0xE805, 0xE805, 0xE805, 0xE805, 0xE805, 0xE805, 0xE805, 0xE805,
    0x68A5, 0x68A5, 0x68A5, 0x68A5, 0x0107, 0x0107, 0x0107, 0x0107, 0x0107, 0x0107, 0x0107, 0x0107,
    0x0107, 0x0107, 0x0107, 0x0107, 0xEBA4, 0xEBA4, 0xEBA4, 0xEBA4, 0xEBA4, 0xEBA4, 0xEBA4, 0xEBA4,
    0xEBA4, 0xEBA4, 0xEBA4, 0xEBA4, 0x68A5, 0x68A5, 0x68A5, 0x68A5, 0xEBA4, 0xEBA4, 0xEBA4, 0xEBA4,
    0xEBA4, 0xEBA4, 0xEBA4, 0xEBA4, 0xEBA4, 0xEBA4, 0xEBA4, 0xEBA4, 0xFDC3, 0xFDC3, 0xFDC3, 0xFDC3,
    0xFDC3, 0xFDC3, 0xFDC3, 0xFDC3, 0xFDC3, 0xFDC3, 0xFDC3, 0xFDC3, 0xFDC3, 0xFDC3, 0xFDC3, 0xFDC3,
    0xFDC3, 0xFDC3, 0xFDC3, 0xFDC3, 0xFDC3, 0xFDC3, 0xFDC3, 0xFDC3, 0xEBA4, 0xEBA4, 0xEBA4, 0xEBA4,
    0x0107, 0x0107, 0x0107, 0x0107, 0x0107, 0x0107, 0x0107, 0x0107, 0x0107, 0x0107, 0x0107, 0x0107,
    0xFFFF, 0xFFFF, 0xFFFF, 0xFFFF, 0xFFFF, 0xFFFF, 0xFFFF, 0xFFFF, 0xFFFF, 0xFFFF, 0xFFFF, 0xFFFF,
    0xFFFF, 0xFFFF, 0xFFFF, 0xFFFF, 0xFFFF, 0xFFFF, 0xFFFF, 0xFFFF, 0xFFFF, 0xFFFF, 0xFFFF, 0xFFFF,
    0xE805, 0xE805, 0xE805, 0xE805, 0xE805, 0xE805, 0xE805, 0xE805, 0xE805, 0xE805, 0xE805, 0xE805,
    0x68A5, 0x68A5, 0x68A5, 0x68A5, 0x0107, 0x0107, 0x0107, 0x0107, 0x0107, 0x0107, 0x0107, 0x0107,
    0x0107, 0x0107, 0x0107, 0x0107, 0xEBA4, 0xEBA4, 0xEBA4, 0xEBA4, 0xEBA4, 0xEBA4, 0xEBA4, 0xEBA4,
    0xEBA4, 0xEBA4, 0xEBA4, 0xEBA4, 0x68A5, 0x68A5, 0x68A5, 0x68A5, 0xEBA4, 0xEBA4, 0xEBA4, 0xEBA4,
    0xEBA4, 0xEBA4, 0xEBA4, 0xEBA4, 0xEBA4, 0xEBA4, 0xEBA4, 0xEBA4, 0xFDC3, 0xFDC3, 0xFDC3, 0xFDC3,
    0xFDC3, 0xFDC3, 0xFDC3, 0xFDC3, 0xFDC3, 0xFDC3, 0xFDC3, 0xFDC3, 0xFDC3, 0xFDC3, 0xFDC3, 0xFDC3,
    0xFDC3, 0xFDC3, 0xFDC3, 0xFDC3, 0xFDC3, 0xFDC3, 0xFDC3, 0xFDC3, 0xEBA4, 0xEBA4, 0xEBA4, 0xEBA4,
    0x0107, 0x0107, 0x0107, 0x0107, 0x0107, 0x0107, 0x0107, 0x0107, 0x0107, 0x0107, 0x0107, 0x0107,
    0xFFFF, 0xFFFF, 0xFFFF, 0xFFFF, 0xFFFF, 0xFFFF, 0xFFFF, 0xFFFF, 0xFFFF, 0xFFFF, 0xFFFF, 0xFFFF,
    0xFFFF, 0xFFFF, 0xFFFF, 0xFFFF, 0xFFFF, 0xFFFF, 0xFFFF, 0xFFFF, 0xEBA4, 0xEBA4, 0xEBA4, 0xEBA4,
    0xE805, 0xE805, 0xE805, 0xE805, 0xE805, 0xE805, 0xE805, 0xE805, 0xE805, 0xE805, 0xE805, 0xE805,
    0x0314, 0x0314, 0x0314, 0x0314, 0x0314, 0x0314, 0x0314, 0x0314, 0x0107, 0x0107, 0x0107, 0x0107,
    0x0107, 0x0107, 0x0107, 0x0107, 0x0107, 0x0107, 0x0107, 0x0107, 0xEBA4, 0xEBA4, 0xEBA4, 0xEBA4,
    0xEBA4, 0xEBA4, 0xEBA4, 0xEBA4, 0x68A5, 0x68A5, 0x68A5, 0x68A5, 0xEBA4, 0xEBA4, 0xEBA4, 0xEBA4,
    0xEBA4, 0xEBA4, 0xEBA4, 0xEBA4, 0xEBA4, 0xEBA4, 0xEBA4, 0xEBA4, 0xEBA4, 0xEBA4, 0xEBA4, 0xEBA4,
    0xFDC3, 0xFDC3, 0xFDC3, 0xFDC3, 0xFDC3, 0xFDC3, 0xFDC3, 0xFDC3, 0xFDC3, 0xFDC3, 0xFDC3, 0xFDC3,
    0xFDC3, 0xFDC3, 0xFDC3, 0xFDC3, 0xFDC3, 0xFDC3, 0xFDC3, 0xFDC3, 0xFDC3, 0xFDC3, 0xFDC3, 0xFDC3,
    0x0107, 0x0107, 0x0107, 0x0107, 0x0107, 0x0107, 0x0107, 0x0107, 0x0107, 0x0107, 0x0107, 0x0107,
    0x0314, 0x0314, 0x0314, 0x0314, 0xFFFF, 0xFFFF, 0xFFFF, 0xFFFF, 0xFFFF, 0xFFFF, 0xFFFF, 0xFFFF,
    0xFFFF, 0xFFFF, 0xFFFF, 0xFFFF, 0xFFFF, 0xFFFF, 0xFFFF, 0xFFFF, 0xEBA4, 0xEBA4, 0xEBA4, 0xEBA4,
    0xE805, 0xE805, 0xE805, 0xE805, 0xE805, 0xE805, 0xE805, 0xE805, 0xE805, 0xE805, 0xE805, 0xE805,
    0x0314, 0x0314, 0x0314, 0x0314, 0x0314, 0x0314, 0x0314, 0x0314, 0x0107, 0x0107, 0x0107, 0x0107,
    0x0107, 0x0107, 0x0107, 0x0107, 0x0107, 0x0107, 0x0107, 0x0107, 0xEBA4, 0xEBA4, 0xEBA4, 0xEBA4,
    0xEBA4, 0xEBA4, 0xEBA4, 0xEBA4, 0x68A5, 0x68A5, 0x68A5, 0x68A5, 0xEBA4, 0xEBA4, 0xEBA4, 0xEBA4,
    0xEBA4, 0xEBA4, 0xEBA4, 0xEBA4, 0xEBA4, 0xEBA4, 0xEBA4, 0xEBA4, 0xEBA4, 0xEBA4, 0xEBA4, 0xEBA4,
    0xFDC3, 0xFDC3, 0xFDC3, 0xFDC3, 0xFDC3, 0xFDC3, 0xFDC3, 0xFDC3, 0xFDC3, 0xFDC3, 0xFDC3, 0xFDC3,
    0xFDC3, 0xFDC3, 0xFDC3, 0xFDC3, 0xFDC3, 0xFDC3, 0xFDC3, 0xFDC3, 0xFDC3, 0xFDC3, 0xFDC3, 0xFDC3,
    0x0107, 0x0107, 0x0107, 0x0107, 0x0107, 0x0107, 0x0107, 0x0107, 0x0107, 0x0107, 0x0107, 0x0107,
    0x0314, 0x0314, 0x0314, 0x0314, 0xFFFF, 0xFFFF, 0xFFFF, 0xFFFF, 0xFFFF, 0xFFFF, 0xFFFF, 0xFFFF,
    0xFFFF, 0xFFFF, 0xFFFF, 0xFFFF, 0xFFFF, 0xFFFF, 0xFFFF, 0xFFFF, 0xEBA4, 0xEBA4, 0xEBA4, 0xEBA4,
    0xE805, 0xE805, 0xE805, 0xE805, 0xE805, 0xE805, 0xE805, 0xE805, 0xE805, 0xE805, 0xE805, 0xE805,
    0x0314, 0x0314, 0x0314, 0x0314, 0x0314, 0x0314, 0x0314, 0x0314, 0x0107, 0x0107, 0x0107, 0x0107,
    0x0107, 0x0107, 0x0107, 0x0107, 0x0107, 0x0107, 0x0107, 0x0107, 0xEBA4, 0xEBA4, 0xEBA4, 0xEBA4,
    0xEBA4, 0xEBA4, 0xEBA4, 0xEBA4, 0x68A5, 0x68A5, 0x68A5, 0x68A5, 0xEBA4, 0xEBA4, 0xEBA4, 0xEBA4,
    0xEBA4, 0xEBA4, 0xEBA4, 0xEBA4, 0xEBA4, 0xEBA4, 0xEBA4, 0xEBA4, 0xEBA4, 0xEBA4, 0xEBA4, 0xEBA4,
    0xFDC3, 0xFDC3, 0xFDC3, 0xFDC3, 0xFDC3, 0xFDC3, 0xFDC3, 0xFDC3, 0xFDC3, 0xFDC3, 0xFDC3, 0xFDC3,
    0xFDC3, 0xFDC3, 0xFDC3, 0xFDC3, 0xFDC3, 0xFDC3, 0xFDC3, 0xFDC3, 0xFDC3, 0xFDC3, 0xFDC3, 0xFDC3,
    0x0107, 0x0107, 0x0107, 0x0107, 0x0107, 0x0107, 0x0107, 0x0107, 0x0107, 0x0107, 0x0107, 0x0107,
    0x0314, 0x0314, 0x0314, 0x0314, 0xFFFF, 0xFFFF, 0xFFFF, 0xFFFF, 0xFFFF, 0xFFFF, 0xFFFF, 0xFFFF,
    0xFFFF, 0xFFFF, 0xFFFF, 0xFFFF, 0xFFFF, 0xFFFF, 0xFFFF, 0xFFFF, 0xEBA4, 0xEBA4, 0xEBA4, 0xEBA4,
    0xE805, 0xE805, 0xE805, 0xE805, 0xE805, 0xE805, 0xE805, 0xE805, 0xE805, 0xE805, 0xE805, 0xE805,
    0x0314, 0x0314, 0x0314, 0x0314, 0x0314, 0x0314, 0x0314, 0x0314, 0x0107, 0x0107, 0x0107, 0x0107,
    0x0107, 0x0107, 0x0107, 0x0107, 0x0107, 0x0107, 0x0107, 0x0107, 0xEBA4, 0xEBA4, 0xEBA4, 0xEBA4,
    0xEBA4, 0xEBA4, 0xEBA4, 0xEBA4, 0x68A5, 0x68A5, 0x68A5, 0x68A5, 0xEBA4, 0xEBA4, 0xEBA4, 0xEBA4,
    0xEBA4, 0xEBA4, 0xEBA4, 0xEBA4, 0xEBA4, 0xEBA4, 0xEBA4, 0xEBA4, 0xEBA4, 0xEBA4, 0xEBA4, 0xEBA4,
    0xFDC3, 0xFDC3, 0xFDC3, 0xFDC3, 0xFDC3, 0xFDC3, 0xFDC3, 0xFDC3, 0xFDC3, 0xFDC3, 0xFDC3, 0xFDC3,
    0xFDC3, 0xFDC3, 0xFDC3, 0xFDC3, 0xFDC3, 0xFDC3, 0xFDC3, 0xFDC3, 0xFDC3, 0xFDC3, 0xFDC3, 0xFDC3,
    0x0107, 0x0107, 0x0107, 0x0107, 0x0107, 0x0107, 0x0107, 0x0107, 0x0107, 0x0107, 0x0107, 0x0107,
    0x0314, 0x0314, 0x0314, 0x0314, 0xFFFF, 0xFFFF, 0xFFFF, 0xFFFF, 0xFFFF, 0xFFFF, 0xFFFF, 0xFFFF,
    0xFFFF, 0xFFFF, 0xFFFF, 0xFFFF, 0xFFFF, 0xFFFF, 0xFFFF, 0xFFFF, 0xE805, 0xE805, 0xE805, 0xE805,
    0xE805, 0xE805, 0xE805, 0xE805, 0xE805, 0xE805, 0xE805, 0xE805, 0x0314, 0x0314, 0x0314, 0x0314,
    0x0314, 0x0314, 0x0314, 0x0314, 0x0314, 0x0314, 0x0314, 0x0314, 0x0107, 0x0107, 0x0107, 0x0107,
    0x0107, 0x0107, 0x0107, 0x0107, 0x0107, 0x0107, 0x0107, 0x0107, 0x68A5, 0x68A5, 0x68A5, 0x68A5,
    0x68A5, 0x68A5, 0x68A5, 0x68A5, 0x68A5, 0x68A5, 0x68A5, 0x68A5, 0x68A5, 0x68A5, 0x68A5, 0x68A5,
    0xEBA4, 0xEBA4, 0xEBA4, 0xEBA4, 0xEBA4, 0xEBA4, 0xEBA4, 0xEBA4, 0xEBA4, 0xEBA4, 0xEBA4, 0xEBA4,
    0xFDC3, 0xFDC3, 0xFDC3, 0xFDC3, 0xFDC3, 0xFDC3, 0xFDC3, 0xFDC3, 0xFDC3, 0xFDC3, 0xFDC3, 0xFDC3,
    0xFDC3, 0xFDC3, 0xFDC3, 0xFDC3, 0xFDC3, 0xFDC3, 0xFDC3, 0xFDC3, 0xFDC3, 0xFDC3, 0xFDC3, 0xFDC3,
    0xEBA4, 0xEBA4, 0xEBA4, 0xEBA4, 0x0107, 0x0107, 0x0107, 0x0107, 0x0107, 0x0107, 0x0107, 0x0107,
    0x0107, 0x0107, 0x0107, 0x0107, 0xFFFF, 0xFFFF, 0xFFFF, 0xFFFF, 0xFFFF, 0xFFFF, 0xFFFF, 0xFFFF,
    0xFFFF, 0xFFFF, 0xFFFF, 0xFFFF, 0xFFFF, 0xFFFF, 0xFFFF, 0xFFFF, 0xE805, 0xE805, 0xE805, 0xE805,
    0xE805, 0xE805, 0xE805, 0xE805, 0xE805, 0xE805, 0xE805, 0xE805, 0x0314, 0x0314, 0x0314, 0x0314,
    0x0314, 0x0314, 0x0314, 0x0314, 0x0314, 0x0314, 0x0314, 0x0314, 0x0107, 0x0107, 0x0107, 0x0107,
    0x0107, 0x0107, 0x0107, 0x0107, 0x0107, 0x0107, 0x0107, 0x0107, 0x68A5, 0x68A5, 0x68A5, 0x68A5,
    0x68A5, 0x68A5, 0x68A5, 0x68A5, 0x68A5, 0x68A5, 0x68A5, 0x68A5, 0x68A5, 0x68A5, 0x68A5, 0x68A5,
    0xEBA4, 0xEBA4, 0xEBA4, 0xEBA4, 0xEBA4, 0xEBA4, 0xEBA4, 0xEBA4, 0xEBA4, 0xEBA4, 0xEBA4, 0xEBA4,
    0xFDC3, 0xFDC3, 0xFDC3, 0xFDC3, 0xFDC3, 0xFDC3, 0xFDC3, 0xFDC3, 0xFDC3, 0xFDC3, 0xFDC3, 0xFDC3,
    0xFDC3, 0xFDC3, 0xFDC3, 0xFDC3, 0xFDC3, 0xFDC3, 0xFDC3, 0xFDC3, 0xFDC3, 0xFDC3, 0xFDC3, 0xFDC3,
    0xEBA4, 0xEBA4, 0xEBA4, 0xEBA4, 0x0107, 0x0107, 0x0107, 0x0107, 0x0107, 0x0107, 0x0107, 0x0107,
    0x0107, 0x0107, 0x0107, 0x0107, 0xFFFF, 0xFFFF, 0xFFFF, 0xFFFF, 0xFFFF, 0xFFFF, 0xFFFF, 0xFFFF,
    0xFFFF, 0xFFFF, 0xFFFF, 0xFFFF, 0xFFFF, 0xFFFF, 0xFFFF, 0xFFFF, 0xE805, 0xE805, 0xE805, 0xE805,
    0xE805, 0xE805, 0xE805, 0xE805, 0xE805, 0xE805, 0xE805, 0xE805, 0x0314, 0x0314, 0x0314, 0x0314,
    0x0314, 0x0314, 0x0314, 0x0314, 0x0314, 0x0314, 0x0314, 0x0314, 0x0107, 0x0107, 0x0107, 0x0107,
    0x0107, 0x0107, 0x0107, 0x0107, 0x0107, 0x0107, 0x0107, 0x0107, 0x68A5, 0x68A5, 0x68A5, 0x68A5,
    0x68A5, 0x68A5, 0x68A5, 0x68A5, 0x68A5, 0x68A5, 0x68A5, 0x68A5, 0x68A5, 0x68A5, 0x68A5, 0x68A5,
    0xEBA4, 0xEBA4, 0xEBA4, 0xEBA4, 0xEBA4, 0xEBA4, 0xEBA4, 0xEBA4, 0xEBA4, 0xEBA4, 0xEBA4, 0xEBA4,
    0xFDC3, 0xFDC3, 0xFDC3, 0xFDC3, 0xFDC3, 0xFDC3, 0xFDC3, 0xFDC3, 0xFDC3, 0xFDC3, 0xFDC3, 0xFDC3,
    0xFDC3, 0xFDC3, 0xFDC3, 0xFDC3, 0xFDC3, 0xFDC3, 0xFDC3, 0xFDC3, 0xFDC3, 0xFDC3, 0xFDC3, 0xFDC3,
    0xEBA4, 0xEBA4, 0xEBA4, 0xEBA4, 0x0107, 0x0107, 0x0107, 0x0107, 0x0107, 0x0107, 0x0107, 0x0107,
    0x0107, 0x0107, 0x0107, 0x0107, 0xFFFF, 0xFFFF, 0xFFFF, 0xFFFF, 0xFFFF, 0xFFFF, 0xFFFF, 0xFFFF,
    0xFFFF, 0xFFFF, 0xFFFF, 0xFFFF, 0xFFFF, 0xFFFF, 0xFFFF, 0xFFFF, 0xE805, 0xE805, 0xE805, 0xE805,
    0xE805, 0xE805, 0xE805, 0xE805, 0xE805, 0xE805, 0xE805, 0xE805, 0x0314, 0x0314, 0x0314, 0x0314,
    0x0314, 0x0314, 0x0314, 0x0314, 0x0314, 0x0314, 0x0314, 0x0314, 0x0107, 0x0107, 0x0107, 0x0107,
    0x0107, 0x0107, 0x0107, 0x0107, 0x0107, 0x0107, 0x0107, 0x0107, 0x68A5, 0x68A5, 0x68A5, 0x68A5,
    0x68A5, 0x68A5, 0x68A5, 0x68A5, 0x68A5, 0x68A5, 0x68A5, 0x68A5, 0x68A5, 0x68A5, 0x68A5, 0x68A5,
    0xEBA4, 0xEBA4, 0xEBA4, 0xEBA4, 0xEBA4, 0xEBA4, 0xEBA4, 0xEBA4, 0xEBA4, 0xEBA4, 0xEBA4, 0xEBA4,
    0xFDC3, 0xFDC3, 0xFDC3, 0xFDC3, 0xFDC3, 0xFDC3, 0xFDC3, 0xFDC3, 0xFDC3, 0xFDC3, 0xFDC3, 0xFDC3,
    0xFDC3, 0xFDC3, 0xFDC3, 0xFDC3, 0xFDC3, 0xFDC3, 0xFDC3, 0xFDC3, 0xFDC3, 0xFDC3, 0xFDC3, 0xFDC3,
    0xEBA4, 0xEBA4, 0xEBA4, 0xEBA4, 0x0107, 0x0107, 0x0107, 0x0107, 0x0107, 0x0107, 0x0107, 0x0107,
    0x0107, 0x0107, 0x0107, 0x0107, 0xFFFF, 0xFFFF, 0xFFFF, 0xFFFF, 0xFFFF, 0xFFFF, 0xFFFF, 0xFFFF,
    0xFFFF, 0xFFFF, 0xFFFF, 0xFFFF, 0xFFFF, 0xFFFF, 0xFFFF, 0xFFFF, 0xE805, 0xE805, 0xE805, 0xE805,
    0xE805, 0xE805, 0xE805, 0xE805, 0xE805, 0xE805, 0xE805, 0xE805, 0x0314, 0x0314, 0x0314, 0x0314,
    0x0314, 0x0314, 0x0314, 0x0314, 0x0314, 0x0314, 0x0314, 0x0314, 0x0314, 0x0314, 0x0314, 0x0314,
    0x0107, 0x0107, 0x0107, 0x0107, 0x0107, 0x0107, 0x0107, 0x0107, 0x0107, 0x0107, 0x0107, 0x0107,
    0xE805, 0xE805, 0xE805, 0xE805, 0xE805, 0xE805, 0xE805, 0xE805, 0xE805, 0xE805, 0xE805, 0xE805,
    0xEBA4, 0xEBA4, 0xEBA4, 0xEBA4, 0xEBA4, 0xEBA4, 0xEBA4, 0xEBA4, 0xEBA4, 0xEBA4, 0xEBA4, 0xEBA4,
    0xEBA4, 0xEBA4, 0xEBA4, 0xEBA4, 0xFDC3, 0xFDC3, 0xFDC3, 0xFDC3, 0xFDC3, 0xFDC3, 0xFDC3, 0xFDC3,
    0xFDC3, 0xFDC3, 0xFDC3, 0xFDC3, 0xFDC3, 0xFDC3, 0xFDC3, 0xFDC3, 0xFDC3, 0xFDC3, 0xFDC3, 0xFDC3,
    0xFDC3, 0xFDC3, 0xFDC3, 0xFDC3, 0x68A5, 0x68A5, 0x68A5, 0x68A5, 0x0107, 0x0107, 0x0107, 0x0107,
    0x0107, 0x0107, 0x0107, 0x0107, 0x0314, 0x0314, 0x0314, 0x0314, 0xFFFF, 0xFFFF, 0xFFFF, 0xFFFF,
    0xFFFF, 0xFFFF, 0xFFFF, 0xFFFF, 0xFFFF, 0xFFFF, 0xFFFF, 0xFFFF, 0xE805, 0xE805, 0xE805, 0xE805,
    0xE805, 0xE805, 0xE805, 0xE805, 0xE805, 0xE805, 0xE805, 0xE805, 0x0314, 0x0314, 0x0314, 0x0314,
    0x0314, 0x0314, 0x0314, 0x0314, 0x0314, 0x0314, 0x0314, 0x0314, 0x0314, 0x0314, 0x0314, 0x0314,
    0x0107, 0x0107, 0x0107, 0x0107, 0x0107, 0x0107, 0x0107, 0x0107, 0x0107, 0x0107, 0x0107, 0x0107,
    0xE805, 0xE805, 0xE805, 0xE805, 0xE805, 0xE805, 0xE805, 0xE805, 0xE805, 0xE805, 0xE805, 0xE805,
    0xEBA4, 0xEBA4, 0xEBA4, 0xEBA4, 0xEBA4, 0xEBA4, 0xEBA4, 0xEBA4, 0xEBA4, 0xEBA4, 0xEBA4, 0xEBA4,
    0xEBA4, 0xEBA4, 0xEBA4, 0xEBA4, 0xFDC3, 0xFDC3, 0xFDC3, 0xFDC3, 0xFDC3, 0xFDC3, 0xFDC3, 0xFDC3,
    0xFDC3, 0xFDC3, 0xFDC3, 0xFDC3, 0xFDC3, 0xFDC3, 0xFDC3, 0xFDC3, 0xFDC3, 0xFDC3, 0xFDC3, 0xFDC3,
    0xFDC3, 0xFDC3, 0xFDC3, 0xFDC3, 0x68A5, 0x68A5, 0x68A5, 0x68A5, 0x0107, 0x0107, 0x0107, 0x0107,
    0x0107, 0x0107, 0x0107, 0x0107, 0x0314, 0x0314, 0x0314, 0x0314, 0xFFFF, 0xFFFF, 0xFFFF, 0xFFFF,
    0xFFFF, 0xFFFF, 0xFFFF, 0xFFFF, 0xFFFF, 0xFFFF, 0xFFFF, 0xFFFF, 0xE805, 0xE805, 0xE805, 0xE805,
    0xE805, 0xE805, 0xE805, 0xE805, 0xE805, 0xE805, 0xE805, 0xE805, 0x0314, 0x0314, 0x0314, 0x0314,
    0x0314, 0x0314, 0x0314, 0x0314, 0x0314, 0x0314, 0x0314, 0x0314, 0x0314, 0x0314, 0x0314, 0x0314,
    0x0107, 0x0107, 0x0107, 0x0107, 0x0107, 0x0107, 0x0107, 0x0107, 0x0107, 0x0107, 0x0107, 0x0107,
    0xE805, 0xE805, 0xE805, 0xE805, 0xE805, 0xE805, 0xE805, 0xE805, 0xE805, 0xE805, 0xE805, 0xE805,
    0xEBA4, 0xEBA4, 0xEBA4, 0xEBA4, 0xEBA4, 0xEBA4, 0xEBA4, 0xEBA4, 0xEBA4, 0xEBA4, 0xEBA4, 0xEBA4,
    0xEBA4, 0xEBA4, 0xEBA4, 0xEBA4, 0xFDC3, 0xFDC3, 0xFDC3, 0xFDC3, 0xFDC3, 0xFDC3, 0xFDC3, 0xFDC3,
    0xFDC3, 0xFDC3, 0xFDC3, 0xFDC3, 0xFDC3, 0xFDC3, 0xFDC3, 0xFDC3, 0xFDC3, 0xFDC3, 0xFDC3, 0xFDC3,
    0xFDC3, 0xFDC3, 0xFDC3, 0xFDC3, 0x68A5, 0x68A5, 0x68A5, 0x68A5, 0x0107, 0x0107, 0x0107, 0x0107,
    0x0107, 0x0107, 0x0107, 0x0107, 0x0314, 0x0314, 0x0314, 0x0314, 0xFFFF, 0xFFFF, 0xFFFF, 0xFFFF,
    0xFFFF, 0xFFFF, 0xFFFF, 0xFFFF, 0xFFFF, 0xFFFF, 0xFFFF, 0xFFFF, 0xE805, 0xE805, 0xE805, 0xE805,
    0xE805, 0xE805, 0xE805, 0xE805, 0xE805, 0xE805, 0xE805, 0xE805, 0x0314, 0x0314, 0x0314, 0x0314,
    0x0314, 0x0314, 0x0314, 0x0314, 0x0314, 0x0314, 0x0314, 0x0314, 0x0314, 0x0314, 0x0314, 0x0314,
    0x0107, 0x0107, 0x0107, 0x0107, 0x0107, 0x0107, 0x0107, 0x0107, 0x0107, 0x0107, 0x0107, 0x0107,
    0xE805, 0xE805, 0xE805, 0xE805, 0xE805, 0xE805, 0xE805, 0xE805, 0xE805, 0xE805, 0xE805, 0xE805,
    0xEBA4, 0xEBA4, 0xEBA4, 0xEBA4, 0xEBA4, 0xEBA4, 0xEBA4, 0xEBA4, 0xEBA4, 0xEBA4, 0xEBA4, 0xEBA4,
    0xEBA4, 0xEBA4, 0xEBA4, 0xEBA4, 0xFDC3, 0xFDC3, 0xFDC3, 0xFDC3, 0xFDC3, 0xFDC3, 0xFDC3, 0xFDC3,
    0xFDC3, 0xFDC3, 0xFDC3, 0xFDC3, 0xFDC3, 0xFDC3, 0xFDC3, 0xFDC3, 0xFDC3, 0xFDC3, 0xFDC3, 0xFDC3,
    0xFDC3, 0xFDC3, 0xFDC3, 0xFDC3, 0x68A5, 0x68A5, 0x68A5, 0x68A5, 0x0107, 0x0107, 0x0107, 0x0107,
    0x0107, 0x0107, 0x0107, 0x0107, 0x0314, 0x0314, 0x0314, 0x0314, 0xFFFF, 0xFFFF, 0xFFFF, 0xFFFF,
    0xFFFF, 0xFFFF, 0xFFFF, 0xFFFF, 0xFFFF, 0xFFFF, 0xFFFF, 0xFFFF, 0xEBA4, 0xEBA4, 0xEBA4, 0xEBA4,
    0xE805, 0xE805, 0xE805, 0xE805, 0x0314, 0x0314, 0x0314, 0x0314, 0x0314, 0x0314, 0x0314, 0x0314,
    0x0314, 0x0314, 0x0314, 0x0314, 0x0314, 0x0314, 0x0314, 0x0314, 0x0314, 0x0314, 0x0314, 0x0314,
    0x0107, 0x0107, 0x0107, 0x0107, 0x0107, 0x0107, 0x0107, 0x0107, 0x0107, 0x0107, 0x0107, 0x0107,
    0x68A5, 0x68A5, 0x68A5, 0x68A5, 0xE805, 0xE805, 0xE805, 0xE805, 0xE805, 0xE805, 0xE805, 0xE805,
    0xE805, 0xE805, 0xE805, 0xE805, 0xEBA4, 0xEBA4, 0xEBA4, 0xEBA4, 0xEBA4, 0xEBA4, 0xEBA4, 0xEBA4,
    0xEBA4, 0xEBA4, 0xEBA4, 0xEBA4, 0xFDC3, 0xFDC3, 0xFDC3, 0xFDC3, 0xFDC3, 0xFDC3, 0xFDC3, 0xFDC3,
    0xFDC3, 0xFDC3, 0xFDC3, 0xFDC3, 0xFDC3, 0xFDC3, 0xFDC3, 0xFDC3, 0xFDC3, 0xFDC3, 0xFDC3, 0xFDC3,
    0xFDC3, 0xFDC3, 0xFDC3, 0xFDC3, 0xEBA4, 0xEBA4, 0xEBA4, 0xEBA4, 0x0107, 0x0107, 0x0107, 0x0107,
    0x0107, 0x0107, 0x0107, 0x0107, 0x0107, 0x0107, 0x0107, 0x0107, 0xFFFF, 0xFFFF, 0xFFFF, 0xFFFF,
    0xFFFF, 0xFFFF, 0xFFFF, 0xFFFF, 0xFFFF, 0xFFFF, 0xFFFF, 0xFFFF, 0xEBA4, 0xEBA4, 0xEBA4, 0xEBA4,
    0xE805, 0xE805, 0xE805, 0xE805, 0x0314, 0x0314, 0x0314, 0x0314, 0x0314, 0x0314, 0x0314, 0x0314,
    0x0314, 0x0314, 0x0314, 0x0314, 0x0314, 0x0314, 0x0314, 0x0314, 0x0314, 0x0314, 0x0314, 0x0314,
    0x0107, 0x0107, 0x0107, 0x0107, 0x0107, 0x0107, 0x0107, 0x0107, 0x0107, 0x0107, 0x0107, 0x0107,
    0x68A5, 0x68A5, 0x68A5, 0x68A5, 0xE805, 0xE805, 0xE805, 0xE805, 0xE805, 0xE805, 0xE805, 0xE805,
    0xE805, 0xE805, 0xE805, 0xE805, 0xEBA4, 0xEBA4, 0xEBA4, 0xEBA4, 0xEBA4, 0xEBA4, 0xEBA4, 0xEBA4,
    0xEBA4, 0xEBA4, 0xEBA4, 0xEBA4, 0xFDC3, 0xFDC3, 0xFDC3, 0xFDC3, 0xFDC3, 0xFDC3, 0xFDC3, 0xFDC3,
    0xFDC3, 0xFDC3, 0xFDC3, 0xFDC3, 0xFDC3, 0xFDC3, 0xFDC3, 0xFDC3, 0xFDC3, 0xFDC3, 0xFDC3, 0xFDC3,
    0xFDC3, 0xFDC3, 0xFDC3, 0xFDC3, 0xEBA4, 0xEBA4, 0xEBA4, 0xEBA4, 0x0107, 0x0107, 0x0107, 0x0107,
    0x0107, 0x0107, 0x0107, 0x0107, 0x0107, 0x0107, 0x0107, 0x0107, 0xFFFF, 0xFFFF, 0xFFFF, 0xFFFF,
    0xFFFF, 0xFFFF, 0xFFFF, 0xFFFF, 0xFFFF, 0xFFFF, 0xFFFF, 0xFFFF, 0xEBA4, 0xEBA4, 0xEBA4, 0xEBA4,
    0xE805, 0xE805, 0xE805, 0xE805, 0x0314, 0x0314, 0x0314, 0x0314, 0x0314, 0x0314, 0x0314, 0x0314,
    0x0314, 0x0314, 0x0314, 0x0314, 0x0314, 0x0314, 0x0314, 0x0314, 0x0314, 0x0314, 0x0314, 0x0314,
    0x0107, 0x0107, 0x0107, 0x0107, 0x0107, 0x0107, 0x0107, 0x0107, 0x0107, 0x0107, 0x0107, 0x0107,
    0x68A5, 0x68A5, 0x68A5, 0x68A5, 0xE805, 0xE805, 0xE805, 0xE805, 0xE805, 0xE805, 0xE805, 0xE805,
    0xE805, 0xE805, 0xE805, 0xE805, 0xEBA4, 0xEBA4, 0xEBA4, 0xEBA4, 0xEBA4, 0xEBA4, 0xEBA4, 0xEBA4,
    0xEBA4, 0xEBA4, 0xEBA4, 0xEBA4, 0xFDC3, 0xFDC3, 0xFDC3, 0xFDC3, 0xFDC3, 0xFDC3, 0xFDC3, 0xFDC3,
    0xFDC3, 0xFDC3, 0xFDC3, 0xFDC3, 0xFDC3, 0xFDC3, 0xFDC3, 0xFDC3, 0xFDC3, 0xFDC3, 0xFDC3, 0xFDC3,
    0xFDC3, 0xFDC3, 0xFDC3, 0xFDC3, 0xEBA4, 0xEBA4, 0xEBA4, 0xEBA4, 0x0107, 0x0107, 0x0107, 0x0107,
    0x0107, 0x0107, 0x0107, 0x0107, 0x0107, 0x0107, 0x0107, 0x0107, 0xFFFF, 0xFFFF, 0xFFFF, 0xFFFF,
    0xFFFF, 0xFFFF, 0xFFFF, 0xFFFF, 0xFFFF, 0xFFFF, 0xFFFF, 0xFFFF, 0xEBA4, 0xEBA4, 0xEBA4, 0xEBA4,
    0xE805, 0xE805, 0xE805, 0xE805, 0x0314, 0x0314, 0x0314, 0x0314, 0x0314, 0x0314, 0x0314, 0x0314,
    0x0314, 0x0314, 0x0314, 0x0314, 0x0314, 0x0314, 0x0314, 0x0314, 0x0314, 0x0314, 0x0314, 0x0314,
    0x0107, 0x0107, 0x0107, 0x0107, 0x0107, 0x0107, 0x0107, 0x0107, 0x0107, 0x0107, 0x0107, 0x0107,
    0x68A5, 0x68A5, 0x68A5, 0x68A5, 0xE805, 0xE805, 0xE805, 0xE805, 0xE805, 0xE805, 0xE805, 0xE805,
    0xE805, 0xE805, 0xE805, 0xE805, 0xEBA4, 0xEBA4, 0xEBA4, 0xEBA4, 0xEBA4, 0xEBA4, 0xEBA4, 0xEBA4,
    0xEBA4, 0xEBA4, 0xEBA4, 0xEBA4, 0xFDC3, 0xFDC3, 0xFDC3, 0xFDC3, 0xFDC3, 0xFDC3, 0xFDC3, 0xFDC3,
    0xFDC3, 0xFDC3, 0xFDC3, 0xFDC3, 0xFDC3, 0xFDC3, 0xFDC3, 0xFDC3, 0xFDC3, 0xFDC3, 0xFDC3, 0xFDC3,
    0xFDC3, 0xFDC3, 0xFDC3, 0xFDC3, 0xEBA4, 0xEBA4, 0xEBA4, 0xEBA4, 0x0107, 0x0107, 0x0107, 0x0107,
    0x0107, 0x0107, 0x0107, 0x0107, 0x0107, 0x0107, 0x0107, 0x0107, 0xFFFF, 0xFFFF, 0xFFFF, 0xFFFF,
    0xFFFF, 0xFFFF, 0xFFFF, 0xFFFF, 0xFFFF, 0xFFFF, 0xFFFF, 0xFFFF, 0xFFFF, 0xFFFF, 0xFFFF, 0xFFFF,
    0x68A5, 0x68A5, 0x68A5, 0x68A5, 0x0314, 0x0314, 0x0314, 0x0314, 0x0314, 0x0314, 0x0314, 0x0314,
    0x0314, 0x0314, 0x0314, 0x0314, 0x0314, 0x0314, 0x0314, 0x0314, 0x0314, 0x0314, 0x0314, 0x0314,
    0x0314, 0x0314, 0x0314, 0x0314, 0x0107, 0x0107, 0x0107, 0x0107, 0x0107, 0x0107, 0x0107, 0x0107,
    0x0107, 0x0107, 0x0107, 0x0107, 0xE805, 0xE805, 0xE805, 0xE805, 0xE805, 0xE805, 0xE805, 0xE805,
    0xE805, 0xE805, 0xE805, 0xE805, 0xEBA4, 0xEBA4, 0xEBA4, 0xEBA4, 0xEBA4, 0xEBA4, 0xEBA4, 0xEBA4,
    0xEBA4, 0xEBA4, 0xEBA4, 0xEBA4, 0xEBA4, 0xEBA4, 0xEBA4, 0xEBA4, 0xFDC3, 0xFDC3, 0xFDC3, 0xFDC3,
    0xFDC3, 0xFDC3, 0xFDC3, 0xFDC3, 0xFDC3, 0xFDC3, 0xFDC3, 0xFDC3, 0xFDC3, 0xFDC3, 0xFDC3, 0xFDC3,
    0xFDC3, 0xFDC3, 0xFDC3, 0xFDC3, 0xFDC3, 0xFDC3, 0xFDC3, 0xFDC3, 0x68A5, 0x68A5, 0x68A5, 0x68A5,
    0x0107, 0x0107, 0x0107, 0x0107, 0x0107, 0x0107, 0x0107, 0x0107, 0x0314, 0x0314, 0x0314, 0x0314,
    0xFFFF, 0xFFFF, 0xFFFF, 0xFFFF, 0xFFFF, 0xFFFF, 0xFFFF, 0xFFFF, 0xFFFF, 0xFFFF, 0xFFFF, 0xFFFF,
    0x68A5, 0x68A5, 0x68A5, 0x68A5, 0x0314, 0x0314, 0x0314, 0x0314, 0x0314, 0x0314, 0x0314, 0x0314,
    0x0314, 0x0314, 0x0314, 0x0314, 0x0314, 0x0314, 0x0314, 0x0314, 0x0314, 0x0314, 0x0314, 0x0314,
    0x0314, 0x0314, 0x0314, 0x0314, 0x0107, 0x0107, 0x0107, 0x0107, 0x0107, 0x0107, 0x0107, 0x0107,
    0x0107, 0x0107, 0x0107, 0x0107, 0xE805, 0xE805, 0xE805, 0xE805, 0xE805, 0xE805, 0xE805, 0xE805,
    0xE805, 0xE805, 0xE805, 0xE805, 0xEBA4, 0xEBA4, 0xEBA4, 0xEBA4, 0xEBA4, 0xEBA4, 0xEBA4, 0xEBA4,
    0xEBA4, 0xEBA4, 0xEBA4, 0xEBA4, 0xEBA4, 0xEBA4, 0xEBA4, 0xEBA4, 0xFDC3, 0xFDC3, 0xFDC3, 0xFDC3,
    0xFDC3, 0xFDC3, 0xFDC3, 0xFDC3, 0xFDC3, 0xFDC3, 0xFDC3, 0xFDC3, 0xFDC3, 0xFDC3, 0xFDC3, 0xFDC3,
    0xFDC3, 0xFDC3, 0xFDC3, 0xFDC3, 0xFDC3, 0xFDC3, 0xFDC3, 0xFDC3, 0x68A5, 0x68A5, 0x68A5, 0x68A5,
    0x0107, 0x0107, 0x0107, 0x0107, 0x0107, 0x0107, 0x0107, 0x0107, 0x0314, 0x0314, 0x0314, 0x0314,
    0xFFFF, 0xFFFF, 0xFFFF, 0xFFFF, 0xFFFF, 0xFFFF, 0xFFFF, 0xFFFF, 0xFFFF, 0xFFFF, 0xFFFF, 0xFFFF,
    0x68A5, 0x68A5, 0x68A5, 0x68A5, 0x0314, 0x0314, 0x0314, 0x0314, 0x0314, 0x0314, 0x0314, 0x0314,
    0x0314, 0x0314, 0x0314, 0x0314, 0x0314, 0x0314, 0x0314, 0x0314, 0x0314, 0x0314, 0x0314, 0x0314,
    0x0314, 0x0314, 0x0314, 0x0314, 0x0107, 0x0107, 0x0107, 0x0107, 0x0107, 0x0107, 0x0107, 0x0107,
    0x0107, 0x0107, 0x0107, 0x0107, 0xE805, 0xE805, 0xE805, 0xE805, 0xE805, 0xE805, 0xE805, 0xE805,
    0xE805, 0xE805, 0xE805, 0xE805, 0xEBA4, 0xEBA4, 0xEBA4, 0xEBA4, 0xEBA4, 0xEBA4, 0xEBA4, 0xEBA4,
    0xEBA4, 0xEBA4, 0xEBA4, 0xEBA4, 0xEBA4, 0xEBA4, 0xEBA4, 0xEBA4, 0xFDC3, 0xFDC3, 0xFDC3, 0xFDC3,
    0xFDC3, 0xFDC3, 0xFDC3, 0xFDC3, 0xFDC3, 0xFDC3, 0xFDC3, 0xFDC3, 0xFDC3, 0xFDC3, 0xFDC3, 0xFDC3,
    0xFDC3, 0xFDC3, 0xFDC3, 0xFDC3, 0xFDC3, 0xFDC3, 0xFDC3, 0xFDC3, 0x68A5, 0x68A5, 0x68A5, 0x68A5,
    0x0107, 0x0107, 0x0107, 0x0107, 0x0107, 0x0107, 0x0107, 0x0107, 0x0314, 0x0314, 0x0314, 0x0314,
    0xFFFF, 0xFFFF, 0xFFFF, 0xFFFF, 0xFFFF, 0xFFFF, 0xFFFF, 0xFFFF, 0xFFFF, 0xFFFF, 0xFFFF, 0xFFFF,
    0x68A5, 0x68A5, 0x68A5, 0x68A5, 0x0314, 0x0314, 0x0314, 0x0314, 0x0314, 0x0314, 0x0314, 0x0314,
    0x0314, 0x0314, 0x0314, 0x0314, 0x0314, 0x0314, 0x0314, 0x0314, 0x0314, 0x0314, 0x0314, 0x0314,
    0x0314, 0x0314, 0x0314, 0x0314, 0x0107, 0x0107, 0x0107, 0x0107, 0x0107, 0x0107, 0x0107, 0x0107,
    0x0107, 0x0107, 0x0107, 0x0107, 0xE805, 0xE805, 0xE805, 0xE805, 0xE805, 0xE805, 0xE805, 0xE805,
    0xE805, 0xE805, 0xE805, 0xE805, 0xEBA4, 0xEBA4, 0xEBA4, 0xEBA4, 0xEBA4, 0xEBA4, 0xEBA4, 0xEBA4,
    0xEBA4, 0xEBA4, 0xEBA4, 0xEBA4, 0xEBA4, 0xEBA4, 0xEBA4, 0xEBA4, 0xFDC3, 0xFDC3, 0xFDC3, 0xFDC3,
    0xFDC3, 0xFDC3, 0xFDC3, 0xFDC3, 0xFDC3, 0xFDC3, 0xFDC3, 0xFDC3, 0xFDC3, 0xFDC3, 0xFDC3, 0xFDC3,
    0xFDC3, 0xFDC3, 0xFDC3, 0xFDC3, 0xFDC3, 0xFDC3, 0xFDC3, 0xFDC3, 0x68A5, 0x68A5, 0x68A5, 0x68A5,
    0x0107, 0x0107, 0x0107, 0x0107, 0x0107, 0x0107, 0x0107, 0x0107, 0x0314, 0x0314, 0x0314, 0x0314,
    0xFFFF, 0xFFFF, 0xFFFF, 0xFFFF, 0xFFFF, 0xFFFF, 0xFFFF, 0xFFFF, 0xFFFF, 0xFFFF, 0xFFFF, 0xFFFF,
    0x0314, 0x0314, 0x0314, 0x0314, 0x0314, 0x0314, 0x0314, 0x0314, 0x0314, 0x0314, 0x0314, 0x0314,
    0x0314, 0x0314, 0x0314, 0x0314, 0x0314, 0x0314, 0x0314, 0x0314, 0x0314, 0x0314, 0x0314, 0x0314,
    0x0314, 0x0314, 0x0314, 0x0314, 0x0107, 0x0107, 0x0107, 0x0107, 0x0107, 0x0107, 0x0107, 0x0107,
    0x0107, 0x0107, 0x0107, 0x0107, 0xEBA4, 0xEBA4, 0xEBA4, 0xEBA4, 0xE805, 0xE805, 0xE805, 0xE805,
    0xE805, 0xE805, 0xE805, 0xE805, 0xE805, 0xE805, 0xE805, 0xE805, 0xEBA4, 0xEBA4, 0xEBA4, 0xEBA4,
    0xEBA4, 0xEBA4, 0xEBA4, 0xEBA4, 0xEBA4, 0xEBA4, 0xEBA4, 0xEBA4, 0xEBA4, 0xEBA4, 0xEBA4, 0xEBA4,
    0xEBA4, 0xEBA4, 0xEBA4, 0xEBA4, 0xEBA4, 0xEBA4, 0xEBA4, 0xEBA4, 0xEBA4, 0xEBA4, 0xEBA4, 0xEBA4,
    0xEBA4, 0xEBA4, 0xEBA4, 0xEBA4, 0xEBA4, 0xEBA4, 0xEBA4, 0xEBA4, 0x68A5, 0x68A5, 0x68A5, 0x68A5,
    0x0107, 0x0107, 0x0107, 0x0107, 0x0107, 0x0107, 0x0107, 0x0107, 0x0314, 0x0314, 0x0314, 0x0314,
    0xFFFF, 0xFFFF, 0xFFFF, 0xFFFF, 0xFFFF, 0xFFFF, 0xFFFF, 0xFFFF, 0xFFFF, 0xFFFF, 0xFFFF, 0xFFFF,
    0x0314, 0x0314, 0x0314, 0x0314, 0x0314, 0x0314, 0x0314, 0x0314, 0x0314, 0x0314, 0x0314, 0x0314,
    0x0314, 0x0314, 0x0314, 0x0314, 0x0314, 0x0314, 0x0314, 0x0314, 0x0314, 0x0314, 0x0314, 0x0314,
    0x0314, 0x0314, 0x0314, 0x0314, 0x0107, 0x0107, 0x0107, 0x0107, 0x0107, 0x0107, 0x0107, 0x0107,
    0x0107, 0x0107, 0x0107, 0x0107, 0xEBA4, 0xEBA4, 0xEBA4, 0xEBA4, 0xE805, 0xE805, 0xE805, 0xE805,
    0xE805, 0xE805, 0xE805, 0xE805, 0xE805, 0xE805, 0xE805, 0xE805, 0xEBA4, 0xEBA4, 0xEBA4, 0xEBA4,
    0xEBA4, 0xEBA4, 0xEBA4, 0xEBA4, 0xEBA4, 0xEBA4, 0xEBA4, 0xEBA4, 0xEBA4, 0xEBA4, 0xEBA4, 0xEBA4,
    0xEBA4, 0xEBA4, 0xEBA4, 0xEBA4, 0xEBA4, 0xEBA4, 0xEBA4, 0xEBA4, 0xEBA4, 0xEBA4, 0xEBA4, 0xEBA4,
    0xEBA4, 0xEBA4, 0xEBA4, 0xEBA4, 0xEBA4, 0xEBA4, 0xEBA4, 0xEBA4, 0x68A5, 0x68A5, 0x68A5, 0x68A5,
    0x0107, 0x0107, 0x0107, 0x0107, 0x0107, 0x0107, 0x0107, 0x0107, 0x0314, 0x0314, 0x0314, 0x0314,
    0xFFFF, 0xFFFF, 0xFFFF, 0xFFFF, 0xFFFF, 0xFFFF, 0xFFFF, 0xFFFF, 0xFFFF, 0xFFFF, 0xFFFF, 0xFFFF,
    0x0314, 0x0314, 0x0314, 0x0314, 0x0314, 0x0314, 0x0314, 0x0314, 0x0314, 0x0314, 0x0314, 0x0314,
    0x0314, 0x0314, 0x0314, 0x0314, 0x0314, 0x0314, 0x0314, 0x0314, 0x0314, 0x0314, 0x0314, 0x0314,
    0x0314, 0x0314, 0x0314, 0x0314, 0x0107, 0x0107, 0x0107, 0x0107, 0x0107, 0x0107, 0x0107, 0x0107,
    0x0107, 0x0107, 0x0107, 0x0107, 0xEBA4, 0xEBA4, 0xEBA4, 0xEBA4, 0xE805, 0xE805, 0xE805, 0xE805,
    0xE805, 0xE805, 0xE805, 0xE805, 0xE805, 0xE805, 0xE805, 0xE805, 0xEBA4, 0xEBA4, 0xEBA4, 0xEBA4,
    0xEBA4, 0xEBA4, 0xEBA4, 0xEBA4, 0xEBA4, 0xEBA4, 0xEBA4, 0xEBA4, 0xEBA4, 0xEBA4, 0xEBA4, 0xEBA4,
    0xEBA4, 0xEBA4, 0xEBA4, 0xEBA4, 0xEBA4, 0xEBA4, 0xEBA4, 0xEBA4, 0xEBA4, 0xEBA4, 0xEBA4, 0xEBA4,
    0xEBA4, 0xEBA4, 0xEBA4, 0xEBA4, 0xEBA4, 0xEBA4, 0xEBA4, 0xEBA4, 0x68A5, 0x68A5, 0x68A5, 0x68A5,
    0x0107, 0x0107, 0x0107, 0x0107, 0x0107, 0x0107, 0x0107, 0x0107, 0x0314, 0x0314, 0x0314, 0x0314,
    0xFFFF, 0xFFFF, 0xFFFF, 0xFFFF, 0xFFFF, 0xFFFF, 0xFFFF, 0xFFFF, 0xFFFF, 0xFFFF, 0xFFFF, 0xFFFF,
    0x0314, 0x0314, 0x0314, 0x0314, 0x0314, 0x0314, 0x0314, 0x0314, 0x0314, 0x0314, 0x0314, 0x0314,
    0x0314, 0x0314, 0x0314, 0x0314, 0x0314, 0x0314, 0x0314, 0x0314, 0x0314, 0x0314, 0x0314, 0x0314,
    0x0314, 0x0314, 0x0314, 0x0314, 0x0107, 0x0107, 0x0107, 0x0107, 0x0107, 0x0107, 0x0107, 0x0107,
    0x0107, 0x0107, 0x0107, 0x0107, 0xEBA4, 0xEBA4, 0xEBA4, 0xEBA4, 0xE805, 0xE805, 0xE805, 0xE805,
    0xE805, 0xE805, 0xE805, 0xE805, 0xE805, 0xE805, 0xE805, 0xE805, 0xEBA4, 0xEBA4, 0xEBA4, 0xEBA4,
    0xEBA4, 0xEBA4, 0xEBA4, 0xEBA4, 0xEBA4, 0xEBA4, 0xEBA4, 0xEBA4, 0xEBA4, 0xEBA4, 0xEBA4, 0xEBA4,
    0xEBA4, 0xEBA4, 0xEBA4, 0xEBA4, 0xEBA4, 0xEBA4, 0xEBA4, 0xEBA4, 0xEBA4, 0xEBA4, 0xEBA4, 0xEBA4,
    0xEBA4, 0xEBA4, 0xEBA4, 0xEBA4, 0xEBA4, 0xEBA4, 0xEBA4, 0xEBA4, 0x68A5, 0x68A5, 0x68A5, 0x68A5,
    0x0107, 0x0107, 0x0107, 0x0107, 0x0107, 0x0107, 0x0107, 0x0107, 0x0314, 0x0314, 0x0314, 0x0314,
    0xFFFF, 0xFFFF, 0xFFFF, 0xFFFF, 0xFFFF, 0xFFFF, 0xFFFF, 0xFFFF, 0xFFFF, 0xFFFF, 0xFFFF, 0xFFFF,
    0x0314, 0x0314, 0x0314, 0x0314, 0x0314, 0x0314, 0x0314, 0x0314, 0x0314, 0x0314, 0x0314, 0x0314,
    0x0314, 0x0314, 0x0314, 0x0314, 0x0314, 0x0314, 0x0314, 0x0314, 0x0314, 0x0314, 0x0314, 0x0314,
    0x0107, 0x0107, 0x0107, 0x0107, 0x0107, 0x0107, 0x0107, 0x0107, 0x0107, 0x0107, 0x0107, 0x0107,
    0x68A5, 0x68A5, 0x68A5, 0x68A5, 0xFDC3, 0xFDC3, 0xFDC3, 0xFDC3, 0xE805, 0xE805, 0xE805, 0xE805,
    0xE805, 0xE805, 0xE805, 0xE805, 0xE805, 0xE805, 0xE805, 0xE805, 0xEBA4, 0xEBA4, 0xEBA4, 0xEBA4,
    0xEBA4, 0xEBA4, 0xEBA4, 0xEBA4, 0xEBA4, 0xEBA4, 0xEBA4, 0xEBA4, 0xEBA4, 0xEBA4, 0xEBA4, 0xEBA4,
    0xEBA4, 0xEBA4, 0xEBA4, 0xEBA4, 0xEBA4, 0xEBA4, 0xEBA4, 0xEBA4, 0xEBA4, 0xEBA4, 0xEBA4, 0xEBA4,
    0xEBA4, 0xEBA4, 0xEBA4, 0xEBA4, 0xEBA4, 0xEBA4, 0xEBA4, 0xEBA4, 0x0107, 0x0107, 0x0107, 0x0107,
    0x0107, 0x0107, 0x0107, 0x0107, 0x0107, 0x0107, 0x0107, 0x0107, 0xFFFF, 0xFFFF, 0xFFFF, 0xFFFF,
    0xFFFF, 0xFFFF, 0xFFFF, 0xFFFF, 0xFFFF, 0xFFFF, 0xFFFF, 0xFFFF, 0xFFFF, 0xFFFF, 0xFFFF, 0xFFFF,
    0x0314, 0x0314, 0x0314, 0x0314, 0x0314, 0x0314, 0x0314, 0x0314, 0x0314, 0x0314, 0x0314, 0x0314,
    0x0314, 0x0314, 0x0314, 0x0314, 0x0314, 0x0314, 0x0314, 0x0314, 0x0314, 0x0314, 0x0314, 0x0314,
    0x0107, 0x0107, 0x0107, 0x0107, 0x0107, 0x0107, 0x0107, 0x0107, 0x0107, 0x0107, 0x0107, 0x0107,
    0x68A5, 0x68A5, 0x68A5, 0x68A5, 0xFDC3, 0xFDC3, 0xFDC3, 0xFDC3, 0xE805, 0xE805, 0xE805, 0xE805,
    0xE805, 0xE805, 0xE805, 0xE805, 0xE805, 0xE805, 0xE805, 0xE805, 0xEBA4, 0xEBA4, 0xEBA4, 0xEBA4,
    0xEBA4, 0xEBA4, 0xEBA4, 0xEBA4, 0xEBA4, 0xEBA4, 0xEBA4, 0xEBA4, 0xEBA4, 0xEBA4, 0xEBA4, 0xEBA4,
    0xEBA4, 0xEBA4, 0xEBA4, 0xEBA4, 0xEBA4, 0xEBA4, 0xEBA4, 0xEBA4, 0xEBA4, 0xEBA4, 0xEBA4, 0xEBA4,
    0xEBA4, 0xEBA4, 0xEBA4, 0xEBA4, 0xEBA4, 0xEBA4, 0xEBA4, 0xEBA4, 0x0107, 0x0107, 0x0107, 0x0107,
    0x0107, 0x0107, 0x0107, 0x0107, 0x0107, 0x0107, 0x0107, 0x0107, 0xFFFF, 0xFFFF, 0xFFFF, 0xFFFF,
    0xFFFF, 0xFFFF, 0xFFFF, 0xFFFF, 0xFFFF, 0xFFFF, 0xFFFF, 0xFFFF, 0xFFFF, 0xFFFF, 0xFFFF, 0xFFFF,
    0x0314, 0x0314, 0x0314, 0x0314, 0x0314, 0x0314, 0x0314, 0x0314, 0x0314, 0x0314, 0x0314, 0x0314,
    0x0314, 0x0314, 0x0314, 0x0314, 0x0314, 0x0314, 0x0314, 0x0314, 0x0314, 0x0314, 0x0314, 0x0314,
    0x0107, 0x0107, 0x0107, 0x0107, 0x0107, 0x0107, 0x0107, 0x0107, 0x0107, 0x0107, 0x0107, 0x0107,
    0x68A5, 0x68A5, 0x68A5, 0x68A5, 0xFDC3, 0xFDC3, 0xFDC3, 0xFDC3, 0xE805, 0xE805, 0xE805, 0xE805,
    0xE805, 0xE805, 0xE805, 0xE805, 0xE805, 0xE805, 0xE805, 0xE805, 0xEBA4, 0xEBA4, 0xEBA4, 0xEBA4,
    0xEBA4, 0xEBA4, 0xEBA4, 0xEBA4, 0xEBA4, 0xEBA4, 0xEBA4, 0xEBA4, 0xEBA4, 0xEBA4, 0xEBA4, 0xEBA4,
    0xEBA4, 0xEBA4, 0xEBA4, 0xEBA4, 0xEBA4, 0xEBA4, 0xEBA4, 0xEBA4, 0xEBA4, 0xEBA4, 0xEBA4, 0xEBA4,
    0xEBA4, 0xEBA4, 0xEBA4, 0xEBA4, 0xEBA4, 0xEBA4, 0xEBA4, 0xEBA4, 0x0107, 0x0107, 0x0107, 0x0107,
    0x0107, 0x0107, 0x0107, 0x0107, 0x0107, 0x0107, 0x0107, 0x0107, 0xFFFF, 0xFFFF, 0xFFFF, 0xFFFF,
    0xFFFF, 0xFFFF, 0xFFFF, 0xFFFF, 0xFFFF, 0xFFFF, 0xFFFF, 0xFFFF, 0xFFFF, 0xFFFF, 0xFFFF, 0xFFFF,
    0x0314, 0x0314, 0x0314, 0x0314, 0x0314, 0x0314, 0x0314, 0x0314, 0x0314, 0x0314, 0x0314, 0x0314,
    0x0314, 0x0314, 0x0314, 0x0314, 0x0314, 0x0314, 0x0314, 0x0314, 0x0314, 0x0314, 0x0314, 0x0314,
    0x0107, 0x0107, 0x0107, 0x0107, 0x0107, 0x0107, 0x0107, 0x0107, 0x0107, 0x0107, 0x0107, 0x0107,
    0x68A5, 0x68A5, 0x68A5, 0x68A5, 0xFDC3, 0xFDC3, 0xFDC3, 0xFDC3, 0xE805, 0xE805, 0xE805, 0xE805,
    0xE805, 0xE805, 0xE805, 0xE805, 0xE805, 0xE805, 0xE805, 0xE805, 0xEBA4, 0xEBA4, 0xEBA4, 0xEBA4,
    0xEBA4, 0xEBA4, 0xEBA4, 0xEBA4, 0xEBA4, 0xEBA4, 0xEBA4, 0xEBA4, 0xEBA4, 0xEBA4, 0xEBA4, 0xEBA4,
    0xEBA4, 0xEBA4, 0xEBA4, 0xEBA4, 0xEBA4, 0xEBA4, 0xEBA4, 0xEBA4, 0xEBA4, 0xEBA4, 0xEBA4, 0xEBA4,
    0xEBA4, 0xEBA4, 0xEBA4, 0xEBA4, 0xEBA4, 0xEBA4, 0xEBA4, 0xEBA4, 0x0107, 0x0107, 0x0107, 0x0107,
    0x0107, 0x0107, 0x0107, 0x0107, 0x0107, 0x0107, 0x0107, 0x0107, 0xFFFF, 0xFFFF, 0xFFFF, 0xFFFF,
    0xFFFF, 0xFFFF, 0xFFFF, 0xFFFF, 0xFFFF, 0xFFFF, 0xFFFF, 0xFFFF, 0x0314, 0x0314, 0x0314, 0x0314,
    0x0314, 0x0314, 0x0314, 0x0314, 0x0314, 0x0314, 0x0314, 0x0314, 0x0314, 0x0314, 0x0314, 0x0314,
    0x0314, 0x0314, 0x0314, 0x0314, 0x0314, 0x0314, 0x0314, 0x0314, 0x0314, 0x0314, 0x0314, 0x0314,
    0x0107, 0x0107, 0x0107, 0x0107, 0x0107, 0x0107, 0x0107, 0x0107, 0x0107, 0x0107, 0x0107, 0x0107,
    0xFDC3, 0xFDC3, 0xFDC3, 0xFDC3, 0xFDC3, 0xFDC3, 0xFDC3, 0xFDC3, 0xEBA4, 0xEBA4, 0xEBA4, 0xEBA4,
    0xE805, 0xE805, 0xE805, 0xE805, 0xE805, 0xE805, 0xE805, 0xE805, 0xE805, 0xE805, 0xE805, 0xE805,
    0xEBA4, 0xEBA4, 0xEBA4, 0xEBA4, 0xEBA4, 0xEBA4, 0xEBA4, 0xEBA4, 0xEBA4, 0xEBA4, 0xEBA4, 0xEBA4,
    0xEBA4, 0xEBA4, 0xEBA4, 0xEBA4, 0xEBA4, 0xEBA4, 0xEBA4, 0xEBA4, 0xEBA4, 0xEBA4, 0xEBA4, 0xEBA4,
    0xEBA4, 0xEBA4, 0xEBA4, 0xEBA4, 0x68A5, 0x68A5, 0x68A5, 0x68A5, 0x0107, 0x0107, 0x0107, 0x0107,
    0x0107, 0x0107, 0x0107, 0x0107, 0x0314, 0x0314, 0x0314, 0x0314, 0xFFFF, 0xFFFF, 0xFFFF, 0xFFFF,
    0xFFFF, 0xFFFF, 0xFFFF, 0xFFFF, 0xFFFF, 0xFFFF, 0xFFFF, 0xFFFF, 0x0314, 0x0314, 0x0314, 0x0314,
    0x0314, 0x0314, 0x0314, 0x0314, 0x0314, 0x0314, 0x0314, 0x0314, 0x0314, 0x0314, 0x0314, 0x0314,
    0x0314, 0x0314, 0x0314, 0x0314, 0x0314, 0x0314, 0x0314, 0x0314, 0x0314, 0x0314, 0x0314, 0x0314,
    0x0107, 0x0107, 0x0107, 0x0107, 0x0107, 0x0107, 0x0107, 0x0107, 0x0107, 0x0107, 0x0107, 0x0107,
    0xFDC3, 0xFDC3, 0xFDC3, 0xFDC3, 0xFDC3, 0xFDC3, 0xFDC3, 0xFDC3, 0xEBA4, 0xEBA4, 0xEBA4, 0xEBA4,
    0xE805, 0xE805, 0xE805, 0xE805, 0xE805, 0xE805, 0xE805, 0xE805, 0xE805, 0xE805, 0xE805, 0xE805,
    0xEBA4, 0xEBA4, 0xEBA4, 0xEBA4, 0xEBA4, 0xEBA4, 0xEBA4, 0xEBA4, 0xEBA4, 0xEBA4, 0xEBA4, 0xEBA4,
    0xEBA4, 0xEBA4, 0xEBA4, 0xEBA4, 0xEBA4, 0xEBA4, 0xEBA4, 0xEBA4, 0xEBA4, 0xEBA4, 0xEBA4, 0xEBA4,
    0xEBA4, 0xEBA4, 0xEBA4, 0xEBA4, 0x68A5, 0x68A5, 0x68A5, 0x68A5, 0x0107, 0x0107, 0x0107, 0x0107,
    0x0107, 0x0107, 0x0107, 0x0107, 0x0314, 0x0314, 0x0314, 0x0314, 0xFFFF, 0xFFFF, 0xFFFF, 0xFFFF,
    0xFFFF, 0xFFFF, 0xFFFF, 0xFFFF, 0xFFFF, 0xFFFF, 0xFFFF, 0xFFFF, 0x0314, 0x0314, 0x0314, 0x0314,
    0x0314, 0x0314, 0x0314, 0x0314, 0x0314, 0x0314, 0x0314, 0x0314, 0x0314, 0x0314, 0x0314, 0x0314,
    0x0314, 0x0314, 0x0314, 0x0314, 0x0314, 0x0314, 0x0314, 0x0314, 0x0314, 0x0314, 0x0314, 0x0314,
    0x0107, 0x0107, 0x0107, 0x0107, 0x0107, 0x0107, 0x0107, 0x0107, 0x0107, 0x0107, 0x0107, 0x0107,
    0xFDC3, 0xFDC3, 0xFDC3, 0xFDC3, 0xFDC3, 0xFDC3, 0xFDC3, 0xFDC3, 0xEBA4, 0xEBA4, 0xEBA4, 0xEBA4,
    0xE805, 0xE805, 0xE805, 0xE805, 0xE805, 0xE805, 0xE805, 0xE805, 0xE805, 0xE805, 0xE805, 0xE805,
    0xEBA4, 0xEBA4, 0xEBA4, 0xEBA4, 0xEBA4, 0xEBA4, 0xEBA4, 0xEBA4, 0xEBA4, 0xEBA4, 0xEBA4, 0xEBA4,
    0xEBA4, 0xEBA4, 0xEBA4, 0xEBA4, 0xEBA4, 0xEBA4, 0xEBA4, 0xEBA4, 0xEBA4, 0xEBA4, 0xEBA4, 0xEBA4,
    0xEBA4, 0xEBA4, 0xEBA4, 0xEBA4, 0x68A5, 0x68A5, 0x68A5, 0x68A5, 0x0107, 0x0107, 0x0107, 0x0107,
    0x0107, 0x0107, 0x0107, 0x0107, 0x0314, 0x0314, 0x0314, 0x0314, 0xFFFF, 0xFFFF, 0xFFFF, 0xFFFF,
    0xFFFF, 0xFFFF, 0xFFFF, 0xFFFF, 0xFFFF, 0xFFFF, 0xFFFF, 0xFFFF, 0x0314, 0x0314, 0x0314, 0x0314,
    0x0314, 0x0314, 0x0314, 0x0314, 0x0314, 0x0314, 0x0314, 0x0314, 0x0314, 0x0314, 0x0314, 0x0314,
    0x0314, 0x0314, 0x0314, 0x0314, 0x0314, 0x0314, 0x0314, 0x0314, 0x0314, 0x0314, 0x0314, 0x0314,
    0x0107, 0x0107, 0x0107, 0x0107, 0x0107, 0x0107, 0x0107, 0x0107, 0x0107, 0x0107, 0x0107, 0x0107,
    0xFDC3, 0xFDC3, 0xFDC3, 0xFDC3, 0xFDC3, 0xFDC3, 0xFDC3, 0xFDC3, 0xEBA4, 0xEBA4, 0xEBA4, 0xEBA4,
    0xE805, 0xE805, 0xE805, 0xE805, 0xE805, 0xE805, 0xE805, 0xE805, 0xE805, 0xE805, 0xE805, 0xE805,
    0xEBA4, 0xEBA4, 0xEBA4, 0xEBA4, 0xEBA4, 0xEBA4, 0xEBA4, 0xEBA4, 0xEBA4, 0xEBA4, 0xEBA4, 0xEBA4,
    0xEBA4, 0xEBA4, 0xEBA4, 0xEBA4, 0xEBA4, 0xEBA4, 0xEBA4, 0xEBA4, 0xEBA4, 0xEBA4, 0xEBA4, 0xEBA4,
    0xEBA4, 0xEBA4, 0xEBA4, 0xEBA4, 0x68A5, 0x68A5, 0x68A5, 0x68A5, 0x0107, 0x0107, 0x0107, 0x0107,
    0x0107, 0x0107, 0x0107, 0x0107, 0x0314, 0x0314, 0x0314, 0x0314, 0xFFFF, 0xFFFF, 0xFFFF, 0xFFFF,
    0xFFFF, 0xFFFF, 0xFFFF, 0xFFFF, 0x0314, 0x0314, 0x0314, 0x0314, 0x0314, 0x0314, 0x0314, 0x0314,
    0x0314, 0x0314, 0x0314, 0x0314, 0x0314, 0x0314, 0x0314, 0x0314, 0x0314, 0x0314, 0x0314, 0x0314,
    0x0314, 0x0314, 0x0314, 0x0314, 0x0314, 0x0314, 0x0314, 0x0314, 0x0107, 0x0107, 0x0107, 0x0107,
    0x0107, 0x0107, 0x0107, 0x0107, 0x0107, 0x0107, 0x0107, 0x0107, 0xEBA4, 0xEBA4, 0xEBA4, 0xEBA4,
    0xFDC3, 0xFDC3, 0xFDC3, 0xFDC3, 0xFDC3, 0xFDC3, 0xFDC3, 0xFDC3, 0xEBA4, 0xEBA4, 0xEBA4, 0xEBA4,
    0x0314, 0x0314, 0x0314, 0x0314, 0x0314, 0x0314, 0x0314, 0x0314, 0x0314, 0x0314, 0x0314, 0x0314,
    0x0314, 0x0314, 0x0314, 0x0314, 0x0314, 0x0314, 0x0314, 0x0314, 0x0314, 0x0314, 0x0314, 0x0314,
    0x0107, 0x0107, 0x0107, 0x0107, 0xE805, 0xE805, 0xE805, 0xE805, 0xE805, 0xE805, 0xE805, 0xE805,
    0xE805, 0xE805, 0xE805, 0xE805, 0x68A5, 0x68A5, 0x68A5, 0x68A5, 0x0107, 0x0107, 0x0107, 0x0107,
    0x0107, 0x0107, 0x0107, 0x0107, 0xFFFF, 0xFFFF, 0xFFFF, 0xFFFF, 0xFFFF, 0xFFFF, 0xFFFF, 0xFFFF,
    0xFFFF, 0xFFFF, 0xFFFF, 0xFFFF, 0x0314, 0x0314, 0x0314, 0x0314, 0x0314, 0x0314, 0x0314, 0x0314,
    0x0314, 0x0314, 0x0314, 0x0314, 0x0314, 0x0314, 0x0314, 0x0314, 0x0314, 0x0314, 0x0314, 0x0314,
    0x0314, 0x0314, 0x0314, 0x0314, 0x0314, 0x0314, 0x0314, 0x0314, 0x0107, 0x0107, 0x0107, 0x0107,
    0x0107, 0x0107, 0x0107, 0x0107, 0x0107, 0x0107, 0x0107, 0x0107, 0xEBA4, 0xEBA4, 0xEBA4, 0xEBA4,
    0xFDC3, 0xFDC3, 0xFDC3, 0xFDC3, 0xFDC3, 0xFDC3, 0xFDC3, 0xFDC3, 0xEBA4, 0xEBA4, 0xEBA4, 0xEBA4,
    0x0314, 0x0314, 0x0314, 0x0314, 0x0314, 0x0314, 0x0314, 0x0314, 0x0314, 0x0314, 0x0314, 0x0314,
    0x0314, 0x0314, 0x0314, 0x0314, 0x0314, 0x0314, 0x0314, 0x0314, 0x0314, 0x0314, 0x0314, 0x0314,
    0x0107, 0x0107, 0x0107, 0x0107, 0xE805, 0xE805, 0xE805, 0xE805, 0xE805, 0xE805, 0xE805, 0xE805,
    0xE805, 0xE805, 0xE805, 0xE805, 0x68A5, 0x68A5, 0x68A5, 0x68A5, 0x0107, 0x0107, 0x0107, 0x0107,
    0x0107, 0x0107, 0x0107, 0x0107, 0xFFFF, 0xFFFF, 0xFFFF, 0xFFFF, 0xFFFF, 0xFFFF, 0xFFFF, 0xFFFF,
    0xFFFF, 0xFFFF, 0xFFFF, 0xFFFF, 0x0314, 0x0314, 0x0314, 0x0314, 0x0314, 0x0314, 0x0314, 0x0314,
    0x0314, 0x0314, 0x0314, 0x0314, 0x0314, 0x0314, 0x0314, 0x0314, 0x0314, 0x0314, 0x0314, 0x0314,
    0x0314, 0x0314, 0x0314, 0x0314, 0x0314, 0x0314, 0x0314, 0x0314, 0x0107, 0x0107, 0x0107, 0x0107,
    0x0107, 0x0107, 0x0107, 0x0107, 0x0107, 0x0107, 0x0107, 0x0107, 0xEBA4, 0xEBA4, 0xEBA4, 0xEBA4,
    0xFDC3, 0xFDC3, 0xFDC3, 0xFDC3, 0xFDC3, 0xFDC3, 0xFDC3, 0xFDC3, 0xEBA4, 0xEBA4, 0xEBA4, 0xEBA4,
    0x0314, 0x0314, 0x0314, 0x0314, 0x0314, 0x0314, 0x0314, 0x0314, 0x0314, 0x0314, 0x0314, 0x0314,
    0x0314, 0x0314, 0x0314, 0x0314, 0x0314, 0x0314, 0x0314, 0x0314, 0x0314, 0x0314, 0x0314, 0x0314,
    0x0107, 0x0107, 0x0107, 0x0107, 0xE805, 0xE805, 0xE805, 0xE805, 0xE805, 0xE805, 0xE805, 0xE805,
    0xE805, 0xE805, 0xE805, 0xE805, 0x68A5, 0x68A5, 0x68A5, 0x68A5, 0x0107, 0x0107, 0x0107, 0x0107,
    0x0107, 0x0107, 0x0107, 0x0107, 0xFFFF, 0xFFFF, 0xFFFF, 0xFFFF, 0xFFFF, 0xFFFF, 0xFFFF, 0xFFFF,
    0xFFFF, 0xFFFF, 0xFFFF, 0xFFFF, 0x0314, 0x0314, 0x0314, 0x0314, 0x0314, 0x0314, 0x0314, 0x0314,
    0x0314, 0x0314, 0x0314, 0x0314, 0x0314, 0x0314, 0x0314, 0x0314, 0x0314, 0x0314, 0x0314, 0x0314,
    0x0314, 0x0314, 0x0314, 0x0314, 0x0314, 0x0314, 0x0314, 0x0314, 0x0107, 0x0107, 0x0107, 0x0107,
    0x0107, 0x0107, 0x0107, 0x0107, 0x0107, 0x0107, 0x0107, 0x0107, 0xEBA4, 0xEBA4, 0xEBA4, 0xEBA4,
    0xFDC3, 0xFDC3, 0xFDC3, 0xFDC3, 0xFDC3, 0xFDC3, 0xFDC3, 0xFDC3, 0xEBA4, 0xEBA4, 0xEBA4, 0xEBA4,
    0x0314, 0x0314, 0x0314, 0x0314, 0x0314, 0x0314, 0x0314, 0x0314, 0x0314, 0x0314, 0x0314, 0x0314,
    0x0314, 0x0314, 0x0314, 0x0314, 0x0314, 0x0314, 0x0314, 0x0314, 0x0314, 0x0314, 0x0314, 0x0314,
    0x0107, 0x0107, 0x0107, 0x0107, 0xE805, 0xE805, 0xE805, 0xE805, 0xE805, 0xE805, 0xE805, 0xE805,
    0xE805, 0xE805, 0xE805, 0xE805, 0x68A5, 0x68A5, 0x68A5, 0x68A5, 0x0107, 0x0107, 0x0107, 0x0107,
    0x0107, 0x0107, 0x0107, 0x0107, 0xFFFF, 0xFFFF, 0xFFFF, 0xFFFF, 0xFFFF, 0xFFFF, 0xFFFF, 0xFFFF,
    0xFFFF, 0xFFFF, 0xFFFF, 0xFFFF, 0x0314, 0x0314, 0x0314, 0x0314, 0x0314, 0x0314, 0x0314, 0x0314,
    0x0314, 0x0314, 0x0314, 0x0314, 0x0314, 0x0314, 0x0314, 0x0314, 0x0314, 0x0314, 0x0314, 0x0314,
    0x0314, 0x0314, 0x0314, 0x0314, 0x0314, 0x0314, 0x0314, 0x0314, 0x0107, 0x0107, 0x0107, 0x0107,
    0x0107, 0x0107, 0x0107, 0x0107, 0x0107, 0x0107, 0x0107, 0x0107, 0xFDC3, 0xFDC3, 0xFDC3, 0xFDC3,
    0xFDC3, 0xFDC3, 0xFDC3, 0xFDC3, 0xFDC3, 0xFDC3, 0xFDC3, 0xFDC3, 0x0314, 0x0314, 0x0314, 0x0314,
    0x0314, 0x0314, 0x0314, 0x0314, 0x0314, 0x0314, 0x0314, 0x0314, 0x0314, 0x0314, 0x0314, 0x0314,
    0x0314, 0x0314, 0x0314, 0x0314, 0x0314, 0x0314, 0x0314, 0x0314, 0x0314, 0x0314, 0x0314, 0x0314,
    0x0107, 0x0107, 0x0107, 0x0107, 0x68A5, 0x68A5, 0x68A5, 0x68A5, 0xE805, 0xE805, 0xE805, 0xE805,
    0xE805, 0xE805, 0xE805, 0xE805, 0xE805, 0xE805, 0xE805, 0xE805, 0x0107, 0x0107, 0x0107, 0x0107,
    0x0314, 0x0314, 0x0314, 0x0314, 0xFFFF, 0xFFFF, 0xFFFF, 0xFFFF, 0xFFFF, 0xFFFF, 0xFFFF, 0xFFFF,
    0xFFFF, 0xFFFF, 0xFFFF, 0xFFFF, 0x0314, 0x0314, 0x0314, 0x0314, 0x0314, 0x0314, 0x0314, 0x0314,
    0x0314, 0x0314, 0x0314, 0x0314, 0x0314, 0x0314, 0x0314, 0x0314, 0x0314, 0x0314, 0x0314, 0x0314,
    0x0314, 0x0314, 0x0314, 0x0314, 0x0314, 0x0314, 0x0314, 0x0314, 0x0107, 0x0107, 0x0107, 0x0107,
    0x0107, 0x0107, 0x0107, 0x0107, 0x0107, 0x0107, 0x0107, 0x0107, 0xFDC3, 0xFDC3, 0xFDC3, 0xFDC3,
    0xFDC3, 0xFDC3, 0xFDC3, 0xFDC3, 0xFDC3, 0xFDC3, 0xFDC3, 0xFDC3, 0x0314, 0x0314, 0x0314, 0x0314,
    0x0314, 0x0314, 0x0314, 0x0314, 0x0314, 0x0314, 0x0314, 0x0314, 0x0314, 0x0314, 0x0314, 0x0314,
    0x0314, 0x0314, 0x0314, 0x0314, 0x0314, 0x0314, 0x0314, 0x0314, 0x0314, 0x0314, 0x0314, 0x0314,
    0x0107, 0x0107, 0x0107, 0x0107, 0x68A5, 0x68A5, 0x68A5, 0x68A5, 0xE805, 0xE805, 0xE805, 0xE805,
    0xE805, 0xE805, 0xE805, 0xE805, 0xE805, 0xE805, 0xE805, 0xE805, 0x0107, 0x0107, 0x0107, 0x0107,
    0x0314, 0x0314, 0x0314, 0x0314, 0xFFFF, 0xFFFF, 0xFFFF, 0xFFFF, 0xFFFF, 0xFFFF, 0xFFFF, 0xFFFF,
    0xFFFF, 0xFFFF, 0xFFFF, 0xFFFF, 0x0314, 0x0314, 0x0314, 0x0314, 0x0314, 0x0314, 0x0314, 0x0314,
    0x0314, 0x0314, 0x0314, 0x0314, 0x0314, 0x0314, 0x0314, 0x0314, 0x0314, 0x0314, 0x0314, 0x0314,
    0x0314, 0x0314, 0x0314, 0x0314, 0x0314, 0x0314, 0x0314, 0x0314, 0x0107, 0x0107, 0x0107, 0x0107,
    0x0107, 0x0107, 0x0107, 0x0107, 0x0107, 0x0107, 0x0107, 0x0107, 0xFDC3, 0xFDC3, 0xFDC3, 0xFDC3,
    0xFDC3, 0xFDC3, 0xFDC3, 0xFDC3, 0xFDC3, 0xFDC3, 0xFDC3, 0xFDC3, 0x0314, 0x0314, 0x0314, 0x0314,
    0x0314, 0x0314, 0x0314, 0x0314, 0x0314, 0x0314, 0x0314, 0x0314, 0x0314, 0x0314, 0x0314, 0x0314,
    0x0314, 0x0314, 0x0314, 0x0314, 0x0314, 0x0314, 0x0314, 0x0314, 0x0314, 0x0314, 0x0314, 0x0314,
    0x0107, 0x0107, 0x0107, 0x0107, 0x68A5, 0x68A5, 0x68A5, 0x68A5, 0xE805, 0xE805, 0xE805, 0xE805,
    0xE805, 0xE805, 0xE805, 0xE805, 0xE805, 0xE805, 0xE805, 0xE805, 0x0107, 0x0107, 0x0107, 0x0107,
    0x0314, 0x0314, 0x0314, 0x0314, 0xFFFF, 0xFFFF, 0xFFFF, 0xFFFF, 0xFFFF, 0xFFFF, 0xFFFF, 0xFFFF,
    0xFFFF, 0xFFFF, 0xFFFF, 0xFFFF, 0x0314, 0x0314, 0x0314, 0x0314, 0x0314, 0x0314, 0x0314, 0x0314,
    0x0314, 0x0314, 0x0314, 0x0314, 0x0314, 0x0314, 0x0314, 0x0314, 0x0314, 0x0314, 0x0314, 0x0314,
    0x0314, 0x0314, 0x0314, 0x0314, 0x0314, 0x0314, 0x0314, 0x0314, 0x0107, 0x0107, 0x0107, 0x0107,
    0x0107, 0x0107, 0x0107, 0x0107, 0x0107, 0x0107, 0x0107, 0x0107, 0xFDC3, 0xFDC3, 0xFDC3, 0xFDC3,
    0xFDC3, 0xFDC3, 0xFDC3, 0xFDC3, 0xFDC3, 0xFDC3, 0xFDC3, 0xFDC3, 0x0314, 0x0314, 0x0314, 0x0314,
    0x0314, 0x0314, 0x0314, 0x0314, 0x0314, 0x0314, 0x0314, 0x0314, 0x0314, 0x0314, 0x0314, 0x0314,
    0x0314, 0x0314, 0x0314, 0x0314, 0x0314, 0x0314, 0x0314, 0x0314, 0x0314, 0x0314, 0x0314, 0x0314,
    0x0107, 0x0107, 0x0107, 0x0107, 0x68A5, 0x68A5, 0x68A5, 0x68A5, 0xE805, 0xE805, 0xE805, 0xE805,
    0xE805, 0xE805, 0xE805, 0xE805, 0xE805, 0xE805, 0xE805, 0xE805, 0x0107, 0x0107, 0x0107, 0x0107,
    0x0314, 0x0314, 0x0314, 0x0314, 0xFFFF, 0xFFFF, 0xFFFF, 0xFFFF, 0xFFFF, 0xFFFF, 0xFFFF, 0xFFFF,
    0x0314, 0x0314, 0x0314, 0x0314, 0x0314, 0x0314, 0x0314, 0x0314, 0x0314, 0x0314, 0x0314, 0x0314,
    0x0314, 0x0314, 0x0314, 0x0314, 0x0314, 0x0314, 0x0314, 0x0314, 0x0314, 0x0314, 0x0314, 0x0314,
    0x0314, 0x0314, 0x0314, 0x0314, 0x0107, 0x0107, 0x0107, 0x0107, 0x0107, 0x0107, 0x0107, 0x0107,
    0x0107, 0x0107, 0x0107, 0x0107, 0xEBA4, 0xEBA4, 0xEBA4, 0xEBA4, 0xFDC3, 0xFDC3, 0xFDC3, 0xFDC3,
    0xFDC3, 0xFDC3, 0xFDC3, 0xFDC3, 0xEBA4, 0xEBA4, 0xEBA4, 0xEBA4, 0x0314, 0x0314, 0x0314, 0x0314,
    0x0314, 0x0314, 0x0314, 0x0314, 0x0314, 0x0314, 0x0314, 0x0314, 0x0314, 0x0314, 0x0314, 0x0314,
    0x0314, 0x0314, 0x0314, 0x0314, 0x0314, 0x0314, 0x0314, 0x0314, 0x0107, 0x0107, 0x0107, 0x0107,
    0x0107, 0x0107, 0x0107, 0x0107, 0x0107, 0x0107, 0x0107, 0x0107, 0xE805, 0xE805, 0xE805, 0xE805,
    0xE805, 0xE805, 0xE805, 0xE805, 0xE805, 0xE805, 0xE805, 0xE805, 0x68A5, 0x68A5, 0x68A5, 0x68A5,
    0xFFFF, 0xFFFF, 0xFFFF, 0xFFFF, 0xFFFF, 0xFFFF, 0xFFFF, 0xFFFF, 0xFFFF, 0xFFFF, 0xFFFF, 0xFFFF,
    0x0314, 0x0314, 0x0314, 0x0314, 0x0314, 0x0314, 0x0314, 0x0314, 0x0314, 0x0314, 0x0314, 0x0314,
    0x0314, 0x0314, 0x0314, 0x0314, 0x0314, 0x0314, 0x0314, 0x0314, 0x0314, 0x0314, 0x0314, 0x0314,
    0x0314, 0x0314, 0x0314, 0x0314, 0x0107, 0x0107, 0x0107, 0x0107, 0x0107, 0x0107, 0x0107, 0x0107,
    0x0107, 0x0107, 0x0107, 0x0107, 0xEBA4, 0xEBA4, 0xEBA4, 0xEBA4, 0xFDC3, 0xFDC3, 0xFDC3, 0xFDC3,
    0xFDC3, 0xFDC3, 0xFDC3, 0xFDC3, 0xEBA4, 0xEBA4, 0xEBA4, 0xEBA4, 0x0314, 0x0314, 0x0314, 0x0314,
    0x0314, 0x0314, 0x0314, 0x0314, 0x0314, 0x0314, 0x0314, 0x0314, 0x0314, 0x0314, 0x0314, 0x0314,
    0x0314, 0x0314, 0x0314, 0x0314, 0x0314, 0x0314, 0x0314, 0x0314, 0x0107, 0x0107, 0x0107, 0x0107,
    0x0107, 0x0107, 0x0107, 0x0107, 0x0107, 0x0107, 0x0107, 0x0107, 0xE805, 0xE805, 0xE805, 0xE805,
    0xE805, 0xE805, 0xE805, 0xE805, 0xE805, 0xE805, 0xE805, 0xE805, 0x68A5, 0x68A5, 0x68A5, 0x68A5,
    0xFFFF, 0xFFFF, 0xFFFF, 0xFFFF, 0xFFFF, 0xFFFF, 0xFFFF, 0xFFFF, 0xFFFF, 0xFFFF, 0xFFFF, 0xFFFF,
    0x0314, 0x0314, 0x0314, 0x0314, 0x0314, 0x0314, 0x0314, 0x0314, 0x0314, 0x0314, 0x0314, 0x0314,
    0x0314, 0x0314, 0x0314, 0x0314, 0x0314, 0x0314, 0x0314, 0x0314, 0x0314, 0x0314, 0x0314, 0x0314,
    0x0314, 0x0314, 0x0314, 0x0314, 0x0107, 0x0107, 0x0107, 0x0107, 0x0107, 0x0107, 0x0107, 0x0107,
    0x0107, 0x0107, 0x0107, 0x0107, 0xEBA4, 0xEBA4, 0xEBA4, 0xEBA4, 0xFDC3, 0xFDC3, 0xFDC3, 0xFDC3,
    0xFDC3, 0xFDC3, 0xFDC3, 0xFDC3, 0xEBA4, 0xEBA4, 0xEBA4, 0xEBA4, 0x0314, 0x0314, 0x0314, 0x0314,
    0x0314, 0x0314, 0x0314, 0x0314, 0x0314, 0x0314, 0x0314, 0x0314, 0x0314, 0x0314, 0x0314, 0x0314,
    0x0314, 0x0314, 0x0314, 0x0314, 0x0314, 0x0314, 0x0314, 0x0314, 0x0107, 0x0107, 0x0107, 0x0107,
    0x0107, 0x0107, 0x0107, 0x0107, 0x0107, 0x0107, 0x0107, 0x0107, 0xE805, 0xE805, 0xE805, 0xE805,
    0xE805, 0xE805, 0xE805, 0xE805, 0xE805, 0xE805, 0xE805, 0xE805, 0x68A5, 0x68A5, 0x68A5, 0x68A5,
    0xFFFF, 0xFFFF, 0xFFFF, 0xFFFF, 0xFFFF, 0xFFFF, 0xFFFF, 0xFFFF, 0xFFFF, 0xFFFF, 0xFFFF, 0xFFFF,
    0x0314, 0x0314, 0x0314, 0x0314, 0x0314, 0x0314, 0x0314, 0x0314, 0x0314, 0x0314, 0x0314, 0x0314,
    0x0314, 0x0314, 0x0314, 0x0314, 0x0314, 0x0314, 0x0314, 0x0314, 0x0314, 0x0314, 0x0314, 0x0314,
    0x0314, 0x0314, 0x0314, 0x0314, 0x0107, 0x0107, 0x0107, 0x0107, 0x0107, 0x0107, 0x0107, 0x0107,
    0x0107, 0x0107, 0x0107, 0x0107, 0xEBA4, 0xEBA4, 0xEBA4, 0xEBA4, 0xFDC3, 0xFDC3, 0xFDC3, 0xFDC3,
    0xFDC3, 0xFDC3, 0xFDC3, 0xFDC3, 0xEBA4, 0xEBA4, 0xEBA4, 0xEBA4, 0x0314, 0x0314, 0x0314, 0x0314,
    0x0314, 0x0314, 0x0314, 0x0314, 0x0314, 0x0314, 0x0314, 0x0314, 0x0314, 0x0314, 0x0314, 0x0314,
    0x0314, 0x0314, 0x0314, 0x0314, 0x0314, 0x0314, 0x0314, 0x0314, 0x0107, 0x0107, 0x0107, 0x0107,
    0x0107, 0x0107, 0x0107, 0x0107, 0x0107, 0x0107, 0x0107, 0x0107, 0xE805, 0xE805, 0xE805, 0xE805,
    0xE805, 0xE805, 0xE805, 0xE805, 0xE805, 0xE805, 0xE805, 0xE805, 0x68A5, 0x68A5, 0x68A5, 0x68A5,
    0xFFFF, 0xFFFF, 0xFFFF, 0xFFFF, 0xFFFF, 0xFFFF, 0xFFFF, 0xFFFF, 0xFFFF, 0xFFFF, 0xFFFF, 0xFFFF,
    0x0314, 0x0314, 0x0314, 0x0314, 0x0314, 0x0314, 0x0314, 0x0314, 0x0314, 0x0314, 0x0314, 0x0314,
    0x0314, 0x0314, 0x0314, 0x0314, 0x0314, 0x0314, 0x0314, 0x0314, 0x0314, 0x0314, 0x0314, 0x0314,
    0x0107, 0x0107, 0x0107, 0x0107, 0x0107, 0x0107, 0x0107, 0x0107, 0x0107, 0x0107, 0x0107, 0x0107,
    0x68A5, 0x68A5, 0x68A5, 0x68A5, 0xFDC3, 0xFDC3, 0xFDC3, 0xFDC3, 0xFDC3, 0xFDC3, 0xFDC3, 0xFDC3,
    0xFDC3, 0xFDC3, 0xFDC3, 0xFDC3, 0xE805, 0xE805, 0xE805, 0xE805, 0xE805, 0xE805, 0xE805, 0xE805,
    0xE805, 0xE805, 0xE805, 0xE805, 0xE805, 0xE805, 0xE805, 0xE805, 0xE805, 0xE805, 0xE805, 0xE805,
    0xE805, 0xE805, 0xE805, 0xE805, 0xE805, 0xE805, 0xE805, 0xE805, 0xE805, 0xE805, 0xE805, 0xE805,
    0xE805, 0xE805, 0xE805, 0xE805, 0xE805, 0xE805, 0xE805, 0xE805, 0xE805, 0xE805, 0xE805, 0xE805,
    0xE805, 0xE805, 0xE805, 0xE805, 0xE805, 0xE805, 0xE805, 0xE805, 0xE805, 0xE805, 0xE805, 0xE805,
    0xFFFF, 0xFFFF, 0xFFFF, 0xFFFF, 0xFFFF, 0xFFFF, 0xFFFF, 0xFFFF, 0xFFFF, 0xFFFF, 0xFFFF, 0xFFFF,
    0x0314, 0x0314, 0x0314, 0x0314, 0x0314, 0x0314, 0x0314, 0x0314, 0x0314, 0x0314, 0x0314, 0x0314,
    0x0314, 0x0314, 0x0314, 0x0314, 0x0314, 0x0314, 0x0314, 0x0314, 0x0314, 0x0314, 0x0314, 0x0314,
    0x0107, 0x0107, 0x0107, 0x0107, 0x0107, 0x0107, 0x0107, 0x0107, 0x0107, 0x0107, 0x0107, 0x0107,
    0x68A5, 0x68A5, 0x68A5, 0x68A5, 0xFDC3, 0xFDC3, 0xFDC3, 0xFDC3, 0xFDC3, 0xFDC3, 0xFDC3, 0xFDC3,
    0xFDC3, 0xFDC3, 0xFDC3, 0xFDC3, 0xE805, 0xE805, 0xE805, 0xE805, 0xE805, 0xE805, 0xE805, 0xE805,
    0xE805, 0xE805, 0xE805, 0xE805, 0xE805, 0xE805, 0xE805, 0xE805, 0xE805, 0xE805, 0xE805, 0xE805,
    0xE805, 0xE805, 0xE805, 0xE805, 0xE805, 0xE805, 0xE805, 0xE805, 0xE805, 0xE805, 0xE805, 0xE805,
    0xE805, 0xE805, 0xE805, 0xE805, 0xE805, 0xE805, 0xE805, 0xE805, 0xE805, 0xE805, 0xE805, 0xE805,
    0xE805, 0xE805, 0xE805, 0xE805, 0xE805, 0xE805, 0xE805, 0xE805, 0xE805, 0xE805, 0xE805, 0xE805,
    0xFFFF, 0xFFFF, 0xFFFF, 0xFFFF, 0xFFFF, 0xFFFF, 0xFFFF, 0xFFFF, 0xFFFF, 0xFFFF, 0xFFFF, 0xFFFF,
    0x0314, 0x0314, 0x0314, 0x0314, 0x0314, 0x0314, 0x0314, 0x0314, 0x0314, 0x0314, 0x0314, 0x0314,
    0x0314, 0x0314, 0x0314, 0x0314, 0x0314, 0x0314, 0x0314, 0x0314, 0x0314, 0x0314, 0x0314, 0x0314,
    0x0107, 0x0107, 0x0107, 0x0107, 0x0107, 0x0107, 0x0107, 0x0107, 0x0107, 0x0107, 0x0107, 0x0107,
    0x68A5, 0x68A5, 0x68A5, 0x68A5, 0xFDC3, 0xFDC3, 0xFDC3, 0xFDC3, 0xFDC3, 0xFDC3, 0xFDC3, 0xFDC3,
    0xFDC3, 0xFDC3, 0xFDC3, 0xFDC3, 0xE805, 0xE805, 0xE805, 0xE805, 0xE805, 0xE805, 0xE805, 0xE805,
    0xE805, 0xE805, 0xE805, 0xE805, 0xE805, 0xE805, 0xE805, 0xE805, 0xE805, 0xE805, 0xE805, 0xE805,
    0xE805, 0xE805, 0xE805, 0xE805, 0xE805, 0xE805, 0xE805, 0xE805, 0xE805, 0xE805, 0xE805, 0xE805,
    0xE805, 0xE805, 0xE805, 0xE805, 0xE805, 0xE805, 0xE805, 0xE805, 0xE805, 0xE805, 0xE805, 0xE805,
    0xE805, 0xE805, 0xE805, 0xE805, 0xE805, 0xE805, 0xE805, 0xE805, 0xE805, 0xE805, 0xE805, 0xE805,
    0xFFFF, 0xFFFF, 0xFFFF, 0xFFFF, 0xFFFF, 0xFFFF, 0xFFFF, 0xFFFF, 0xFFFF, 0xFFFF, 0xFFFF, 0xFFFF,
    0x0314, 0x0314, 0x0314, 0x0314, 0x0314, 0x0314, 0x0314, 0x0314, 0x0314, 0x0314, 0x0314, 0x0314,
    0x0314, 0x0314, 0x0314, 0x0314, 0x0314, 0x0314, 0x0314, 0x0314, 0x0314, 0x0314, 0x0314, 0x0314,
    0x0107, 0x0107, 0x0107, 0x0107, 0x0107, 0x0107, 0x0107, 0x0107, 0x0107, 0x0107, 0x0107, 0x0107,
    0x68A5, 0x68A5, 0x68A5, 0x68A5, 0xFDC3, 0xFDC3, 0xFDC3, 0xFDC3, 0xFDC3, 0xFDC3, 0xFDC3, 0xFDC3,
    0xFDC3, 0xFDC3, 0xFDC3, 0xFDC3, 0xE805, 0xE805, 0xE805, 0xE805, 0xE805, 0xE805, 0xE805, 0xE805,
    0xE805, 0xE805, 0xE805, 0xE805, 0xE805, 0xE805, 0xE805, 0xE805, 0xE805, 0xE805, 0xE805, 0xE805,
    0xE805, 0xE805, 0xE805, 0xE805, 0xE805, 0xE805, 0xE805, 0xE805, 0xE805, 0xE805, 0xE805, 0xE805,
    0xE805, 0xE805, 0xE805, 0xE805, 0xE805, 0xE805, 0xE805, 0xE805, 0xE805, 0xE805, 0xE805, 0xE805,
    0xE805, 0xE805, 0xE805, 0xE805, 0xE805, 0xE805, 0xE805, 0xE805, 0xE805, 0xE805, 0xE805, 0xE805,
    0xFFFF, 0xFFFF, 0xFFFF, 0xFFFF, 0xFFFF, 0xFFFF, 0xFFFF, 0xFFFF, 0xFFFF, 0xFFFF, 0xFFFF, 0xFFFF,
    0xFFFF, 0xFFFF, 0xFFFF, 0xFFFF, 0x0314, 0x0314, 0x0314, 0x0314, 0x0314, 0x0314, 0x0314, 0x0314,
    0x0314, 0x0314, 0x0314, 0x0314, 0x0314, 0x0314, 0x0314, 0x0314, 0x0314, 0x0314, 0x0314, 0x0314,
    0x0107, 0x0107, 0x0107, 0x0107, 0x0107, 0x0107, 0x0107, 0x0107, 0x0107, 0x0107, 0x0107, 0x0107,
    0xEBA4, 0xEBA4, 0xEBA4, 0xEBA4, 0xEBA4, 0xEBA4, 0xEBA4, 0xEBA4, 0xFDC3, 0xFDC3, 0xFDC3, 0xFDC3,
    0xEBA4, 0xEBA4, 0xEBA4, 0xEBA4, 0xE805, 0xE805, 0xE805, 0xE805, 0xE805, 0xE805, 0xE805, 0xE805,
    0xE805, 0xE805, 0xE805, 0xE805, 0xE805, 0xE805, 0xE805, 0xE805, 0xE805, 0xE805, 0xE805, 0xE805,
    0xE805, 0xE805, 0xE805, 0xE805, 0xE805, 0xE805, 0xE805, 0xE805, 0xE805, 0xE805, 0xE805, 0xE805,
    0xE805, 0xE805, 0xE805, 0xE805, 0xE805, 0xE805, 0xE805, 0xE805, 0xE805, 0xE805, 0xE805, 0xE805,
    0xE805, 0xE805, 0xE805, 0xE805, 0xE805, 0xE805, 0xE805, 0xE805, 0xE805, 0xE805, 0xE805, 0xE805,
    0xEBA4, 0xEBA4, 0xEBA4, 0xEBA4, 0xFFFF, 0xFFFF, 0xFFFF, 0xFFFF, 0xFFFF, 0xFFFF, 0xFFFF, 0xFFFF,
    0xFFFF, 0xFFFF, 0xFFFF, 0xFFFF, 0x0314, 0x0314, 0x0314, 0x0314, 0x0314, 0x0314, 0x0314, 0x0314,
    0x0314, 0x0314, 0x0314, 0x0314, 0x0314, 0x0314, 0x0314, 0x0314, 0x0314, 0x0314, 0x0314, 0x0314,
    0x0107, 0x0107, 0x0107, 0x0107, 0x0107, 0x0107, 0x0107, 0x0107, 0x0107, 0x0107, 0x0107, 0x0107,
    0xEBA4, 0xEBA4, 0xEBA4, 0xEBA4, 0xEBA4, 0xEBA4, 0xEBA4, 0xEBA4, 0xFDC3, 0xFDC3, 0xFDC3, 0xFDC3,
    0xEBA4, 0xEBA4, 0xEBA4, 0xEBA4, 0xE805, 0xE805, 0xE805, 0xE805, 0xE805, 0xE805, 0xE805, 0xE805,
    0xE805, 0xE805, 0xE805, 0xE805, 0xE805, 0xE805, 0xE805, 0xE805, 0xE805, 0xE805, 0xE805, 0xE805,
    0xE805, 0xE805, 0xE805, 0xE805, 0xE805, 0xE805, 0xE805, 0xE805, 0xE805, 0xE805, 0xE805, 0xE805,
    0xE805, 0xE805, 0xE805, 0xE805, 0xE805, 0xE805, 0xE805, 0xE805, 0xE805, 0xE805, 0xE805, 0xE805,
    0xE805, 0xE805, 0xE805, 0xE805, 0xE805, 0xE805, 0xE805, 0xE805, 0xE805, 0xE805, 0xE805, 0xE805,
    0xEBA4, 0xEBA4, 0xEBA4, 0xEBA4, 0xFFFF, 0xFFFF, 0xFFFF, 0xFFFF, 0xFFFF, 0xFFFF, 0xFFFF, 0xFFFF,
    0xFFFF, 0xFFFF, 0xFFFF, 0xFFFF, 0x0314, 0x0314, 0x0314, 0x0314, 0x0314, 0x0314, 0x0314, 0x0314,
    0x0314, 0x0314, 0x0314, 0x0314, 0x0314, 0x0314, 0x0314, 0x0314, 0x0314, 0x0314, 0x0314, 0x0314,
    0x0107, 0x0107, 0x0107, 0x0107, 0x0107, 0x0107, 0x0107, 0x0107, 0x0107, 0x0107, 0x0107, 0x0107,
    0xEBA4, 0xEBA4, 0xEBA4, 0xEBA4, 0xEBA4, 0xEBA4, 0xEBA4, 0xEBA4, 0xFDC3, 0xFDC3, 0xFDC3, 0xFDC3,
    0xEBA4, 0xEBA4, 0xEBA4, 0xEBA4, 0xE805, 0xE805, 0xE805, 0xE805, 0xE805, 0xE805, 0xE805, 0xE805,
    0xE805, 0xE805, 0xE805, 0xE805, 0xE805, 0xE805, 0xE805, 0xE805, 0xE805, 0xE805, 0xE805, 0xE805,
    0xE805, 0xE805, 0xE805, 0xE805, 0xE805, 0xE805, 0xE805, 0xE805, 0xE805, 0xE805, 0xE805, 0xE805,
    0xE805, 0xE805, 0xE805, 0xE805, 0xE805, 0xE805, 0xE805, 0xE805, 0xE805, 0xE805, 0xE805, 0xE805,
    0xE805, 0xE805, 0xE805, 0xE805, 0xE805, 0xE805, 0xE805, 0xE805, 0xE805, 0xE805, 0xE805, 0xE805,
    0xEBA4, 0xEBA4, 0xEBA4, 0xEBA4, 0xFFFF, 0xFFFF, 0xFFFF, 0xFFFF, 0xFFFF, 0xFFFF, 0xFFFF, 0xFFFF,
    0xFFFF, 0xFFFF, 0xFFFF, 0xFFFF, 0x0314, 0x0314, 0x0314, 0x0314, 0x0314, 0x0314, 0x0314, 0x0314,
    0x0314, 0x0314, 0x0314, 0x0314, 0x0314, 0x0314, 0x0314, 0x0314, 0x0314, 0x0314, 0x0314, 0x0314,
    0x0107, 0x0107, 0x0107, 0x0107, 0x0107, 0x0107, 0x0107, 0x0107, 0x0107, 0x0107, 0x0107, 0x0107,
    0xEBA4, 0xEBA4, 0xEBA4, 0xEBA4, 0xEBA4, 0xEBA4, 0xEBA4, 0xEBA4, 0xFDC3, 0xFDC3, 0xFDC3, 0xFDC3,
    0xEBA4, 0xEBA4, 0xEBA4, 0xEBA4, 0xE805, 0xE805, 0xE805, 0xE805, 0xE805, 0xE805, 0xE805, 0xE805,
    0xE805, 0xE805, 0xE805, 0xE805, 0xE805, 0xE805, 0xE805, 0xE805, 0xE805, 0xE805, 0xE805, 0xE805,
    0xE805, 0xE805, 0xE805, 0xE805, 0xE805, 0xE805, 0xE805, 0xE805, 0xE805, 0xE805, 0xE805, 0xE805,
    0xE805, 0xE805, 0xE805, 0xE805, 0xE805, 0xE805, 0xE805, 0xE805, 0xE805, 0xE805, 0xE805, 0xE805,
    0xE805, 0xE805, 0xE805, 0xE805, 0xE805, 0xE805, 0xE805, 0xE805, 0xE805, 0xE805, 0xE805, 0xE805,
    0xEBA4, 0xEBA4, 0xEBA4, 0xEBA4, 0xFFFF, 0xFFFF, 0xFFFF, 0xFFFF, 0xFFFF, 0xFFFF, 0xFFFF, 0xFFFF,
    0xFFFF, 0xFFFF, 0xFFFF, 0xFFFF, 0x0314, 0x0314, 0x0314, 0x0314, 0x0314, 0x0314, 0x0314, 0x0314,
    0x0314, 0x0314, 0x0314, 0x0314, 0x0314, 0x0314, 0x0314, 0x0314, 0x0107, 0x0107, 0x0107, 0x0107,
    0x0107, 0x0107, 0x0107, 0x0107, 0x0107, 0x0107, 0x0107, 0x0107, 0x68A5, 0x68A5, 0x68A5, 0x68A5,
    0xEBA4, 0xEBA4, 0xEBA4, 0xEBA4, 0xEBA4, 0xEBA4, 0xEBA4, 0xEBA4, 0xEBA4, 0xEBA4, 0xEBA4, 0xEBA4,
    0xE805, 0xE805, 0xE805, 0xE805, 0xE805, 0xE805, 0xE805, 0xE805, 0xE805, 0xE805, 0xE805, 0xE805,
    0xE805, 0xE805, 0xE805, 0xE805, 0xE805, 0xE805, 0xE805, 0xE805, 0xE805, 0xE805, 0xE805, 0xE805,
    0xE805, 0xE805, 0xE805, 0xE805, 0xE805, 0xE805, 0xE805, 0xE805, 0xE805, 0xE805, 0xE805, 0xE805,
    0xE805, 0xE805, 0xE805, 0xE805, 0xE805, 0xE805, 0xE805, 0xE805, 0xE805, 0xE805, 0xE805, 0xE805,
    0xE805, 0xE805, 0xE805, 0xE805, 0xE805, 0xE805, 0xE805, 0xE805, 0xE805, 0xE805, 0xE805, 0xE805,
    0xE805, 0xE805, 0xE805, 0xE805, 0xFFFF, 0xFFFF, 0xFFFF, 0xFFFF, 0xFFFF, 0xFFFF, 0xFFFF, 0xFFFF,
    0xFFFF, 0xFFFF, 0xFFFF, 0xFFFF, 0x0314, 0x0314, 0x0314, 0x0314, 0x0314, 0x0314, 0x0314, 0x0314,
    0x0314, 0x0314, 0x0314, 0x0314, 0x0314, 0x0314, 0x0314, 0x0314, 0x0107, 0x0107, 0x0107, 0x0107,
    0x0107, 0x0107, 0x0107, 0x0107, 0x0107, 0x0107, 0x0107, 0x0107, 0x68A5, 0x68A5, 0x68A5, 0x68A5,
    0xEBA4, 0xEBA4, 0xEBA4, 0xEBA4, 0xEBA4, 0xEBA4, 0xEBA4, 0xEBA4, 0xEBA4, 0xEBA4, 0xEBA4, 0xEBA4,
    0xE805, 0xE805, 0xE805, 0xE805, 0xE805, 0xE805, 0xE805, 0xE805, 0xE805, 0xE805, 0xE805, 0xE805,
    0xE805, 0xE805, 0xE805, 0xE805, 0xE805, 0xE805, 0xE805, 0xE805, 0xE805, 0xE805, 0xE805, 0xE805,
    0xE805, 0xE805, 0xE805, 0xE805, 0xE805, 0xE805, 0xE805, 0xE805, 0xE805, 0xE805, 0xE805, 0xE805,
    0xE805, 0xE805, 0xE805, 0xE805, 0xE805, 0xE805, 0xE805, 0xE805, 0xE805, 0xE805, 0xE805, 0xE805,
    0xE805, 0xE805, 0xE805, 0xE805, 0xE805, 0xE805, 0xE805, 0xE805, 0xE805, 0xE805, 0xE805, 0xE805,
    0xE805, 0xE805, 0xE805, 0xE805, 0xFFFF, 0xFFFF, 0xFFFF, 0xFFFF, 0xFFFF, 0xFFFF, 0xFFFF, 0xFFFF,
    0xFFFF, 0xFFFF, 0xFFFF, 0xFFFF, 0x0314, 0x0314, 0x0314, 0x0314, 0x0314, 0x0314, 0x0314, 0x0314,
    0x0314, 0x0314, 0x0314, 0x0314, 0x0314, 0x0314, 0x0314, 0x0314, 0x0107, 0x0107, 0x0107, 0x0107,
    0x0107, 0x0107, 0x0107, 0x0107, 0x0107, 0x0107, 0x0107, 0x0107, 0x68A5, 0x68A5, 0x68A5, 0x68A5,
    0xEBA4, 0xEBA4, 0xEBA4, 0xEBA4, 0xEBA4, 0xEBA4, 0xEBA4, 0xEBA4, 0xEBA4, 0xEBA4, 0xEBA4, 0xEBA4,
    0xE805, 0xE805, 0xE805, 0xE805, 0xE805, 0xE805, 0xE805, 0xE805, 0xE805, 0xE805, 0xE805, 0xE805,
    0xE805, 0xE805, 0xE805, 0xE805, 0xE805, 0xE805, 0xE805, 0xE805, 0xE805, 0xE805, 0xE805, 0xE805,
    0xE805, 0xE805, 0xE805, 0xE805, 0xE805, 0xE805, 0xE805, 0xE805, 0xE805, 0xE805, 0xE805, 0xE805,
    0xE805, 0xE805, 0xE805, 0xE805, 0xE805, 0xE805, 0xE805, 0xE805, 0xE805, 0xE805, 0xE805, 0xE805,
    0xE805, 0xE805, 0xE805, 0xE805, 0xE805, 0xE805, 0xE805, 0xE805, 0xE805, 0xE805, 0xE805, 0xE805,
    0xE805, 0xE805, 0xE805, 0xE805, 0xFFFF, 0xFFFF, 0xFFFF, 0xFFFF, 0xFFFF, 0xFFFF, 0xFFFF, 0xFFFF,
    0xFFFF, 0xFFFF, 0xFFFF, 0xFFFF, 0x0314, 0x0314, 0x0314, 0x0314, 0x0314, 0x0314, 0x0314, 0x0314,
    0x0314, 0x0314, 0x0314, 0x0314, 0x0314, 0x0314, 0x0314, 0x0314, 0x0107, 0x0107, 0x0107, 0x0107,
    0x0107, 0x0107, 0x0107, 0x0107, 0x0107, 0x0107, 0x0107, 0x0107, 0x68A5, 0x68A5, 0x68A5, 0x68A5,
    0xEBA4, 0xEBA4, 0xEBA4, 0xEBA4, 0xEBA4, 0xEBA4, 0xEBA4, 0xEBA4, 0xEBA4, 0xEBA4, 0xEBA4, 0xEBA4,
    0xE805, 0xE805, 0xE805, 0xE805, 0xE805, 0xE805, 0xE805, 0xE805, 0xE805, 0xE805, 0xE805, 0xE805,
    0xE805, 0xE805, 0xE805, 0xE805, 0xE805, 0xE805, 0xE805, 0xE805, 0xE805, 0xE805, 0xE805, 0xE805,
    0xE805, 0xE805, 0xE805, 0xE805, 0xE805, 0xE805, 0xE805, 0xE805, 0xE805, 0xE805, 0xE805, 0xE805,
    0xE805, 0xE805, 0xE805, 0xE805, 0xE805, 0xE805, 0xE805, 0xE805, 0xE805, 0xE805, 0xE805, 0xE805,
    0xE805, 0xE805, 0xE805, 0xE805, 0xE805, 0xE805, 0xE805, 0xE805, 0xE805, 0xE805, 0xE805, 0xE805,
    0xE805, 0xE805, 0xE805, 0xE805, 0xFFFF, 0xFFFF, 0xFFFF, 0xFFFF, 0xFFFF, 0xFFFF, 0xFFFF, 0xFFFF,
    0xFFFF, 0xFFFF, 0xFFFF, 0xFFFF, 0xFFFF, 0xFFFF, 0xFFFF, 0xFFFF, 0x0314, 0x0314, 0x0314, 0x0314,
    0x0314, 0x0314, 0x0314, 0x0314, 0x0314, 0x0314, 0x0314, 0x0314, 0x0107, 0x0107, 0x0107, 0x0107,
    0x0107, 0x0107, 0x0107, 0x0107, 0x0107, 0x0107, 0x0107, 0x0107, 0x0107, 0x0107, 0x0107, 0x0107,
    0x0107, 0x0107, 0x0107, 0x0107, 0x0107, 0x0107, 0x0107, 0x0107, 0x68A5, 0x68A5, 0x68A5, 0x68A5,
    0xE805, 0xE805, 0xE805, 0xE805, 0xE805, 0xE805, 0xE805, 0xE805, 0xE805, 0xE805, 0xE805, 0xE805,
    0x68A5, 0x68A5, 0x68A5, 0x68A5, 0x68A5, 0x68A5, 0x68A5, 0x68A5, 0x68A5, 0x68A5, 0x68A5, 0x68A5,
    0x68A5, 0x68A5, 0x68A5, 0x68A5, 0x68A5, 0x68A5, 0x68A5, 0x68A5, 0x68A5, 0x68A5, 0x68A5, 0x68A5,
    0x68A5, 0x68A5, 0x68A5, 0x68A5, 0x68A5, 0x68A5, 0x68A5, 0x68A5, 0x68A5, 0x68A5, 0x68A5, 0x68A5,
    0x68A5, 0x68A5, 0x68A5, 0x68A5, 0x68A5, 0x68A5, 0x68A5, 0x68A5, 0x68A5, 0x68A5, 0x68A5, 0x68A5,
    0x68A5, 0x68A5, 0x68A5, 0x68A5, 0xFFFF, 0xFFFF, 0xFFFF, 0xFFFF, 0xFFFF, 0xFFFF, 0xFFFF, 0xFFFF,
    0xFFFF, 0xFFFF, 0xFFFF, 0xFFFF, 0xFFFF, 0xFFFF, 0xFFFF, 0xFFFF, 0x0314, 0x0314, 0x0314, 0x0314,
    0x0314, 0x0314, 0x0314, 0x0314, 0x0314, 0x0314, 0x0314, 0x0314, 0x0107, 0x0107, 0x0107, 0x0107,
    0x0107, 0x0107, 0x0107, 0x0107, 0x0107, 0x0107, 0x0107, 0x0107, 0x0107, 0x0107, 0x0107, 0x0107,
    0x0107, 0x0107, 0x0107, 0x0107, 0x0107, 0x0107, 0x0107, 0x0107, 0x68A5, 0x68A5, 0x68A5, 0x68A5,
    0xE805, 0xE805, 0xE805, 0xE805, 0xE805, 0xE805, 0xE805, 0xE805, 0xE805, 0xE805, 0xE805, 0xE805,
    0x68A5, 0x68A5, 0x68A5, 0x68A5, 0x68A5, 0x68A5, 0x68A5, 0x68A5, 0x68A5, 0x68A5, 0x68A5, 0x68A5,
    0x68A5, 0x68A5, 0x68A5, 0x68A5, 0x68A5, 0x68A5, 0x68A5, 0x68A5, 0x68A5, 0x68A5, 0x68A5, 0x68A5,
    0x68A5, 0x68A5, 0x68A5, 0x68A5, 0x68A5, 0x68A5, 0x68A5, 0x68A5, 0x68A5, 0x68A5, 0x68A5, 0x68A5,
    0x68A5, 0x68A5, 0x68A5, 0x68A5, 0x68A5, 0x68A5, 0x68A5, 0x68A5, 0x68A5, 0x68A5, 0x68A5, 0x68A5,
    0x68A5, 0x68A5, 0x68A5, 0x68A5, 0xFFFF, 0xFFFF, 0xFFFF, 0xFFFF, 0xFFFF, 0xFFFF, 0xFFFF, 0xFFFF,
    0xFFFF, 0xFFFF, 0xFFFF, 0xFFFF, 0xFFFF, 0xFFFF, 0xFFFF, 0xFFFF, 0x0314, 0x0314, 0x0314, 0x0314,
    0x0314, 0x0314, 0x0314, 0x0314, 0x0314, 0x0314, 0x0314, 0x0314, 0x0107, 0x0107, 0x0107, 0x0107,
    0x0107, 0x0107, 0x0107, 0x0107, 0x0107, 0x0107, 0x0107, 0x0107, 0x0107, 0x0107, 0x0107, 0x0107,
    0x0107, 0x0107, 0x0107, 0x0107, 0x0107, 0x0107, 0x0107, 0x0107, 0x68A5, 0x68A5, 0x68A5, 0x68A5,
    0xE805, 0xE805, 0xE805, 0xE805, 0xE805, 0xE805, 0xE805, 0xE805, 0xE805, 0xE805, 0xE805, 0xE805,
    0x68A5, 0x68A5, 0x68A5, 0x68A5, 0x68A5, 0x68A5, 0x68A5, 0x68A5, 0x68A5, 0x68A5, 0x68A5, 0x68A5,
    0x68A5, 0x68A5, 0x68A5, 0x68A5, 0x68A5, 0x68A5, 0x68A5, 0x68A5, 0x68A5, 0x68A5, 0x68A5, 0x68A5,
    0x68A5, 0x68A5, 0x68A5, 0x68A5, 0x68A5, 0x68A5, 0x68A5, 0x68A5, 0x68A5, 0x68A5, 0x68A5, 0x68A5,
    0x68A5, 0x68A5, 0x68A5, 0x68A5, 0x68A5, 0x68A5, 0x68A5, 0x68A5, 0x68A5, 0x68A5, 0x68A5, 0x68A5,
    0x68A5, 0x68A5, 0x68A5, 0x68A5, 0xFFFF, 0xFFFF, 0xFFFF, 0xFFFF, 0xFFFF, 0xFFFF, 0xFFFF, 0xFFFF,
    0xFFFF, 0xFFFF, 0xFFFF, 0xFFFF, 0xFFFF, 0xFFFF, 0xFFFF, 0xFFFF, 0x0314, 0x0314, 0x0314, 0x0314,
    0x0314, 0x0314, 0x0314, 0x0314, 0x0314, 0x0314, 0x0314, 0x0314, 0x0107, 0x0107, 0x0107, 0x0107,
    0x0107, 0x0107, 0x0107, 0x0107, 0x0107, 0x0107, 0x0107, 0x0107, 0x0107, 0x0107, 0x0107, 0x0107,
    0x0107, 0x0107, 0x0107, 0x0107, 0x0107, 0x0107, 0x0107, 0x0107, 0x68A5, 0x68A5, 0x68A5, 0x68A5,
    0xE805, 0xE805, 0xE805, 0xE805, 0xE805, 0xE805, 0xE805, 0xE805, 0xE805, 0xE805, 0xE805, 0xE805,
    0x68A5, 0x68A5, 0x68A5, 0x68A5, 0x68A5, 0x68A5, 0x68A5, 0x68A5, 0x68A5, 0x68A5, 0x68A5, 0x68A5,
    0x68A5, 0x68A5, 0x68A5, 0x68A5, 0x68A5, 0x68A5, 0x68A5, 0x68A5, 0x68A5, 0x68A5, 0x68A5, 0x68A5,
    0x68A5, 0x68A5, 0x68A5, 0x68A5, 0x68A5, 0x68A5, 0x68A5, 0x68A5, 0x68A5, 0x68A5, 0x68A5, 0x68A5,
    0x68A5, 0x68A5, 0x68A5, 0x68A5, 0x68A5, 0x68A5, 0x68A5, 0x68A5, 0x68A5, 0x68A5, 0x68A5, 0x68A5,
    0x68A5, 0x68A5, 0x68A5, 0x68A5, 0xFFFF, 0xFFFF, 0xFFFF, 0xFFFF, 0xFFFF, 0xFFFF, 0xFFFF, 0xFFFF,
    0xFFFF, 0xFFFF, 0xFFFF, 0xFFFF, 0xFFFF, 0xFFFF, 0xFFFF, 0xFFFF, 0xFFFF, 0xFFFF, 0xFFFF, 0xFFFF,
    0x0314, 0x0314, 0x0314, 0x0314, 0x0107, 0x0107, 0x0107, 0x0107, 0x0107, 0x0107, 0x0107, 0x0107,
    0x0107, 0x0107, 0x0107, 0x0107, 0x0107, 0x0107, 0x0107, 0x0107, 0x0107, 0x0107, 0x0107, 0x0107,
    0x0107, 0x0107, 0x0107, 0x0107, 0x0107, 0x0107, 0x0107, 0x0107, 0xE805, 0xE805, 0xE805, 0xE805,
    0xE805, 0xE805, 0xE805, 0xE805, 0xE805, 0xE805, 0xE805, 0xE805, 0x68A5, 0x68A5, 0x68A5, 0x68A5,
    0x68A5, 0x68A5, 0x68A5, 0x68A5, 0x68A5, 0x68A5, 0x68A5, 0x68A5, 0x68A5, 0x68A5, 0x68A5, 0x68A5,
    0x68A5, 0x68A5, 0x68A5, 0x68A5, 0x68A5, 0x68A5, 0x68A5, 0x68A5, 0x68A5, 0x68A5, 0x68A5, 0x68A5,
    0x68A5, 0x68A5, 0x68A5, 0x68A5, 0x68A5, 0x68A5, 0x68A5, 0x68A5, 0x68A5, 0x68A5, 0x68A5, 0x68A5,
    0x68A5, 0x68A5, 0x68A5, 0x68A5, 0x68A5, 0x68A5, 0x68A5, 0x68A5, 0x68A5, 0x68A5, 0x68A5, 0x68A5,
    0xEBA4, 0xEBA4, 0xEBA4, 0xEBA4, 0xFFFF, 0xFFFF, 0xFFFF, 0xFFFF, 0xFFFF, 0xFFFF, 0xFFFF, 0xFFFF,
    0xFFFF, 0xFFFF, 0xFFFF, 0xFFFF, 0xFFFF, 0xFFFF, 0xFFFF, 0xFFFF, 0xFFFF, 0xFFFF, 0xFFFF, 0xFFFF,
    0x0314, 0x0314, 0x0314, 0x0314, 0x0107, 0x0107, 0x0107, 0x0107, 0x0107, 0x0107, 0x0107, 0x0107,
    0x0107, 0x0107, 0x0107, 0x0107, 0x0107, 0x0107, 0x0107, 0x0107, 0x0107, 0x0107, 0x0107, 0x0107,
    0x0107, 0x0107, 0x0107, 0x0107, 0x0107, 0x0107, 0x0107, 0x0107, 0xE805, 0xE805, 0xE805, 0xE805,
    0xE805, 0xE805, 0xE805, 0xE805, 0xE805, 0xE805, 0xE805, 0xE805, 0x68A5, 0x68A5, 0x68A5, 0x68A5,
    0x68A5, 0x68A5, 0x68A5, 0x68A5, 0x68A5, 0x68A5, 0x68A5, 0x68A5, 0x68A5, 0x68A5, 0x68A5, 0x68A5,
    0x68A5, 0x68A5, 0x68A5, 0x68A5, 0x68A5, 0x68A5, 0x68A5, 0x68A5, 0x68A5, 0x68A5, 0x68A5, 0x68A5,
    0x68A5, 0x68A5, 0x68A5, 0x68A5, 0x68A5, 0x68A5, 0x68A5, 0x68A5, 0x68A5, 0x68A5, 0x68A5, 0x68A5,
    0x68A5, 0x68A5, 0x68A5, 0x68A5, 0x68A5, 0x68A5, 0x68A5, 0x68A5, 0x68A5, 0x68A5, 0x68A5, 0x68A5,
    0xEBA4, 0xEBA4, 0xEBA4, 0xEBA4, 0xFFFF, 0xFFFF, 0xFFFF, 0xFFFF, 0xFFFF, 0xFFFF, 0xFFFF, 0xFFFF,
    0xFFFF, 0xFFFF, 0xFFFF, 0xFFFF, 0xFFFF, 0xFFFF, 0xFFFF, 0xFFFF, 0xFFFF, 0xFFFF, 0xFFFF, 0xFFFF,
    0x0314, 0x0314, 0x0314, 0x0314, 0x0107, 0x0107, 0x0107, 0x0107, 0x0107, 0x0107, 0x0107, 0x0107,
    0x0107, 0x0107, 0x0107, 0x0107, 0x0107, 0x0107, 0x0107, 0x0107, 0x0107, 0x0107, 0x0107, 0x0107,
    0x0107, 0x0107, 0x0107, 0x0107, 0x0107, 0x0107, 0x0107, 0x0107, 0xE805, 0xE805, 0xE805, 0xE805,
    0xE805, 0xE805, 0xE805, 0xE805, 0xE805, 0xE805, 0xE805, 0xE805, 0x68A5, 0x68A5, 0x68A5, 0x68A5,
    0x68A5, 0x68A5, 0x68A5, 0x68A5, 0x68A5, 0x68A5, 0x68A5, 0x68A5, 0x68A5, 0x68A5, 0x68A5, 0x68A5,
    0x68A5, 0x68A5, 0x68A5, 0x68A5, 0x68A5, 0x68A5, 0x68A5, 0x68A5, 0x68A5, 0x68A5, 0x68A5, 0x68A5,
    0x68A5, 0x68A5, 0x68A5, 0x68A5, 0x68A5, 0x68A5, 0x68A5, 0x68A5, 0x68A5, 0x68A5, 0x68A5, 0x68A5,
    0x68A5, 0x68A5, 0x68A5, 0x68A5, 0x68A5, 0x68A5, 0x68A5, 0x68A5, 0x68A5, 0x68A5, 0x68A5, 0x68A5,
    0xEBA4, 0xEBA4, 0xEBA4, 0xEBA4, 0xFFFF, 0xFFFF, 0xFFFF, 0xFFFF, 0xFFFF, 0xFFFF, 0xFFFF, 0xFFFF,
    0xFFFF, 0xFFFF, 0xFFFF, 0xFFFF, 0xFFFF, 0xFFFF, 0xFFFF, 0xFFFF, 0xFFFF, 0xFFFF, 0xFFFF, 0xFFFF,
    0x0314, 0x0314, 0x0314, 0x0314, 0x0107, 0x0107, 0x0107, 0x0107, 0x0107, 0x0107, 0x0107, 0x0107,
    0x0107, 0x0107, 0x0107, 0x0107, 0x0107, 0x0107, 0x0107, 0x0107, 0x0107, 0x0107, 0x0107, 0x0107,
    0x0107, 0x0107, 0x0107, 0x0107, 0x0107, 0x0107, 0x0107, 0x0107, 0xE805, 0xE805, 0xE805, 0xE805,
    0xE805, 0xE805, 0xE805, 0xE805, 0xE805, 0xE805, 0xE805, 0xE805, 0x68A5, 0x68A5, 0x68A5, 0x68A5,
    0x68A5, 0x68A5, 0x68A5, 0x68A5, 0x68A5, 0x68A5, 0x68A5, 0x68A5, 0x68A5, 0x68A5, 0x68A5, 0x68A5,
    0x68A5, 0x68A5, 0x68A5, 0x68A5, 0x68A5, 0x68A5, 0x68A5, 0x68A5, 0x68A5, 0x68A5, 0x68A5, 0x68A5,
    0x68A5, 0x68A5, 0x68A5, 0x68A5, 0x68A5, 0x68A5, 0x68A5, 0x68A5, 0x68A5, 0x68A5, 0x68A5, 0x68A5,
    0x68A5, 0x68A5, 0x68A5, 0x68A5, 0x68A5, 0x68A5, 0x68A5, 0x68A5, 0x68A5, 0x68A5, 0x68A5, 0x68A5,
    0xEBA4, 0xEBA4, 0xEBA4, 0xEBA4, 0xFFFF, 0xFFFF, 0xFFFF, 0xFFFF, 0xFFFF, 0xFFFF, 0xFFFF, 0xFFFF,
    0xFFFF, 0xFFFF, 0xFFFF, 0xFFFF, 0xFFFF, 0xFFFF, 0xFFFF, 0xFFFF, 0xFFFF, 0xFFFF, 0xFFFF, 0xFFFF,
    0x0314, 0x0314, 0x0314, 0x0314, 0x0107, 0x0107, 0x0107, 0x0107, 0x0107, 0x0107, 0x0107, 0x0107,
    0x0107, 0x0107, 0x0107, 0x0107, 0x0107, 0x0107, 0x0107, 0x0107, 0x0107, 0x0107, 0x0107, 0x0107,
    0x0107, 0x0107, 0x0107, 0x0107, 0xE805, 0xE805, 0xE805, 0xE805, 0xE805, 0xE805, 0xE805, 0xE805,
    0xE805, 0xE805, 0xE805, 0xE805, 0xE805, 0xE805, 0xE805, 0xE805, 0x68A5, 0x68A5, 0x68A5, 0x68A5,
    0x68A5, 0x68A5, 0x68A5, 0x68A5, 0x68A5, 0x68A5, 0x68A5, 0x68A5, 0x68A5, 0x68A5, 0x68A5, 0x68A5,
    0x68A5, 0x68A5, 0x68A5, 0x68A5, 0x68A5, 0x68A5, 0x68A5, 0x68A5, 0x68A5, 0x68A5, 0x68A5, 0x68A5,
    0x68A5, 0x68A5, 0x68A5, 0x68A5, 0x68A5, 0x68A5, 0x68A5, 0x68A5, 0x68A5, 0x68A5, 0x68A5, 0x68A5,
    0x68A5, 0x68A5, 0x68A5, 0x68A5, 0x68A5, 0x68A5, 0x68A5, 0x68A5, 0x68A5, 0x68A5, 0x68A5, 0x68A5,
    0xFFFF, 0xFFFF, 0xFFFF, 0xFFFF, 0xFFFF, 0xFFFF, 0xFFFF, 0xFFFF, 0xFFFF, 0xFFFF, 0xFFFF, 0xFFFF,
    0xFFFF, 0xFFFF, 0xFFFF, 0xFFFF, 0xFFFF, 0xFFFF, 0xFFFF, 0xFFFF, 0xFFFF, 0xFFFF, 0xFFFF, 0xFFFF,
    0x0314, 0x0314, 0x0314, 0x0314, 0x0107, 0x0107, 0x0107, 0x0107, 0x0107, 0x0107, 0x0107, 0x0107,
    0x0107, 0x0107, 0x0107, 0x0107, 0x0107, 0x0107, 0x0107, 0x0107, 0x0107, 0x0107, 0x0107, 0x0107,
    0x0107, 0x0107, 0x0107, 0x0107, 0xE805, 0xE805, 0xE805, 0xE805, 0xE805, 0xE805, 0xE805, 0xE805,
    0xE805, 0xE805, 0xE805, 0xE805, 0xE805, 0xE805, 0xE805, 0xE805, 0x68A5, 0x68A5, 0x68A5, 0x68A5,
    0x68A5, 0x68A5, 0x68A5, 0x68A5, 0x68A5, 0x68A5, 0x68A5, 0x68A5, 0x68A5, 0x68A5, 0x68A5, 0x68A5,
    0x68A5, 0x68A5, 0x68A5, 0x68A5, 0x68A5, 0x68A5, 0x68A5, 0x68A5, 0x68A5, 0x68A5, 0x68A5, 0x68A5,
    0x68A5, 0x68A5, 0x68A5, 0x68A5, 0x68A5, 0x68A5, 0x68A5, 0x68A5, 0x68A5, 0x68A5, 0x68A5, 0x68A5,
    0x68A5, 0x68A5, 0x68A5, 0x68A5, 0x68A5, 0x68A5, 0x68A5, 0x68A5, 0x68A5, 0x68A5, 0x68A5, 0x68A5,
    0xFFFF, 0xFFFF, 0xFFFF, 0xFFFF, 0xFFFF, 0xFFFF, 0xFFFF, 0xFFFF, 0xFFFF, 0xFFFF, 0xFFFF, 0xFFFF,
    0xFFFF, 0xFFFF, 0xFFFF, 0xFFFF, 0xFFFF, 0xFFFF, 0xFFFF, 0xFFFF, 0xFFFF, 0xFFFF, 0xFFFF, 0xFFFF,
    0x0314, 0x0314, 0x0314, 0x0314, 0x0107, 0x0107, 0x0107, 0x0107, 0x0107, 0x0107, 0x0107, 0x0107,
    0x0107, 0x0107, 0x0107, 0x0107, 0x0107, 0x0107, 0x0107, 0x0107, 0x0107, 0x0107, 0x0107, 0x0107,
    0x0107, 0x0107, 0x0107, 0x0107, 0xE805, 0xE805, 0xE805, 0xE805, 0xE805, 0xE805, 0xE805, 0xE805,
    0xE805, 0xE805, 0xE805, 0xE805, 0xE805, 0xE805, 0xE805, 0xE805, 0x68A5, 0x68A5, 0x68A5, 0x68A5,
    0x68A5, 0x68A5, 0x68A5, 0x68A5, 0x68A5, 0x68A5, 0x68A5, 0x68A5, 0x68A5, 0x68A5, 0x68A5, 0x68A5,
    0x68A5, 0x68A5, 0x68A5, 0x68A5, 0x68A5, 0x68A5, 0x68A5, 0x68A5, 0x68A5, 0x68A5, 0x68A5, 0x68A5,
    0x68A5, 0x68A5, 0x68A5, 0x68A5, 0x68A5, 0x68A5, 0x68A5, 0x68A5, 0x68A5, 0x68A5, 0x68A5, 0x68A5,
    0x68A5, 0x68A5, 0x68A5, 0x68A5, 0x68A5, 0x68A5, 0x68A5, 0x68A5, 0x68A5, 0x68A5, 0x68A5, 0x68A5,
    0xFFFF, 0xFFFF, 0xFFFF, 0xFFFF, 0xFFFF, 0xFFFF, 0xFFFF, 0xFFFF, 0xFFFF, 0xFFFF, 0xFFFF, 0xFFFF,
    0xFFFF, 0xFFFF, 0xFFFF, 0xFFFF, 0xFFFF, 0xFFFF, 0xFFFF, 0xFFFF, 0xFFFF, 0xFFFF, 0xFFFF, 0xFFFF,
    0x0314, 0x0314, 0x0314, 0x0314, 0x0107, 0x0107, 0x0107, 0x0107, 0x0107, 0x0107, 0x0107, 0x0107,
    0x0107, 0x0107, 0x0107, 0x0107, 0x0107, 0x0107, 0x0107, 0x0107, 0x0107, 0x0107, 0x0107, 0x0107,
    0x0107, 0x0107, 0x0107, 0x0107, 0xE805, 0xE805, 0xE805, 0xE805, 0xE805, 0xE805, 0xE805, 0xE805,
    0xE805, 0xE805, 0xE805, 0xE805, 0xE805, 0xE805, 0xE805, 0xE805, 0x68A5, 0x68A5, 0x68A5, 0x68A5,
    0x68A5, 0x68A5, 0x68A5, 0x68A5, 0x68A5, 0x68A5, 0x68A5, 0x68A5, 0x68A5, 0x68A5, 0x68A5, 0x68A5,
    0x68A5, 0x68A5, 0x68A5, 0x68A5, 0x68A5, 0x68A5, 0x68A5, 0x68A5, 0x68A5, 0x68A5, 0x68A5, 0x68A5,
    0x68A5, 0x68A5, 0x68A5, 0x68A5, 0x68A5, 0x68A5, 0x68A5, 0x68A5, 0x68A5, 0x68A5, 0x68A5, 0x68A5,
    0x68A5, 0x68A5, 0x68A5, 0x68A5, 0x68A5, 0x68A5, 0x68A5, 0x68A5, 0x68A5, 0x68A5, 0x68A5, 0x68A5,
    0xFFFF, 0xFFFF, 0xFFFF, 0xFFFF, 0xFFFF, 0xFFFF, 0xFFFF, 0xFFFF, 0xFFFF, 0xFFFF, 0xFFFF, 0xFFFF,
    0xFFFF, 0xFFFF, 0xFFFF, 0xFFFF, 0xFFFF, 0xFFFF, 0xFFFF, 0xFFFF, 0xFFFF, 0xFFFF, 0xFFFF, 0xFFFF,
    0xFFFF, 0xFFFF, 0xFFFF, 0xFFFF, 0xFFFF, 0xFFFF, 0xFFFF, 0xFFFF, 0xFFFF, 0xFFFF, 0xFFFF, 0xFFFF,
    0xFFFF, 0xFFFF, 0xFFFF, 0xFFFF, 0xEBA4, 0xEBA4, 0xEBA4, 0xEBA4, 0xEBA4, 0xEBA4, 0xEBA4, 0xEBA4,
    0xEBA4, 0xEBA4, 0xEBA4, 0xEBA4, 0xE805, 0xE805, 0xE805, 0xE805, 0xE805, 0xE805, 0xE805, 0xE805,
    0xE805, 0xE805, 0xE805, 0xE805, 0x68A5, 0x68A5, 0x68A5, 0x68A5, 0x68A5, 0x68A5, 0x68A5, 0x68A5,
    0x68A5, 0x68A5, 0x68A5, 0x68A5, 0x68A5, 0x68A5, 0x68A5, 0x68A5, 0x68A5, 0x68A5, 0x68A5, 0x68A5,
    0x68A5, 0x68A5, 0x68A5, 0x68A5, 0x68A5, 0x68A5, 0x68A5, 0x68A5, 0x68A5, 0x68A5, 0x68A5, 0x68A5,
    0x68A5, 0x68A5, 0x68A5, 0x68A5, 0x68A5, 0x68A5, 0x68A5, 0x68A5, 0x68A5, 0x68A5, 0x68A5, 0x68A5,
    0x68A5, 0x68A5, 0x68A5, 0x68A5, 0x68A5, 0x68A5, 0x68A5, 0x68A5, 0xFFFF, 0xFFFF, 0xFFFF, 0xFFFF,
    0xFFFF, 0xFFFF, 0xFFFF, 0xFFFF, 0xFFFF, 0xFFFF, 0xFFFF, 0xFFFF, 0xFFFF, 0xFFFF, 0xFFFF, 0xFFFF,
    0xFFFF, 0xFFFF, 0xFFFF, 0xFFFF, 0xFFFF, 0xFFFF, 0xFFFF, 0xFFFF, 0xFFFF, 0xFFFF, 0xFFFF, 0xFFFF,
    0xFFFF, 0xFFFF, 0xFFFF, 0xFFFF, 0xFFFF, 0xFFFF, 0xFFFF, 0xFFFF, 0xFFFF, 0xFFFF, 0xFFFF, 0xFFFF,
    0xFFFF, 0xFFFF, 0xFFFF, 0xFFFF, 0xEBA4, 0xEBA4, 0xEBA4, 0xEBA4, 0xEBA4, 0xEBA4, 0xEBA4, 0xEBA4,
    0xEBA4, 0xEBA4, 0xEBA4, 0xEBA4, 0xE805, 0xE805, 0xE805, 0xE805, 0xE805, 0xE805, 0xE805, 0xE805,
    0xE805, 0xE805, 0xE805, 0xE805, 0x68A5, 0x68A5, 0x68A5, 0x68A5, 0x68A5, 0x68A5, 0x68A5, 0x68A5,
    0x68A5, 0x68A5, 0x68A5, 0x68A5, 0x68A5, 0x68A5, 0x68A5, 0x68A5, 0x68A5, 0x68A5, 0x68A5, 0x68A5,
    0x68A5, 0x68A5, 0x68A5, 0x68A5, 0x68A5, 0x68A5, 0x68A5, 0x68A5, 0x68A5, 0x68A5, 0x68A5, 0x68A5,
    0x68A5, 0x68A5, 0x68A5, 0x68A5, 0x68A5, 0x68A5, 0x68A5, 0x68A5, 0x68A5, 0x68A5, 0x68A5, 0x68A5,
    0x68A5, 0x68A5, 0x68A5, 0x68A5, 0x68A5, 0x68A5, 0x68A5, 0x68A5, 0xFFFF, 0xFFFF, 0xFFFF, 0xFFFF,
    0xFFFF, 0xFFFF, 0xFFFF, 0xFFFF, 0xFFFF, 0xFFFF, 0xFFFF, 0xFFFF, 0xFFFF, 0xFFFF, 0xFFFF, 0xFFFF,
    0xFFFF, 0xFFFF, 0xFFFF, 0xFFFF, 0xFFFF, 0xFFFF, 0xFFFF, 0xFFFF, 0xFFFF, 0xFFFF, 0xFFFF, 0xFFFF,
    0xFFFF, 0xFFFF, 0xFFFF, 0xFFFF, 0xFFFF, 0xFFFF, 0xFFFF, 0xFFFF, 0xFFFF, 0xFFFF, 0xFFFF, 0xFFFF,
    0xFFFF, 0xFFFF, 0xFFFF, 0xFFFF, 0xEBA4, 0xEBA4, 0xEBA4, 0xEBA4, 0xEBA4, 0xEBA4, 0xEBA4, 0xEBA4,
    0xEBA4, 0xEBA4, 0xEBA4, 0xEBA4, 0xE805, 0xE805, 0xE805, 0xE805, 0xE805, 0xE805, 0xE805, 0xE805,
    0xE805, 0xE805, 0xE805, 0xE805, 0x68A5, 0x68A5, 0x68A5, 0x68A5, 0x68A5, 0x68A5, 0x68A5, 0x68A5,
    0x68A5, 0x68A5, 0x68A5, 0x68A5, 0x68A5, 0x68A5, 0x68A5, 0x68A5, 0x68A5, 0x68A5, 0x68A5, 0x68A5,
    0x68A5, 0x68A5, 0x68A5, 0x68A5, 0x68A5, 0x68A5, 0x68A5, 0x68A5, 0x68A5, 0x68A5, 0x68A5, 0x68A5,
    0x68A5, 0x68A5, 0x68A5, 0x68A5, 0x68A5, 0x68A5, 0x68A5, 0x68A5, 0x68A5, 0x68A5, 0x68A5, 0x68A5,
    0x68A5, 0x68A5, 0x68A5, 0x68A5, 0x68A5, 0x68A5, 0x68A5, 0x68A5, 0xFFFF, 0xFFFF, 0xFFFF, 0xFFFF,
    0xFFFF, 0xFFFF, 0xFFFF, 0xFFFF, 0xFFFF, 0xFFFF, 0xFFFF, 0xFFFF, 0xFFFF, 0xFFFF, 0xFFFF, 0xFFFF,
    0xFFFF, 0xFFFF, 0xFFFF, 0xFFFF, 0xFFFF, 0xFFFF, 0xFFFF, 0xFFFF, 0xFFFF, 0xFFFF, 0xFFFF, 0xFFFF,
    0xFFFF, 0xFFFF, 0xFFFF, 0xFFFF, 0xFFFF, 0xFFFF, 0xFFFF, 0xFFFF, 0xFFFF, 0xFFFF, 0xFFFF, 0xFFFF,
    0xFFFF, 0xFFFF, 0xFFFF, 0xFFFF, 0xEBA4, 0xEBA4, 0xEBA4, 0xEBA4, 0xEBA4, 0xEBA4, 0xEBA4, 0xEBA4,
    0xEBA4, 0xEBA4, 0xEBA4, 0xEBA4, 0xE805, 0xE805, 0xE805, 0xE805, 0xE805, 0xE805, 0xE805, 0xE805,
    0xE805, 0xE805, 0xE805, 0xE805, 0x68A5, 0x68A5, 0x68A5, 0x68A5, 0x68A5, 0x68A5, 0x68A5, 0x68A5,
    0x68A5, 0x68A5, 0x68A5, 0x68A5, 0x68A5, 0x68A5, 0x68A5, 0x68A5, 0x68A5, 0x68A5, 0x68A5, 0x68A5,
    0x68A5, 0x68A5, 0x68A5, 0x68A5, 0x68A5, 0x68A5, 0x68A5, 0x68A5, 0x68A5, 0x68A5, 0x68A5, 0x68A5,
    0x68A5, 0x68A5, 0x68A5, 0x68A5, 0x68A5, 0x68A5, 0x68A5, 0x68A5, 0x68A5, 0x68A5, 0x68A5, 0x68A5,
    0x68A5, 0x68A5, 0x68A5, 0x68A5, 0x68A5, 0x68A5, 0x68A5, 0x68A5, 0xFFFF, 0xFFFF, 0xFFFF, 0xFFFF,
    0xFFFF, 0xFFFF, 0xFFFF, 0xFFFF, 0xFFFF, 0xFFFF, 0xFFFF, 0xFFFF, 0xFFFF, 0xFFFF, 0xFFFF, 0xFFFF,
    0xFFFF, 0xFFFF, 0xFFFF, 0xFFFF, 0xFFFF, 0xFFFF, 0xFFFF, 0xFFFF, 0xFFFF, 0xFFFF, 0xFFFF, 0xFFFF,
    0xFFFF, 0xFFFF, 0xFFFF, 0xFFFF, 0xFFFF, 0xFFFF, 0xFFFF, 0xFFFF, 0xFFFF, 0xFFFF, 0xFFFF, 0xFFFF,
    0xFFFF, 0xFFFF, 0xFFFF, 0xFFFF, 0xFDC3, 0xFDC3, 0xFDC3, 0xFDC3, 0xEBA4, 0xEBA4, 0xEBA4, 0xEBA4,
    0xEBA4, 0xEBA4, 0xEBA4, 0xEBA4, 0xEBA4, 0xEBA4, 0xEBA4, 0xEBA4, 0xE805, 0xE805, 0xE805, 0xE805,
    0x68A5, 0x68A5, 0x68A5, 0x68A5, 0x68A5, 0x68A5, 0x68A5, 0x68A5, 0x68A5, 0x68A5, 0x68A5, 0x68A5,
    0x68A5, 0x68A5, 0x68A5, 0x68A5, 0x68A5, 0x68A5, 0x68A5, 0x68A5, 0x68A5, 0x68A5, 0x68A5, 0x68A5,
    0x68A5, 0x68A5, 0x68A5, 0x68A5, 0x68A5, 0x68A5, 0x68A5, 0x68A5, 0x68A5, 0x68A5, 0x68A5, 0x68A5,
    0x68A5, 0x68A5, 0x68A5, 0x68A5, 0x68A5, 0x68A5, 0x68A5, 0x68A5, 0x68A5, 0x68A5, 0x68A5, 0x68A5,
    0x68A5, 0x68A5, 0x68A5, 0x68A5, 0x68A5, 0x68A5, 0x68A5, 0x68A5, 0xFFFF, 0xFFFF, 0xFFFF, 0xFFFF,
    0xFFFF, 0xFFFF, 0xFFFF, 0xFFFF, 0xFFFF, 0xFFFF, 0xFFFF, 0xFFFF, 0xFFFF, 0xFFFF, 0xFFFF, 0xFFFF,
    0xFFFF, 0xFFFF, 0xFFFF, 0xFFFF, 0xFFFF, 0xFFFF, 0xFFFF, 0xFFFF, 0xFFFF, 0xFFFF, 0xFFFF, 0xFFFF,
    0xFFFF, 0xFFFF, 0xFFFF, 0xFFFF, 0xFFFF, 0xFFFF, 0xFFFF, 0xFFFF, 0xFFFF, 0xFFFF, 0xFFFF, 0xFFFF,
    0xFFFF, 0xFFFF, 0xFFFF, 0xFFFF, 0xFDC3, 0xFDC3, 0xFDC3, 0xFDC3, 0xEBA4, 0xEBA4, 0xEBA4, 0xEBA4,
    0xEBA4, 0xEBA4, 0xEBA4, 0xEBA4, 0xEBA4, 0xEBA4, 0xEBA4, 0xEBA4, 0xE805, 0xE805, 0xE805, 0xE805,
    0x68A5, 0x68A5, 0x68A5, 0x68A5, 0x68A5, 0x68A5, 0x68A5, 0x68A5, 0x68A5, 0x68A5, 0x68A5, 0x68A5,
    0x68A5, 0x68A5, 0x68A5, 0x68A5, 0x68A5, 0x68A5, 0x68A5, 0x68A5, 0x68A5, 0x68A5, 0x68A5, 0x68A5,
    0x68A5, 0x68A5, 0x68A5, 0x68A5, 0x68A5, 0x68A5, 0x68A5, 0x68A5, 0x68A5, 0x68A5, 0x68A5, 0x68A5,
    0x68A5, 0x68A5, 0x68A5, 0x68A5, 0x68A5, 0x68A5, 0x68A5, 0x68A5, 0x68A5, 0x68A5, 0x68A5, 0x68A5,
    0x68A5, 0x68A5, 0x68A5, 0x68A5, 0x68A5, 0x68A5, 0x68A5, 0x68A5, 0xFFFF, 0xFFFF, 0xFFFF, 0xFFFF,
    0xFFFF, 0xFFFF, 0xFFFF, 0xFFFF, 0xFFFF, 0xFFFF, 0xFFFF, 0xFFFF, 0xFFFF, 0xFFFF, 0xFFFF, 0xFFFF,
    0xFFFF, 0xFFFF, 0xFFFF, 0xFFFF, 0xFFFF, 0xFFFF, 0xFFFF, 0xFFFF, 0xFFFF, 0xFFFF, 0xFFFF, 0xFFFF,
    0xFFFF, 0xFFFF, 0xFFFF, 0xFFFF, 0xFFFF, 0xFFFF, 0xFFFF, 0xFFFF, 0xFFFF, 0xFFFF, 0xFFFF, 0xFFFF,
    0xFFFF, 0xFFFF, 0xFFFF, 0xFFFF, 0xFDC3, 0xFDC3, 0xFDC3, 0xFDC3, 0xEBA4, 0xEBA4, 0xEBA4, 0xEBA4,
    0xEBA4, 0xEBA4, 0xEBA4, 0xEBA4, 0xEBA4, 0xEBA4, 0xEBA4, 0xEBA4, 0xE805, 0xE805, 0xE805, 0xE805,
    0x68A5, 0x68A5, 0x68A5, 0x68A5, 0x68A5, 0x68A5, 0x68A5, 0x68A5, 0x68A5, 0x68A5, 0x68A5, 0x68A5,
    0x68A5, 0x68A5, 0x68A5, 0x68A5, 0x68A5, 0x68A5, 0x68A5, 0x68A5, 0x68A5, 0x68A5, 0x68A5, 0x68A5,
    0x68A5, 0x68A5, 0x68A5, 0x68A5, 0x68A5, 0x68A5, 0x68A5, 0x68A5, 0x68A5, 0x68A5, 0x68A5, 0x68A5,
    0x68A5, 0x68A5, 0x68A5, 0x68A5, 0x68A5, 0x68A5, 0x68A5, 0x68A5, 0x68A5, 0x68A5, 0x68A5, 0x68A5,
    0x68A5, 0x68A5, 0x68A5, 0x68A5, 0x68A5, 0x68A5, 0x68A5, 0x68A5, 0xFFFF, 0xFFFF, 0xFFFF, 0xFFFF,
    0xFFFF, 0xFFFF, 0xFFFF, 0xFFFF, 0xFFFF, 0xFFFF, 0xFFFF, 0xFFFF, 0xFFFF, 0xFFFF, 0xFFFF, 0xFFFF,
    0xFFFF, 0xFFFF, 0xFFFF, 0xFFFF, 0xFFFF, 0xFFFF, 0xFFFF, 0xFFFF, 0xFFFF, 0xFFFF, 0xFFFF, 0xFFFF,
    0xFFFF, 0xFFFF, 0xFFFF, 0xFFFF, 0xFFFF, 0xFFFF, 0xFFFF, 0xFFFF, 0xFFFF, 0xFFFF, 0xFFFF, 0xFFFF,
    0xFFFF, 0xFFFF, 0xFFFF, 0xFFFF, 0xFDC3, 0xFDC3, 0xFDC3, 0xFDC3, 0xEBA4, 0xEBA4, 0xEBA4, 0xEBA4,
    0xEBA4, 0xEBA4, 0xEBA4, 0xEBA4, 0xEBA4, 0xEBA4, 0xEBA4, 0xEBA4, 0xE805, 0xE805, 0xE805, 0xE805,
    0x68A5, 0x68A5, 0x68A5, 0x68A5, 0x68A5, 0x68A5, 0x68A5, 0x68A5, 0x68A5, 0x68A5, 0x68A5, 0x68A5,
    0x68A5, 0x68A5, 0x68A5, 0x68A5, 0x68A5, 0x68A5, 0x68A5, 0x68A5, 0x68A5, 0x68A5, 0x68A5, 0x68A5,
    0x68A5, 0x68A5, 0x68A5, 0x68A5, 0x68A5, 0x68A5, 0x68A5, 0x68A5, 0x68A5, 0x68A5, 0x68A5, 0x68A5,
    0x68A5, 0x68A5, 0x68A5, 0x68A5, 0x68A5, 0x68A5, 0x68A5, 0x68A5, 0x68A5, 0x68A5, 0x68A5, 0x68A5,
    0x68A5, 0x68A5, 0x68A5, 0x68A5, 0x68A5, 0x68A5, 0x68A5, 0x68A5, 0xFFFF, 0xFFFF, 0xFFFF, 0xFFFF,
    0xFFFF, 0xFFFF, 0xFFFF, 0xFFFF, 0xFFFF, 0xFFFF, 0xFFFF, 0xFFFF, 0xFFFF, 0xFFFF, 0xFFFF, 0xFFFF,
    0xFFFF, 0xFFFF, 0xFFFF, 0xFFFF, 0xFFFF, 0xFFFF, 0xFFFF, 0xFFFF, 0xFFFF, 0xFFFF, 0xFFFF, 0xFFFF,
    0xFFFF, 0xFFFF, 0xFFFF, 0xFFFF, 0xFFFF, 0xFFFF, 0xFFFF, 0xFFFF, 0xFFFF, 0xFFFF, 0xFFFF, 0xFFFF,
    0xFFFF, 0xFFFF, 0xFFFF, 0xFFFF, 0xFFFF, 0xFFFF, 0xFFFF, 0xFFFF, 0xEBA4, 0xEBA4, 0xEBA4, 0xEBA4,
    0xEBA4, 0xEBA4, 0xEBA4, 0xEBA4, 0xEBA4, 0xEBA4, 0xEBA4, 0xEBA4, 0xE805, 0xE805, 0xE805, 0xE805,
    0x68A5, 0x68A5, 0x68A5, 0x68A5, 0x68A5, 0x68A5, 0x68A5, 0x68A5, 0x68A5, 0x68A5, 0x68A5, 0x68A5,
    0x68A5, 0x68A5, 0x68A5, 0x68A5, 0x68A5, 0x68A5, 0x68A5, 0x68A5, 0x68A5, 0x68A5, 0x68A5, 0x68A5,
    0x68A5, 0x68A5, 0x68A5, 0x68A5, 0x68A5, 0x68A5, 0x68A5, 0x68A5, 0x68A5, 0x68A5, 0x68A5, 0x68A5,
    0x68A5, 0x68A5, 0x68A5, 0x68A5, 0x68A5, 0x68A5, 0x68A5, 0x68A5, 0x68A5, 0x68A5, 0x68A5, 0x68A5,
    0x68A5, 0x68A5, 0x68A5, 0x68A5, 0xFFFF, 0xFFFF, 0xFFFF, 0xFFFF, 0xFFFF, 0xFFFF, 0xFFFF, 0xFFFF,
    0xFFFF, 0xFFFF, 0xFFFF, 0xFFFF, 0xFFFF, 0xFFFF, 0xFFFF, 0xFFFF, 0xFFFF, 0xFFFF, 0xFFFF, 0xFFFF,
    0xFFFF, 0xFFFF, 0xFFFF, 0xFFFF, 0xFFFF, 0xFFFF, 0xFFFF, 0xFFFF, 0xFFFF, 0xFFFF, 0xFFFF, 0xFFFF,
    0xFFFF, 0xFFFF, 0xFFFF, 0xFFFF, 0xFFFF, 0xFFFF, 0xFFFF, 0xFFFF, 0xFFFF, 0xFFFF, 0xFFFF, 0xFFFF,
    0xFFFF, 0xFFFF, 0xFFFF, 0xFFFF, 0xFFFF, 0xFFFF, 0xFFFF, 0xFFFF, 0xEBA4, 0xEBA4, 0xEBA4, 0xEBA4,
    0xEBA4, 0xEBA4, 0xEBA4, 0xEBA4, 0xEBA4, 0xEBA4, 0xEBA4, 0xEBA4, 0xE805, 0xE805, 0xE805, 0xE805,
    0x68A5, 0x68A5, 0x68A5, 0x68A5, 0x68A5, 0x68A5, 0x68A5, 0x68A5, 0x68A5, 0x68A5, 0x68A5, 0x68A5,
    0x68A5, 0x68A5, 0x68A5, 0x68A5, 0x68A5, 0x68A5, 0x68A5, 0x68A5, 0x68A5, 0x68A5, 0x68A5, 0x68A5,
    0x68A5, 0x68A5, 0x68A5, 0x68A5, 0x68A5, 0x68A5, 0x68A5, 0x68A5, 0x68A5, 0x68A5, 0x68A5, 0x68A5,
    0x68A5, 0x68A5, 0x68A5, 0x68A5, 0x68A5, 0x68A5, 0x68A5, 0x68A5, 0x68A5, 0x68A5, 0x68A5, 0x68A5,
    0x68A5, 0x68A5, 0x68A5, 0x68A5, 0xFFFF, 0xFFFF, 0xFFFF, 0xFFFF, 0xFFFF, 0xFFFF, 0xFFFF, 0xFFFF,
    0xFFFF, 0xFFFF, 0xFFFF, 0xFFFF, 0xFFFF, 0xFFFF, 0xFFFF, 0xFFFF, 0xFFFF, 0xFFFF, 0xFFFF, 0xFFFF,
    0xFFFF, 0xFFFF, 0xFFFF, 0xFFFF, 0xFFFF, 0xFFFF, 0xFFFF, 0xFFFF, 0xFFFF, 0xFFFF, 0xFFFF, 0xFFFF,
    0xFFFF, 0xFFFF, 0xFFFF, 0xFFFF, 0xFFFF, 0xFFFF, 0xFFFF, 0xFFFF, 0xFFFF, 0xFFFF, 0xFFFF, 0xFFFF,
    0xFFFF, 0xFFFF, 0xFFFF, 0xFFFF, 0xFFFF, 0xFFFF, 0xFFFF, 0xFFFF, 0xEBA4, 0xEBA4, 0xEBA4, 0xEBA4,
    0xEBA4, 0xEBA4, 0xEBA4, 0xEBA4, 0xEBA4, 0xEBA4, 0xEBA4, 0xEBA4, 0xE805, 0xE805, 0xE805, 0xE805,
    0x68A5, 0x68A5, 0x68A5, 0x68A5, 0x68A5, 0x68A5, 0x68A5, 0x68A5, 0x68A5, 0x68A5, 0x68A5, 0x68A5,
    0x68A5, 0x68A5, 0x68A5, 0x68A5, 0x68A5, 0x68A5, 0x68A5, 0x68A5, 0x68A5, 0x68A5, 0x68A5, 0x68A5,
    0x68A5, 0x68A5, 0x68A5, 0x68A5, 0x68A5, 0x68A5, 0x68A5, 0x68A5, 0x68A5, 0x68A5, 0x68A5, 0x68A5,
    0x68A5, 0x68A5, 0x68A5, 0x68A5, 0x68A5, 0x68A5, 0x68A5, 0x68A5, 0x68A5, 0x68A5, 0x68A5, 0x68A5,
    0x68A5, 0x68A5, 0x68A5, 0x68A5, 0xFFFF, 0xFFFF, 0xFFFF, 0xFFFF, 0xFFFF, 0xFFFF, 0xFFFF, 0xFFFF,
    0xFFFF, 0xFFFF, 0xFFFF, 0xFFFF, 0xFFFF, 0xFFFF, 0xFFFF, 0xFFFF, 0xFFFF, 0xFFFF, 0xFFFF, 0xFFFF,
    0xFFFF, 0xFFFF, 0xFFFF, 0xFFFF, 0xFFFF, 0xFFFF, 0xFFFF, 0xFFFF, 0xFFFF, 0xFFFF, 0xFFFF, 0xFFFF,
    0xFFFF, 0xFFFF, 0xFFFF, 0xFFFF, 0xFFFF, 0xFFFF, 0xFFFF, 0xFFFF, 0xFFFF, 0xFFFF, 0xFFFF, 0xFFFF,
    0xFFFF, 0xFFFF, 0xFFFF, 0xFFFF, 0xFFFF, 0xFFFF, 0xFFFF, 0xFFFF, 0xEBA4, 0xEBA4, 0xEBA4, 0xEBA4,
    0xEBA4, 0xEBA4, 0xEBA4, 0xEBA4, 0xEBA4, 0xEBA4, 0xEBA4, 0xEBA4, 0xE805, 0xE805, 0xE805, 0xE805,
    0x68A5, 0x68A5, 0x68A5, 0x68A5, 0x68A5, 0x68A5, 0x68A5, 0x68A5, 0x68A5, 0x68A5, 0x68A5, 0x68A5,
    0x68A5, 0x68A5, 0x68A5, 0x68A5, 0x68A5, 0x68A5, 0x68A5, 0x68A5, 0x68A5, 0x68A5, 0x68A5, 0x68A5,
    0x68A5, 0x68A5, 0x68A5, 0x68A5, 0x68A5, 0x68A5, 0x68A5, 0x68A5, 0x68A5, 0x68A5, 0x68A5, 0x68A5,
    0x68A5, 0x68A5, 0x68A5, 0x68A5, 0x68A5, 0x68A5, 0x68A5, 0x68A5, 0x68A5, 0x68A5, 0x68A5, 0x68A5,
    0x68A5, 0x68A5, 0x68A5, 0x68A5, 0xFFFF, 0xFFFF, 0xFFFF, 0xFFFF, 0xFFFF, 0xFFFF, 0xFFFF, 0xFFFF,
    0xFFFF, 0xFFFF, 0xFFFF, 0xFFFF, 0xFFFF, 0xFFFF, 0xFFFF, 0xFFFF, 0xFFFF, 0xFFFF, 0xFFFF, 0xFFFF,
    0xFFFF, 0xFFFF, 0xFFFF, 0xFFFF, 0xFFFF, 0xFFFF, 0xFFFF, 0xFFFF, 0xFFFF, 0xFFFF, 0xFFFF, 0xFFFF,
    0xFFFF, 0xFFFF, 0xFFFF, 0xFFFF, 0xFFFF, 0xFFFF, 0xFFFF, 0xFFFF, 0xFFFF, 0xFFFF, 0xFFFF, 0xFFFF,
    0xFFFF, 0xFFFF, 0xFFFF, 0xFFFF, 0xFFFF, 0xFFFF, 0xFFFF, 0xFFFF, 0xFFFF, 0xFFFF, 0xFFFF, 0xFFFF,
    0xEBA4, 0xEBA4, 0xEBA4, 0xEBA4, 0xEBA4, 0xEBA4, 0xEBA4, 0xEBA4, 0xEBA4, 0xEBA4, 0xEBA4, 0xEBA4,
    0xEBA4, 0xEBA4, 0xEBA4, 0xEBA4, 0xEBA4, 0xEBA4, 0xEBA4, 0xEBA4, 0xEBA4, 0xEBA4, 0xEBA4, 0xEBA4,
    0xEBA4, 0xEBA4, 0xEBA4, 0xEBA4, 0xEBA4, 0xEBA4, 0xEBA4, 0xEBA4, 0xEBA4, 0xEBA4, 0xEBA4, 0xEBA4,
    0xFFFF, 0xFFFF, 0xFFFF, 0xFFFF, 0xFFFF, 0xFFFF, 0xFFFF, 0xFFFF, 0xFFFF, 0xFFFF, 0xFFFF, 0xFFFF,
    0xFFFF, 0xFFFF, 0xFFFF, 0xFFFF, 0xFFFF, 0xFFFF, 0xFFFF, 0xFFFF, 0xFFFF, 0xFFFF, 0xFFFF, 0xFFFF,
    0xFFFF, 0xFFFF, 0xFFFF, 0xFFFF, 0xFFFF, 0xFFFF, 0xFFFF, 0xFFFF, 0xFFFF, 0xFFFF, 0xFFFF, 0xFFFF,
    0xFFFF, 0xFFFF, 0xFFFF, 0xFFFF, 0xFFFF, 0xFFFF, 0xFFFF, 0xFFFF, 0xFFFF, 0xFFFF, 0xFFFF, 0xFFFF,
    0xFFFF, 0xFFFF, 0xFFFF, 0xFFFF, 0xFFFF, 0xFFFF, 0xFFFF, 0xFFFF, 0xFFFF, 0xFFFF, 0xFFFF, 0xFFFF,
    0xFFFF, 0xFFFF, 0xFFFF, 0xFFFF, 0xFFFF, 0xFFFF, 0xFFFF, 0xFFFF, 0xFFFF, 0xFFFF, 0xFFFF, 0xFFFF,
    0xFFFF, 0xFFFF, 0xFFFF, 0xFFFF, 0xFFFF, 0xFFFF, 0xFFFF, 0xFFFF, 0xFFFF, 0xFFFF, 0xFFFF, 0xFFFF,
    0xEBA4, 0xEBA4, 0xEBA4, 0xEBA4, 0xEBA4, 0xEBA4, 0xEBA4, 0xEBA4, 0xEBA4, 0xEBA4, 0xEBA4, 0xEBA4,
    0xEBA4, 0xEBA4, 0xEBA4, 0xEBA4, 0xEBA4, 0xEBA4, 0xEBA4, 0xEBA4, 0xEBA4, 0xEBA4, 0xEBA4, 0xEBA4,
    0xEBA4, 0xEBA4, 0xEBA4, 0xEBA4, 0xEBA4, 0xEBA4, 0xEBA4, 0xEBA4, 0xEBA4, 0xEBA4, 0xEBA4, 0xEBA4,
    0xFFFF, 0xFFFF, 0xFFFF, 0xFFFF, 0xFFFF, 0xFFFF, 0xFFFF, 0xFFFF, 0xFFFF, 0xFFFF, 0xFFFF, 0xFFFF,
    0xFFFF, 0xFFFF, 0xFFFF, 0xFFFF, 0xFFFF, 0xFFFF, 0xFFFF, 0xFFFF, 0xFFFF, 0xFFFF, 0xFFFF, 0xFFFF,
    0xFFFF, 0xFFFF, 0xFFFF, 0xFFFF, 0xFFFF, 0xFFFF, 0xFFFF, 0xFFFF, 0xFFFF, 0xFFFF, 0xFFFF, 0xFFFF,
    0xFFFF, 0xFFFF, 0xFFFF, 0xFFFF, 0xFFFF, 0xFFFF, 0xFFFF, 0xFFFF, 0xFFFF, 0xFFFF, 0xFFFF, 0xFFFF,
    0xFFFF, 0xFFFF, 0xFFFF, 0xFFFF, 0xFFFF, 0xFFFF, 0xFFFF, 0xFFFF, 0xFFFF, 0xFFFF, 0xFFFF, 0xFFFF,
    0xFFFF, 0xFFFF, 0xFFFF, 0xFFFF, 0xFFFF, 0xFFFF, 0xFFFF, 0xFFFF, 0xFFFF, 0xFFFF, 0xFFFF, 0xFFFF,
    0xFFFF, 0xFFFF, 0xFFFF, 0xFFFF, 0xFFFF, 0xFFFF, 0xFFFF, 0xFFFF, 0xFFFF, 0xFFFF, 0xFFFF, 0xFFFF,
    0xEBA4, 0xEBA4, 0xEBA4, 0xEBA4, 0xEBA4, 0xEBA4, 0xEBA4, 0xEBA4, 0xEBA4, 0xEBA4, 0xEBA4, 0xEBA4,
    0xEBA4, 0xEBA4, 0xEBA4, 0xEBA4, 0xEBA4, 0xEBA4, 0xEBA4, 0xEBA4, 0xEBA4, 0xEBA4, 0xEBA4, 0xEBA4,
    0xEBA4, 0xEBA4, 0xEBA4, 0xEBA4, 0xEBA4, 0xEBA4, 0xEBA4, 0xEBA4, 0xEBA4, 0xEBA4, 0xEBA4, 0xEBA4,
    0xFFFF, 0xFFFF, 0xFFFF, 0xFFFF, 0xFFFF, 0xFFFF, 0xFFFF, 0xFFFF, 0xFFFF, 0xFFFF, 0xFFFF, 0xFFFF,
    0xFFFF, 0xFFFF, 0xFFFF, 0xFFFF, 0xFFFF, 0xFFFF, 0xFFFF, 0xFFFF, 0xFFFF, 0xFFFF, 0xFFFF, 0xFFFF,
    0xFFFF, 0xFFFF, 0xFFFF, 0xFFFF, 0xFFFF, 0xFFFF, 0xFFFF, 0xFFFF, 0xFFFF, 0xFFFF, 0xFFFF, 0xFFFF,
    0xFFFF, 0xFFFF, 0xFFFF, 0xFFFF, 0xFFFF, 0xFFFF, 0xFFFF, 0xFFFF, 0xFFFF, 0xFFFF, 0xFFFF, 0xFFFF,
    0xFFFF, 0xFFFF, 0xFFFF, 0xFFFF, 0xFFFF, 0xFFFF, 0xFFFF, 0xFFFF, 0xFFFF, 0xFFFF, 0xFFFF, 0xFFFF,
    0xFFFF, 0xFFFF, 0xFFFF, 0xFFFF, 0xFFFF, 0xFFFF, 0xFFFF, 0xFFFF, 0xFFFF, 0xFFFF, 0xFFFF, 0xFFFF,
    0xFFFF, 0xFFFF, 0xFFFF, 0xFFFF, 0xFFFF, 0xFFFF, 0xFFFF, 0xFFFF, 0xFFFF, 0xFFFF, 0xFFFF, 0xFFFF,
    0xEBA4, 0xEBA4, 0xEBA4, 0xEBA4, 0xEBA4, 0xEBA4, 0xEBA4, 0xEBA4, 0xEBA4, 0xEBA4, 0xEBA4, 0xEBA4,
    0xEBA4, 0xEBA4, 0xEBA4, 0xEBA4, 0xEBA4, 0xEBA4, 0xEBA4, 0xEBA4, 0xEBA4, 0xEBA4, 0xEBA4, 0xEBA4,
    0xEBA4, 0xEBA4, 0xEBA4, 0xEBA4, 0xEBA4, 0xEBA4, 0xEBA4, 0xEBA4, 0xEBA4, 0xEBA4, 0xEBA4, 0xEBA4,
    0xFFFF, 0xFFFF, 0xFFFF, 0xFFFF, 0xFFFF, 0xFFFF, 0xFFFF, 0xFFFF, 0xFFFF, 0xFFFF, 0xFFFF, 0xFFFF,
    0xFFFF, 0xFFFF, 0xFFFF, 0xFFFF, 0xFFFF, 0xFFFF, 0xFFFF, 0xFFFF, 0xFFFF, 0xFFFF, 0xFFFF, 0xFFFF,
    0xFFFF, 0xFFFF, 0xFFFF, 0xFFFF, 0xFFFF, 0xFFFF, 0xFFFF, 0xFFFF, 0xFFFF, 0xFFFF, 0xFFFF, 0xFFFF,
    0xFFFF, 0xFFFF, 0xFFFF, 0xFFFF, 0xFFFF, 0xFFFF, 0xFFFF, 0xFFFF, 0xFFFF, 0xFFFF, 0xFFFF, 0xFFFF,
    0xFFFF, 0xFFFF, 0xFFFF, 0xFFFF, 0xFFFF, 0xFFFF, 0xFFFF, 0xFFFF, 0xFFFF, 0xFFFF, 0xFFFF, 0xFFFF,
    0xFFFF, 0xFFFF, 0xFFFF, 0xFFFF, 0xFFFF, 0xFFFF, 0xFFFF, 0xFFFF, 0xFFFF, 0xFFFF, 0xFFFF, 0xFFFF,
    0xFFFF, 0xFFFF, 0xFFFF, 0xFFFF, 0xFFFF, 0xFFFF, 0xFFFF, 0xFFFF, 0xFFFF, 0xFFFF, 0xFFFF, 0xFFFF,
    0xEBA4, 0xEBA4, 0xEBA4, 0xEBA4, 0xEBA4, 0xEBA4, 0xEBA4, 0xEBA4, 0xEBA4, 0xEBA4, 0xEBA4, 0xEBA4,
    0xEBA4, 0xEBA4, 0xEBA4, 0xEBA4, 0xEBA4, 0xEBA4, 0xEBA4, 0xEBA4, 0xEBA4, 0xEBA4, 0xEBA4, 0xEBA4,
    0xEBA4, 0xEBA4, 0xEBA4, 0xEBA4, 0xEBA4, 0xEBA4, 0xEBA4, 0xEBA4, 0xFDC3, 0xFDC3, 0xFDC3, 0xFDC3,
    0xFFFF, 0xFFFF, 0xFFFF, 0xFFFF, 0xFFFF, 0xFFFF, 0xFFFF, 0xFFFF, 0xFFFF, 0xFFFF, 0xFFFF, 0xFFFF,
    0xFFFF, 0xFFFF, 0xFFFF, 0xFFFF, 0xFFFF, 0xFFFF, 0xFFFF, 0xFFFF, 0xFFFF, 0xFFFF, 0xFFFF, 0xFFFF,
    0xFFFF, 0xFFFF, 0xFFFF, 0xFFFF, 0xFFFF, 0xFFFF, 0xFFFF, 0xFFFF, 0xFFFF, 0xFFFF, 0xFFFF, 0xFFFF,
    0xFFFF, 0xFFFF, 0xFFFF, 0xFFFF, 0xFFFF, 0xFFFF, 0xFFFF, 0xFFFF, 0xFFFF, 0xFFFF, 0xFFFF, 0xFFFF,
    0xFFFF, 0xFFFF, 0xFFFF, 0xFFFF, 0xFFFF, 0xFFFF, 0xFFFF, 0xFFFF, 0xFFFF, 0xFFFF, 0xFFFF, 0xFFFF,
    0xFFFF, 0xFFFF, 0xFFFF, 0xFFFF, 0xFFFF, 0xFFFF, 0xFFFF, 0xFFFF, 0xFFFF, 0xFFFF, 0xFFFF, 0xFFFF,
    0xFFFF, 0xFFFF, 0xFFFF, 0xFFFF, 0xFFFF, 0xFFFF, 0xFFFF, 0xFFFF, 0xFFFF, 0xFFFF, 0xFFFF, 0xFFFF,
    0xEBA4, 0xEBA4, 0xEBA4, 0xEBA4, 0xEBA4, 0xEBA4, 0xEBA4, 0xEBA4, 0xEBA4, 0xEBA4, 0xEBA4, 0xEBA4,
    0xEBA4, 0xEBA4, 0xEBA4, 0xEBA4, 0xEBA4, 0xEBA4, 0xEBA4, 0xEBA4, 0xEBA4, 0xEBA4, 0xEBA4, 0xEBA4,
    0xEBA4, 0xEBA4, 0xEBA4, 0xEBA4, 0xEBA4, 0xEBA4, 0xEBA4, 0xEBA4, 0xFDC3, 0xFDC3, 0xFDC3, 0xFDC3,
    0xFFFF, 0xFFFF, 0xFFFF, 0xFFFF, 0xFFFF, 0xFFFF, 0xFFFF, 0xFFFF, 0xFFFF, 0xFFFF, 0xFFFF, 0xFFFF,
    0xFFFF, 0xFFFF, 0xFFFF, 0xFFFF, 0xFFFF, 0xFFFF, 0xFFFF, 0xFFFF, 0xFFFF, 0xFFFF, 0xFFFF, 0xFFFF,
    0xFFFF, 0xFFFF, 0xFFFF, 0xFFFF, 0xFFFF, 0xFFFF, 0xFFFF, 0xFFFF, 0xFFFF, 0xFFFF, 0xFFFF, 0xFFFF,
    0xFFFF, 0xFFFF, 0xFFFF, 0xFFFF, 0xFFFF, 0xFFFF, 0xFFFF, 0xFFFF, 0xFFFF, 0xFFFF, 0xFFFF, 0xFFFF,
    0xFFFF, 0xFFFF, 0xFFFF, 0xFFFF, 0xFFFF, 0xFFFF, 0xFFFF, 0xFFFF, 0xFFFF, 0xFFFF, 0xFFFF, 0xFFFF,
    0xFFFF, 0xFFFF, 0xFFFF, 0xFFFF, 0xFFFF, 0xFFFF, 0xFFFF, 0xFFFF, 0xFFFF, 0xFFFF, 0xFFFF, 0xFFFF,
    0xFFFF, 0xFFFF, 0xFFFF, 0xFFFF, 0xFFFF, 0xFFFF, 0xFFFF, 0xFFFF, 0xFFFF, 0xFFFF, 0xFFFF, 0xFFFF,
    0xEBA4, 0xEBA4, 0xEBA4, 0xEBA4, 0xEBA4, 0xEBA4, 0xEBA4, 0xEBA4, 0xEBA4, 0xEBA4, 0xEBA4, 0xEBA4,
    0xEBA4, 0xEBA4, 0xEBA4, 0xEBA4, 0xEBA4, 0xEBA4, 0xEBA4, 0xEBA4, 0xEBA4, 0xEBA4, 0xEBA4, 0xEBA4,
    0xEBA4, 0xEBA4, 0xEBA4, 0xEBA4, 0xEBA4, 0xEBA4, 0xEBA4, 0xEBA4, 0xFDC3, 0xFDC3, 0xFDC3, 0xFDC3,
    0xFFFF, 0xFFFF, 0xFFFF, 0xFFFF, 0xFFFF, 0xFFFF, 0xFFFF, 0xFFFF, 0xFFFF, 0xFFFF, 0xFFFF, 0xFFFF,
    0xFFFF, 0xFFFF, 0xFFFF, 0xFFFF, 0xFFFF, 0xFFFF, 0xFFFF, 0xFFFF, 0xFFFF, 0xFFFF, 0xFFFF, 0xFFFF,
    0xFFFF, 0xFFFF, 0xFFFF, 0xFFFF, 0xFFFF, 0xFFFF, 0xFFFF, 0xFFFF, 0xFFFF, 0xFFFF, 0xFFFF, 0xFFFF,
    0xFFFF, 0xFFFF, 0xFFFF, 0xFFFF, 0xFFFF, 0xFFFF, 0xFFFF, 0xFFFF, 0xFFFF, 0xFFFF, 0xFFFF, 0xFFFF,
    0xFFFF, 0xFFFF, 0xFFFF, 0xFFFF, 0xFFFF, 0xFFFF, 0xFFFF, 0xFFFF, 0xFFFF, 0xFFFF, 0xFFFF, 0xFFFF,
    0xFFFF, 0xFFFF, 0xFFFF, 0xFFFF, 0xFFFF, 0xFFFF, 0xFFFF, 0xFFFF, 0xFFFF, 0xFFFF, 0xFFFF, 0xFFFF,
    0xFFFF, 0xFFFF, 0xFFFF, 0xFFFF, 0xFFFF, 0xFFFF, 0xFFFF, 0xFFFF, 0xFFFF, 0xFFFF, 0xFFFF, 0xFFFF,
    0xEBA4, 0xEBA4, 0xEBA4, 0xEBA4, 0xEBA4, 0xEBA4, 0xEBA4, 0xEBA4, 0xEBA4, 0xEBA4, 0xEBA4, 0xEBA4,
    0xEBA4, 0xEBA4, 0xEBA4, 0xEBA4, 0xEBA4, 0xEBA4, 0xEBA4, 0xEBA4, 0xEBA4, 0xEBA4, 0xEBA4, 0xEBA4,
    0xEBA4, 0xEBA4, 0xEBA4, 0xEBA4, 0xEBA4, 0xEBA4, 0xEBA4, 0xEBA4, 0xFDC3, 0xFDC3, 0xFDC3, 0xFDC3,
    0xFFFF, 0xFFFF, 0xFFFF, 0xFFFF, 0xFFFF, 0xFFFF, 0xFFFF, 0xFFFF, 0xFFFF, 0xFFFF, 0xFFFF, 0xFFFF,
    0xFFFF, 0xFFFF, 0xFFFF, 0xFFFF, 0xFFFF, 0xFFFF, 0xFFFF, 0xFFFF, 0xFFFF, 0xFFFF, 0xFFFF, 0xFFFF,
    0xFFFF, 0xFFFF, 0xFFFF, 0xFFFF, 0xFFFF, 0xFFFF, 0xFFFF, 0xFFFF, 0xFFFF, 0xFFFF, 0xFFFF, 0xFFFF,
    0xFFFF, 0xFFFF, 0xFFFF, 0xFFFF, 0xFFFF, 0xFFFF, 0xFFFF, 0xFFFF, 0xFFFF, 0xFFFF, 0xFFFF, 0xFFFF,
    0xFFFF, 0xFFFF, 0xFFFF, 0xFFFF, 0xFFFF, 0xFFFF, 0xFFFF, 0xFFFF, 0xFFFF, 0xFFFF, 0xFFFF, 0xFFFF,
    0xFFFF, 0xFFFF, 0xFFFF, 0xFFFF, 0xFFFF, 0xFFFF, 0xFFFF, 0xFFFF, 0xFFFF, 0xFFFF, 0xFFFF, 0xFFFF,
    0xFFFF, 0xFFFF, 0xFFFF, 0xFFFF, 0xFFFF, 0xFFFF, 0xFFFF, 0xFFFF, 0xFFFF, 0xFFFF, 0xFFFF, 0xFFFF,
    0xFFFF, 0xFFFF, 0xFFFF, 0xFFFF, 0xEBA4, 0xEBA4, 0xEBA4, 0xEBA4, 0xEBA4, 0xEBA4, 0xEBA4, 0xEBA4,
    0xEBA4, 0xEBA4, 0xEBA4, 0xEBA4, 0xEBA4, 0xEBA4, 0xEBA4, 0xEBA4, 0xEBA4, 0xEBA4, 0xEBA4, 0xEBA4,
    0xEBA4, 0xEBA4, 0xEBA4, 0xEBA4, 0xEBA4, 0xEBA4, 0xEBA4, 0xEBA4, 0xFFFF, 0xFFFF, 0xFFFF, 0xFFFF,
    0xFFFF, 0xFFFF, 0xFFFF, 0xFFFF, 0xFFFF, 0xFFFF, 0xFFFF, 0xFFFF, 0xFFFF, 0xFFFF, 0xFFFF, 0xFFFF,
    0xFFFF, 0xFFFF, 0xFFFF, 0xFFFF, 0xFFFF, 0xFFFF, 0xFFFF, 0xFFFF, 0xFFFF, 0xFFFF, 0xFFFF, 0xFFFF,
    0xFFFF, 0xFFFF, 0xFFFF, 0xFFFF, 0xFFFF, 0xFFFF, 0xFFFF, 0xFFFF, 0xFFFF, 0xFFFF, 0xFFFF, 0xFFFF,
    0xFFFF, 0xFFFF, 0xFFFF, 0xFFFF, 0xFFFF, 0xFFFF, 0xFFFF, 0xFFFF, 0xFFFF, 0xFFFF, 0xFFFF, 0xFFFF,
    0xFFFF, 0xFFFF, 0xFFFF, 0xFFFF, 0xFFFF, 0xFFFF, 0xFFFF, 0xFFFF, 0xFFFF, 0xFFFF, 0xFFFF, 0xFFFF,
    0xFFFF, 0xFFFF, 0xFFFF, 0xFFFF, 0xFFFF, 0xFFFF, 0xFFFF, 0xFFFF, 0xFFFF, 0xFFFF, 0xFFFF, 0xFFFF,
    0xFFFF, 0xFFFF, 0xFFFF, 0xFFFF, 0xFFFF, 0xFFFF, 0xFFFF, 0xFFFF, 0xFFFF, 0xFFFF, 0xFFFF, 0xFFFF,
    0xFFFF, 0xFFFF, 0xFFFF, 0xFFFF, 0xEBA4, 0xEBA4, 0xEBA4, 0xEBA4, 0xEBA4, 0xEBA4, 0xEBA4, 0xEBA4,
    0xEBA4, 0xEBA4, 0xEBA4, 0xEBA4, 0xEBA4, 0xEBA4, 0xEBA4, 0xEBA4, 0xEBA4, 0xEBA4, 0xEBA4, 0xEBA4,
    0xEBA4, 0xEBA4, 0xEBA4, 0xEBA4, 0xEBA4, 0xEBA4, 0xEBA4, 0xEBA4, 0xFFFF, 0xFFFF, 0xFFFF, 0xFFFF,
    0xFFFF, 0xFFFF, 0xFFFF, 0xFFFF, 0xFFFF, 0xFFFF, 0xFFFF, 0xFFFF, 0xFFFF, 0xFFFF, 0xFFFF, 0xFFFF,
    0xFFFF, 0xFFFF, 0xFFFF, 0xFFFF, 0xFFFF, 0xFFFF, 0xFFFF, 0xFFFF, 0xFFFF, 0xFFFF, 0xFFFF, 0xFFFF,
    0xFFFF, 0xFFFF, 0xFFFF, 0xFFFF, 0xFFFF, 0xFFFF, 0xFFFF, 0xFFFF, 0xFFFF, 0xFFFF, 0xFFFF, 0xFFFF,
    0xFFFF, 0xFFFF, 0xFFFF, 0xFFFF, 0xFFFF, 0xFFFF, 0xFFFF, 0xFFFF, 0xFFFF, 0xFFFF, 0xFFFF, 0xFFFF,
    0xFFFF, 0xFFFF, 0xFFFF, 0xFFFF, 0xFFFF, 0xFFFF, 0xFFFF, 0xFFFF, 0xFFFF, 0xFFFF, 0xFFFF, 0xFFFF,
    0xFFFF, 0xFFFF, 0xFFFF, 0xFFFF, 0xFFFF, 0xFFFF, 0xFFFF, 0xFFFF, 0xFFFF, 0xFFFF, 0xFFFF, 0xFFFF,
    0xFFFF, 0xFFFF, 0xFFFF, 0xFFFF, 0xFFFF, 0xFFFF, 0xFFFF, 0xFFFF, 0xFFFF, 0xFFFF, 0xFFFF, 0xFFFF,
    0xFFFF, 0xFFFF, 0xFFFF, 0xFFFF, 0xEBA4, 0xEBA4, 0xEBA4, 0xEBA4, 0xEBA4, 0xEBA4, 0xEBA4, 0xEBA4,
    0xEBA4, 0xEBA4, 0xEBA4, 0xEBA4, 0xEBA4, 0xEBA4, 0xEBA4, 0xEBA4, 0xEBA4, 0xEBA4, 0xEBA4, 0xEBA4,
    0xEBA4, 0xEBA4, 0xEBA4, 0xEBA4, 0xEBA4, 0xEBA4, 0xEBA4, 0xEBA4, 0xFFFF, 0xFFFF, 0xFFFF, 0xFFFF,
    0xFFFF, 0xFFFF, 0xFFFF, 0xFFFF, 0xFFFF, 0xFFFF, 0xFFFF, 0xFFFF, 0xFFFF, 0xFFFF, 0xFFFF, 0xFFFF,
    0xFFFF, 0xFFFF, 0xFFFF, 0xFFFF, 0xFFFF, 0xFFFF, 0xFFFF, 0xFFFF, 0xFFFF, 0xFFFF, 0xFFFF, 0xFFFF,
    0xFFFF, 0xFFFF, 0xFFFF, 0xFFFF, 0xFFFF, 0xFFFF, 0xFFFF, 0xFFFF, 0xFFFF, 0xFFFF, 0xFFFF, 0xFFFF,
    0xFFFF, 0xFFFF, 0xFFFF, 0xFFFF, 0xFFFF, 0xFFFF, 0xFFFF, 0xFFFF, 0xFFFF, 0xFFFF, 0xFFFF, 0xFFFF,
    0xFFFF, 0xFFFF, 0xFFFF, 0xFFFF, 0xFFFF, 0xFFFF, 0xFFFF, 0xFFFF, 0xFFFF, 0xFFFF, 0xFFFF, 0xFFFF,
    0xFFFF, 0xFFFF, 0xFFFF, 0xFFFF, 0xFFFF, 0xFFFF, 0xFFFF, 0xFFFF, 0xFFFF, 0xFFFF, 0xFFFF, 0xFFFF,
    0xFFFF, 0xFFFF, 0xFFFF, 0xFFFF, 0xFFFF, 0xFFFF, 0xFFFF, 0xFFFF, 0xFFFF, 0xFFFF, 0xFFFF, 0xFFFF,
    0xFFFF, 0xFFFF, 0xFFFF, 0xFFFF, 0xEBA4, 0xEBA4, 0xEBA4, 0xEBA4, 0xEBA4, 0xEBA4, 0xEBA4, 0xEBA4,
    0xEBA4, 0xEBA4, 0xEBA4, 0xEBA4, 0xEBA4, 0xEBA4, 0xEBA4, 0xEBA4, 0xEBA4, 0xEBA4, 0xEBA4, 0xEBA4,
    0xEBA4, 0xEBA4, 0xEBA4, 0xEBA4, 0xEBA4, 0xEBA4, 0xEBA4, 0xEBA4, 0xFFFF, 0xFFFF, 0xFFFF, 0xFFFF,
    0xFFFF, 0xFFFF, 0xFFFF, 0xFFFF, 0xFFFF, 0xFFFF, 0xFFFF, 0xFFFF, 0xFFFF, 0xFFFF, 0xFFFF, 0xFFFF,
    0xFFFF, 0xFFFF, 0xFFFF, 0xFFFF, 0xFFFF, 0xFFFF, 0xFFFF, 0xFFFF, 0xFFFF, 0xFFFF, 0xFFFF, 0xFFFF,
    0xFFFF, 0xFFFF, 0xFFFF, 0xFFFF, 0xFFFF, 0xFFFF, 0xFFFF, 0xFFFF, 0xFFFF, 0xFFFF, 0xFFFF, 0xFFFF,
    0xFFFF, 0xFFFF, 0xFFFF, 0xFFFF, 0xFFFF, 0xFFFF, 0xFFFF, 0xFFFF, 0xFFFF, 0xFFFF, 0xFFFF, 0xFFFF,
};

const lv_image_dsc_t emblem_pixel = {
    .header.magic = LV_IMAGE_HEADER_MAGIC,
    .header.cf = LV_COLOR_FORMAT_RGB565,
    .header.w = 120,
    .header.h = 120,
    .header.stride = 240,
    .data_size = sizeof(emblem_pixel_map),
    .data = (const uint8_t *)emblem_pixel_map,
};
